A000;Còlera causat per Vibrio cholerae [vibrió del còlera] 01, biotip cholerae
A001;Còlera causat per Vibrio cholerae [vibrió del còlera] 01, biotip eltor
A009;Còlera no especificat
A010;Febre tifoide
A011;Febre paratifoide A
A012;Febre paratifoide B
A013;Febre paratifoide C
A014;Febre paratifoide no especificada
A020;Enteritis per salmonel·les
A021;Septicèmia per salmonel·les
A022;Infeccions localitzades per salmonel·les
A028;Altres infeccions especificades per salmonel·les
A029;Infecció no especificada per salmonel·les
A030;Shigel·losi causada per Shigella dysenteriae
A031;Shigel·losi causada per Shigella flexneri
A032;Shigel·losi causada per Shigella boydii
A033;Shigel·losi causada per Shigella sonnei
A038;Altres shigel·losis
A039;Shigel·losi no especificada
A040;Infecció per Escherichia coli enteropatogen
A041;Infecció per Escherichia coli enterotoxigen
A042;Infecció per Escherichia coli enteroinvasiu
A043;Infecció per Escherichia coli enterohemorràgic
A044;Altres infeccions intestinals per Escherichia coli
A045;Enteritis per Campylobacter
A046;Enteritis causada per Yersinia enterocolitica
A047;Enterocolitis causada per Clostridium difficile
A048;Altres infeccions intestinals bacterianes especificades
A049;Infecció intestinal bacteriana no especificada
A050;Toxiinfecció alimentària estafilocòccica
A051;Botulisme
A052;Toxiinfecció alimentària per Clostridium perfringens [Clostridium welchii]
A053;Toxiinfecció alimentària per Vibrio parahaemolyticus
A054;Toxiinfecció alimentària per Bacillus cereus
A058;Altres toxiinfeccions alimentàries bacterianes especificades
A059;Toxiinfecció alimentària bacteriana no especificada
A060;Disenteria amèbica aguda
A061;Amebosi intestinal crònica
A062;Colitis amèbica no disentèrica
A063;Ameboma d'intestí
A064;Abscés amèbic hepàtic
A065;Abscés amèbic pulmonar (J99.8**)
A066;Abscés amèbic encefàlic (G07**)
A067;Amebosi cutània
A068;Infecció amèbica d'altres localitzacions
A069;Amebosi no especificada
A070;Balantidiosi
A071;Giardiosi [lambliosi]
A072;Criptosporidiosi
A073;Isosporosi
A078;Altres malalties intestinals protozoàries especificades
A079;Malaltia intestinal protozoària no especificada
A080;Enteritis per rotavirus
A081;Gastroenteropatia aguda produïda pel virus de Norwalk
A082;Enteritis per adenovirus
A083;Altres enteritis víriques
A084;Infecció intestinal vírica no especificada
A085;Altres infeccions intestinals especificades
A150;Tuberculosi pulmonar confirmada per microscòpia d'esput amb cultiu o sense
A151;Tuberculosi pulmonar confirmada per cultiu únicament
A152;Tuberculosi pulmonar confirmada histològicament
A153;Tuberculosi pulmonar confirmada per mitjans no especificats bacteriològicament o histològicament
A154;Tuberculosi de ganglis limfàtics intratoràcics confirmada bacteriològicament i histològicament
A155;Tuberculosi de laringe, tràquea i bronqui confirmada bacteriològicament i histològicament
A156;Pleuresia tuberculosa confirmada bacteriològicament i histològicament
A157;Tuberculosi respiratòria primària confirmada bacteriològicament i histològicament
A158;Altres tuberculosis respiratòries confirmades bacteriològicament i histològicament
A159;Tuberculosi respiratòria no especificada confirmada bacteriològicament i histològicament
A160;Tuberculosi pulmonar bacteriològicament i histològicament negativa
A161;Tuberculosi pulmonar, examen bacteriològic i histològic no realitzat
A162;Tuberculosi pulmonar sense menció de confirmació bacteriològica o histològica
A163;Tuberculosi de ganglis limfàtics intratoràcics sense menció de confirmació bacteriològica o histològica
A164;Tuberculosi de laringe, tràquea i bronqui sense menció de confirmació bacteriològica o histològica
A165;Pleuresia tuberculosa sense menció de confirmació bacteriològica o histològica
A167;Tuberculosi respiratòria primària sense menció de confirmació bacteriològica o histològica
A168;Altres tuberculosis respiratòries sense menció de confirmació bacteriològica o histològica
A169;Tuberculosi respiratòria no especificada sense menció de confirmació bacteriològica o histològica
A170;Meningitis tuberculosa (G01**)
A171;Tuberculoma meningi (G07**)
A178;Altres tuberculosis de sistema nerviós
A179;Tuberculosi del sistema nerviós no especificada (G99.8*)
A180;Tuberculosi d'ossos i articulacions
A181;Tuberculosi d'aparell genitourinari
A182;Limfadenopatia perifèrica tuberculosa
A183;Tuberculosi d'intestins, peritoneu i ganglis mesentèrics
A184;Tuberculosi de pell i teixit subcutani
A185;Tuberculosi d'ull
A186;Tuberculosi d'orella
A187;Tuberculosi de glàndules suprarenals (E35.1**)
A188;Tuberculosi d'altres òrgans especificats
A190;Tuberculosi miliar aguda de localització única especificada
A191;Tuberculosi miliar aguda de localitzacions múltiples
A192;Tuberculosi miliar aguda no especificada
A198;Altres tuberculosis miliars
A199;Tuberculosi miliar no especificada
A200;Pesta bubònica
A201;Pesta cel·lulocutània
A202;Pesta pneumònica
A203;Meningitis per pesta
A207;Pesta septicèmica
A208;Altres formes de pesta
A209;Pesta no especificada
A210;Tularèmia ulceroganglionar
A211;Tularèmia oculoganglionar
A212;Tularèmia pulmonar
A213;Tularèmia gastrointestinal
A217;Tularèmia generalitzada
A218;Altres formes de tularèmia
A219;Tularèmia no especificada
A220;Carboncle cutani
A221;Carboncle pulmonar
A222;Carboncle gastrointestinal
A227;Septicèmia carbonculosa
A228;Altres formes de carboncle
A229;Carboncle no especificat
A230;Brucel·losi per Brucella melitensis
A231;Brucel·losi per Brucella abortus
A232;Brucel·losi per Brucella suis
A233;Brucel·losi per Brucella canis
A238;Altres brucel·losis
A239;Brucel·losi no especificada
A240;Borm
A241;Melioïdosi aguda i fulminant
A242;Melioïdosi subaguda i crònica
A243;Altres melioïdosis
A244;Melioïdosi no especificada
A250;Espiril·losi
A251;Estreptobacil·losi
A259;Febre no especificada per mossegada de rata
A260;Erisipeloide cutània
A267;Septicèmia per Erysipelothrix
A268;Altres formes d'erisipeloide
A269;Erisipeloide no especificada
A270;Leptospirosi icterohemorràgica
A278;Altres formes de leptospirosi
A279;Leptospirosi no especificada
A280;Pasteurel·losi
A281;Malaltia per esgarrapada de gat
A282;Yersiniosi extraintestinal
A288;Altres malalties bacterianes zoonòtiques especificades no classificades a cap altre lloc
A289;Malaltia bacteriana zoonòtica no especificada
A300;Lepra indeterminada
A301;Lepra tuberculoide
A302;Lepra tuberculoide límit
A303;Lepra límit
A304;Lepra lepromatosa límit
A305;Lepra lepromatosa
A308;Altres formes de lepra
A309;Lepra no especificada
A310;Infecció micobacteriana pulmonar
A311;Infecció micobacteriana cutània
A318;Altres infeccions micobacterianes
A319;Infecció micobacteriana no especificada
A320;Listeriosi cutània
A321;Meningitis i meningoencefalitis listeriòtiques
A327;Septicèmia listeriòtica
A328;Altres formes de listeriosi
A329;Listeriosi no especificada
A360;Diftèria faríngia
A361;Diftèria rinofaríngia
A362;Diftèria laríngia
A363;Diftèria cutània
A368;Altres diftèries
A369;Diftèria no especificada
A370;Tos ferina causada per Bordetella pertussis
A371;Tos ferina causada per Bordetella parapertussis
A378;Tos ferina causada per altres espècies de Bordetella
A379;Tos ferina no especificada
A390;Meningitis meningocòccica (G01**)
A391;Síndrome de Waterhouse-Friderichsen (E35.1**)
A392;Meningococcèmia aguda
A393;Meningococcèmia crònica
A394;Meningococcèmia no especificada
A395;Cardiopatia meningocòccica
A398;Altres infeccions meningocòcciques
A399;Infecció meningocòccica no especificada
A400;Septicèmia causada per estreptococs, grup A
A401;Septicèmia causada per estreptococs, grup B
A402;Septicèmia causada per estreptococs, grup D
A403;Septicèmia causada per Streptococcus pneumoniae
A408;Altres septicèmies estreptocòcciques
A409;Septicèmia estreptocòccica no especificada
A410;Septicèmia causada per Staphylococcus aureus
A411;Septicèmia causada per altres estafilococs especificats
A412;Septicèmia causada per estafilococs no especificats
A413;Septicèmia causada per Haemophilus influenzae
A414;Septicèmia causada per anaerobis
A415;Septicèmia causada per altres microorganismes gramnegatius
A418;Altres septicèmies especificades
A419;Septicèmia no especificada
A420;Actinomicosi pulmonar
A421;Actinomicosi abdominal
A422;Actinomicosi cervicofacial
A427;Septicèmia actinomicòtica
A428;Altres formes d'actinomicosi
A429;Actinomicosi no especificada
A430;Nocardiosi pulmonar
A431;Nocardiosi cutània
A438;Altres formes de nocardiosi
A439;Nocardiosi no especificada
A440;Bartonel·losi sistèmica
A441;Bartonel·losi cutània i mucocutània
A448;Altres formes de bartonel·losi
A449;Bartonel·losi no especificada
A480;Gangrena gasosa
A481;Malaltia dels legionaris
A482;Malaltia dels legionaris no pneumòtica [febre de Pontiac]
A483;Síndrome del xoc tòxic
A484;Febre purpúrica brasilera
A488;Altres malalties bacterianes especificades
A490;Infecció estafilocòccica de localització no especificada
A491;Infecció estreptocòccica de localització no especificada
A492;Infecció per Haemophilus influenzae de localització no especificada
A493;Infecció per micoplasmes de localització no especificada
A498;Altres infeccions bacterianes de localització no especificada
A499;Infecció bacteriana no especificada
A500;Sífilis congènita precoç simptomàtica
A501;Sífilis congènita precoç latent
A502;Sífilis congènita precoç no especificada
A503;Oftalmopatia sifilítica congènita tardana
A504;Neurosífilis congènita tardana [neurosífilis juvenil]
A505;Altres tipus de sífilis congènita tardana simptomàtica
A506;Sífilis congènita tardana latent
A507;Sífilis congènita tardana no especificada
A509;Sífilis congènita no especificada
A510;Sífilis genital primària
A511;Sífilis anal primària
A512;Sífilis primària d'altres localitzacions
A513;Sífilis secundària de pell i mucoses
A514;Altres sífilis secundàries
A515;Sífilis precoç latent
A519;Sífilis precoç no especificada
A520;Sífilis cardiovascular
A521;Neurosífilis simptomàtica
A522;Neurosífilis asimptomàtica
A523;Neurosífilis no especificada
A527;Altres tipus de sífilis tardanes simptomàtiques
A528;Sífilis tardana latent
A529;Sífilis tardana no especificada
A530;Sífilis latent no especificada com a precoç o tardana
A539;Sífilis no especificada
A540;Infecció gonocòccica del tracte genitourinari inferior sense abscés periuretral o de les glàndules accessòries
A541;Infecció gonocòccica del tracte genitourinari inferior amb abscés periuretral i de la glàndula accessòria
A542;Pelviperitonitis gonocòccica i altres infeccions genitourinàries
A543;Infecció gonocòccica d'ull
A544;Infecció gonocòccica de sistema musculoesquelètic
A545;Faringitis gonocòccica
A546;Infecció gonocòccica d'anus i recte
A548;Altres infeccions gonocòcciques
A549;Infecció gonocòccica no especificada
A560;Infecció per clamídies de tracte genitourinari inferior
A561;Infecció per clamídies de pelviperitoneu i altres òrgans genitourinaris
A562;Infecció per clamídies no especificada de tracte genitourinari
A563;Infecció per clamídies d'anus i recte
A564;Infecció per clamídies de faringe
A568;Infecció per clamídies de transmissió sexual d'altres localitzaccions
A590;Tricomonosi urogenital
A598;Tricomonosi d'altres localitzacions
A599;Tricomonosi no especificada
A600;Infecció per herpesvirus de genitals i tracte urogenital
A601;Infecció per herpesvirus de pell perianal i recte
A609;Infecció anogenital per herpesvirus no especificada
A630;Berrugues anogenitals (venèries)
A638;Altres malalties especificades de transmissió sobretot sexual
A660;Lesions inicials de pian
A661;Papil·lomatosi múltiple i pian plantar
A662;Altres lesions cutànies precoces de pian
A663;Hiperqueratosi de pian
A664;Gomes i úlceres de pian
A665;Gangosa
A666;Lesions d'ossos i articulacions de pian
A667;Altres manifestacions de pian
A668;Pian latent
A669;Pian no especificat
A670;Lesions primàries de pinta
A671;Lesions intermèdies de pinta
A672;Lesions tardanes de pinta
A673;Lesions mixtes de pinta
A679;Pinta no especificada
A680;Febre recurrent transmesa per polls
A681;Febre recurrent transmesa per paparres
A689;Febre recurrent no especificada
A690;Estomatitis necrosant ulcerosa
A691;Altres infeccions de Vincent
A692;Malaltia de Lyme
A698;Altres infeccions espiroquetals especificades
A699;Infecció espiroquetal no especificada
A710;Fase inicial de tracoma
A711;Fase activa de tracoma
A719;Tracoma no especificat
A740;Conjuntivitis per clamídies (H13.1**)
A748;Altres malalties per clamídies
A749;Infecció per clamídies no especificada
A750;Tifus epidèmic transmès per polls causat per Rickettsia prowazekii
A751;Tifus recurrent [malaltia de Brill]
A752;Tifus causat per Rickettsia typhi
A753;Tifus causat per Orientia tsutsugamushi [Rickettsia tsutsugamushi]
A759;Tifus no especificat
A770;Febre maculosa causada per Rickettsia rickettsii
A771;Febre maculosa causada per Rickettsia conorii
A772;Febre maculosa causada per Rickettsia sibirica
A773;Febre maculosa causada per Rickettsia australis
A778;Altres febres maculoses
A779;Febre maculosa no especificada
A790;Febre de les trinxeres
A791;Rickettsiosi exantemàtica causada per Rickettsia akari
A798;Altres rickettsiosis especificades
A799;Rickettsiosi no especificada
A800;Poliomielitis paralítica aguda associada a vacuna
A801;Poliomielitis paralítica aguda per virus salvatge, importada
A802;Poliomielitis paralítica aguda per virus salvatge, autòctona
A803;Altres poliomielitis paralítiques agudes i poliomielitis paralítiques agudes no especificades
A804;Poliomielitis aguda no paralítica
A809;Poliomielitis aguda no especificada
A810;Malaltia de Creutzfeldt-Jakob
A811;Panencefalitis esclerosant subaguda
A812;Leucoencefalopatia multifocal progressiva
A818;Altres infeccions del sistema nerviós central per virus atípics
A819;Infecció no especificada del sistema nerviós central per virus atípics
A820;Ràbia salvatge
A821;Ràbia urbana
A829;Ràbia no especificada
A830;Encefalitis japonesa
A831;Encefalitis equina de l'oest
A832;Encefalitis equina de l'est
A833;Encefalitis de Saint Louis
A834;Encefalitis australiana
A835;Encefalitis de Califòrnia
A836;Malaltia pel virus de Rocio
A838;Altres encefalitis víriques transmeses per mosquits
A839;Encefalitis vírica no especificada transmesa per mosquits
A840;Encefalitis de l'Extrem Orient transmesa per paparres [encefalitis russa vernoestival]
A841;Encefalitis centreeuropea transmesa per paparres
A848;Altres encefalitis víriques transmeses per paparres
A849;Encefalitis vírica no especificada transmesa per paparres
A850;Encefalitis per enterovirus (G05.1**)
A851;Encefalitis per adenovirus (G05.1**)
A852;Encefalitis vírica no especificada transmesa per artròpodes
A858;Altres encefalitis víriques especificades
A870;Meningitis per enterovirus (G02.0**)
A871;Meningitis per adenovirus (G02.0**)
A872;Coriomeningitis limfocítica
A878;Altres meningitis víriques
A879;Meningitis vírica no especificada
A880;Febre exantemàtica per enterovirus [exantema de Boston]
A881;Vertigen epidèmic
A888;Altres infeccions víriques especificades del sistema nerviós central
A920;Malaltia pel virus de Chikungunya
A921;Febre O'nyong-nyong
A922;Febre equina veneçolana
A923;Infecció pel virus del Nil occidental
A924;Febre de la vall de Rift
A928;Altres febres víriques especificades transmeses per mosquits
A929;Febre vírica no especificada transmesa per mosquits
A930;Malaltia pel virus d'Oropouche
A931;Febre per mosca de la sorra
A932;Febre del Colorado per paparres
A938;Altres febres víriques especificades transmeses per paparres
A950;Febre groga selvàtica
A951;Febre groga urbana
A959;Febre groga no especificada
A960;Febre hemorràgica pel virus de Junín
A961;Febre hemorràgica pel virus de Machupo
A962;Febre de Lassa
A968;Altres febres hemorràgiques per arenavirus
A969;Febre hemorràgica per arenavirus no especificada
A980;Febre hemorràgica de Crimea-Congo
A981;Febre hemorràgica d'Omsk
A982;Malaltia del bosc de Kyasanur
A983;Malaltia pel virus de Marburg
A984;Malaltia pel virus d'Ebola
A985;Febre hemorràgica amb síndrome renal
A988;Altres febres hemorràgiques víriques especificades
B000;Èczema herpètic
B001;Dermatitis vesicular per herpesvirus
B002;Gingivostomatitis i faringoamigdalitis per herpesvirus
B003;Meningitis per herpesvirus (G02.0**)
B004;Encefalitis per herpesvirus (G05.1**)
B005;Malaltia ocular per herpesvirus
B007;Malaltia disseminada per herpesvirus
B008;Altres formes d'infecció per herpesvirus
B009;Infecció per herpesvirus no especificada
B010;Meningitis per varicel·la (G02.0**)
B011;Encefalitis per varicel·la (G05.1**)
B012;Pneumònia per varicel·la (J17.1**)
B018;Varicel·la amb altres complicacions
B019;Varicel·la sense complicació
B020;Encefalitis per herpes zòster (G05.1**)
B021;Meningitis per herpes zòster (G02.0**)
B022;Herpes zòster amb altres afectacions del sistema nerviós
B023;Malaltia ocular per herpes zòster
B027;Herpes zòster disseminat
B028;Herpes zòster amb altres complicacions
B029;Herpes zòster sense complicació
B050;Xarampió complicat per encefalitis (G05.1**)
B051;Xarampió complicat per meningitis (G02.0**)
B052;Xarampió complicat per pneumònia (J17.1**)
B053;Xarampió complicat per otitis mitjana (H67.1**)
B054;Xarampió amb complicacions intestinals
B058;Xarampió amb altres complicacions
B059;Xarampió sense complicació
B060;Rubèola amb complicacions neurològiques
B068;Rubèola amb altres complicacions
B069;Rubèola sense complicació
B080;Altres infeccions per ortopoxvirus
B081;Mol·lusc contagiós
B082;Exantema sobtat [sisena malaltia]
B083;Eritema infecciós [cinquena malaltia]
B084;Estomatitis vesicular per enterovirus amb exantema
B085;Faringitis vesicular per enterovirus
B088;Altres infeccions víriques especificades caracteritzades per lesions a la pell i a les mucoses
B150;Hepatitis A amb coma hepàtic
B159;Hepatitis A sense coma hepàtic
B160;Hepatitis B aguda amb virus delta (coinfecció) amb coma hepàtic
B161;Hepatitis B aguda amb virus delta (coinfecció) sense coma hepàtic
B162;Hepatitis B aguda sense virus delta amb coma hepàtic
B169;Hepatitis B aguda sense virus delta i sense coma hepàtic
B170;Infecció o sobreinfecció delta aguda de portador d'hepatitis B
B171;Hepatitis C aguda
B172;Hepatitis E aguda
B178;Altres hepatitis víriques agudes especificades
B180;Hepatitis B crònica amb virus delta
B181;Hepatitis B crònica sense virus delta
B182;Hepatitis C crònica
B188;Altres hepatitis víriques cròniques
B189;Hepatitis vírica crònica no especificada
B190;Hepatitis vírica no especificada amb coma hepàtic
B199;Hepatitis vírica no especificada sense coma hepàtic humana [VIH] (Z21)
B200;Malaltia pel VIH que provoca infecció micobacteriana
B201;Malaltia pel VIH que provoca altres infeccions bacterianes
B202;Malaltia pel VIH que provoca malaltia per citomegalovirus
B203;Malaltia pel VIH que provoca altres infeccions víriques
B204;Malaltia pel VIH que provoca candidosi
B205;Malaltia pel VIH que provoca altres micosis
B206;Malaltia pel VIH que provoca pneumònia per Pneumocystis jirovecii
B207;Malaltia pel VIH que provoca infeccions múltiples
B208;Malaltia pel VIH que provoca altres malalties infeccioses i parasitàries
B209;Malaltia pel VIH que provoca malaltia infecciosa o parasitària no especificades
B210;Malaltia pel VIH que provoca sarcoma de Kaposi
B211;Malaltia pel VIH que provoca limfoma de Burkitt
B212;Malaltia pel VIH que provoca altres tipus de limfomes no hodgkinians
B213;Malaltia pel VIH que provoca altres neoplàsies malignes de teixit limfoide, teixit hematopoètic i teixits relacionats
B217;Malaltia pel VIH que provoca neoplàsies malignes múltiples
B218;Malaltia pel VIH que provoca altres neoplàsies malignes
B219;Malaltia pel VIH que provoca neoplàsia maligna no especificada
B220;Malaltia pel VIH que provoca encefalopatia
B221;Malaltia pel VIH que provoca pneumonitis intersticial limfoide
B222;Malaltia pel VIH que provoca caquèxia
B227;Malaltia pel VIH que provoca malalties múltiples classificades en un altre lloc
B230;Síndrome d'infecció pel VIH aguda
B231;Malaltia pel VIH que provoca limfadenopatia generalitzada
B232;Malaltia pel VIH que provoca anomalies hematològiques i immunològiques no classificades a cap altre lloc
B238;Malaltia pel VIH que provoca altres afeccions especificades
B250;Pneumonitis per citomegalovirus (J17.1**)
B251;Hepatitis per citomegalovirus (K77.0**)
B252;Pancreatitis per citomegalovirus (K87.1**)
B258;Altres malalties citomegalovíriques
B259;Malaltia citomegalovírica no especificada
B260;Orquitis per parotiditis (N51.1**)
B261;Meningitis per parotiditis (G02.0**)
B262;Encefalitis per parotiditis (G05.1**)
B263;Pancreatitis per parotiditis (K87.1**)
B268;Parotiditis amb altres complicacions
B269;Parotiditis sense complicació
B270;Mononucleosi per herpesvirus gamma
B271;Mononucleosi per citomegalovirus
B278;Altres mononucleosis infeccioses
B279;Mononucleosi infecciosa no especificada
B300;Queratoconjuntivitis produïda per adenovirus (H19.2**)
B301;Conjuntivitis produïda per adenovirus (H13.1**)
B302;Faringoconjuntivitis vírica
B303;Conjuntivitis hemorràgica epidèmica aguda (per enterovirus)
B308;Altres conjuntivitis víriques (H13.1**)
B309;Conjuntivitis vírica no especificada
B330;Miàlgia epidèmica
B331;Malaltia del riu Ross
B332;Carditis vírica
B333;Infeccions per retrovirus no classificades a cap altre lloc
B334;Síndrome pulmonar (cardiopulmonar) per hantavirus [SPH] [SCPH]
B338;Altres malalties víriques especificades
B340;Infecció per adenovirus de localització no especificada
B341;Infecció per enterovirus de localització no especificada
B342;Infecció per coronavirus de localització no especificada
B343;Infecció per parvovirus de localització no especificada
B344;Infecció per papovavirus de localització no especificada
B348;Altres infeccions víriques de localització no especificada
B349;Infecció vírica no especificada
B350;Tinya de la barba i del cap
B351;Tinya de les ungles
B352;Tinya de les mans
B353;Tinya dels peus
B354;Tinya del cos
B355;Tinya imbricada
B356;Tinya crural
B358;Altres dermatofitosis
B359;Dermatofitosi no especificada
B360;Pitiriasi versicolor
B361;Tinya negra
B362;Tricosporosi [piedra] blanca
B363;Tricosporosi [piedra] negra
B368;Altres micosis superficials especificades
B369;Micosi superficial no especificada
B370;Estomatitis per càndides
B371;Candidosi pulmonar
B372;Candidosi de pell i ungles
B373;Candidosi de vulva i vagina (N77.1**)
B374;Candidosi d'altres parts urogenitals
B375;Meningitis per càndides (G02.1**)
B376;Endocarditis per càndides (I39.8**)
B377;Septicèmia per càndides
B378;Candidosi d'altres localitzacions
B379;Candidosi no especificada
B380;Coccidioidomicosi pulmonar aguda
B381;Coccidioidomicosi pulmonar crònica
B382;Coccidioidomicosi pulmonar no especificada
B383;Coccidioidomicosi cutània
B384;Meningitis per coccidioidomicosi (G02.1**)
B387;Coccidioidomicosi disseminada
B388;Altres formes de coccidioidomicosi
B389;Coccidioidomicosi no especificada
B390;Infecció pulmonar aguda per Histoplasma capsulatum
B391;Infecció pulmonar crònica per Histoplasma capsulatum
B392;Infecció pulmonar no especificada per Histoplasma capsulatum
B393;Infecció disseminada per Histoplasma capsulatum
B394;Infecció no especificada per Histoplasma capsulatum
B395;Infecció per Histoplasma duboisii
B399;Histoplasmosi no especificada
B400;Blastomicosi pulmonar aguda
B401;Blastomicosi pulmonar crònica
B402;Blastomicosi pulmonar no especificada
B403;Blastomicosi cutània
B407;Blastomicosi disseminada
B408;Altres formes de blastomicosi
B409;Blastomicosi no especificada
B410;Paracoccidioidomicosi pulmonar
B417;Paracoccidioidomicosi disseminada
B418;Altres formes de paracoccidioidomicosi
B419;Paracoccidioidomicosi no especificada
B420;Esporotricosi pulmonar (J99.8**)
B421;Esporotricosi limfocutània
B427;Esporotricosi disseminada
B428;Altres formes d'esporotricosi
B429;Esporotricosi no especificada
B430;Cromomicosi cutània
B431;Abscés encefàlic feohifomicòtic
B432;Quist i abscés feohifomicòtics subcutanis
B438;Altres formes de cromomicosi
B439;Cromomicosi no especificada
B440;Aspergil·losi pulmonar invasiva
B441;Altres aspergil·losis pulmonars
B442;Aspergil·losi amigdalina
B447;Aspergil·losi disseminada
B448;Altres formes d'aspergil·losi
B449;Aspergil·losi no especificada
B450;Criptococcosi pulmonar
B451;Criptococcosi cerebral
B452;Criptococcosi cutània
B453;Criptococcosi òssia
B457;Criptococcosi disseminada
B458;Altres formes de criptococcosi
B459;Criptococcosi no especificada
B460;Mucormicosi pulmonar
B461;Mucormicosi rinocerebral
B462;Mucormicosi gastrointestinal
B463;Mucormicosi cutània
B464;Mucormicosi disseminada
B465;Mucormicosi no especificada
B468;Altres zigomicosis
B469;Zigomicosi no especificada
B470;Eumicetoma
B471;Actinomicetoma
B479;Micetoma no especificat
B480;Lobomicosi
B481;Rinosporidiosi
B482;Al·lesqueriosi
B483;Geotricosi
B484;Penicil·liosi
B487;Micosis per gèrmens oportunistes
B488;Altres micosis especificades
B500;Paludisme produït per Plasmodium falciparum amb complicacions cerebrals
B508;Altres paludismes greus i complicats produïts per Plasmodium falciparum
B509;Paludisme no especificat produït per Plasmodium falciparum
B510;Paludisme produït per Plasmodium vivax amb ruptura de melsa
B518;Paludisme produït per Plasmodium vivax amb altres complicacions
B519;Paludisme produït per Plasmodium vivax sense complicació
B520;Paludisme produït per Plasmodium malariae amb nefropatia
B528;Paludisme produït per Plasmodium malariae amb altres complicacions
B529;Paludisme produït per Plasmodium malariae sense complicació
B530;Paludisme produït per Plasmodium ovale
B531;Paludisme produït per Plasmodium simium
B538;Altres paludismes confirmats parasitològicament no classificats a cap altre lloc
B550;Leishmaniosi visceral
B551;Leishmaniosi cutània
B552;Leishmaniosi mucocutània
B559;Leishmaniosi no especificada
B560;Tripanosomosi gambiana
B561;Tripanosomosi rhodesiana
B569;Tripanosomosi africana no especificada
B570;Malaltia de Chagas aguda amb afectació cardíaca (I41.2**, I98.1**)
B571;Malaltia de Chagas aguda sense afectació cardíaca
B572;Malaltia de Chagas (crònica) amb afectació cardíaca
B573;Malaltia de Chagas (crònica) amb afectació de l'aparell digestiu
B574;Malaltia de Chagas (crònica) amb afectació del sistema nerviós
B575;Malaltia de Chagas (crònica) amb afectació d'un altre òrgan
B580;Oftalmopatia per toxoplasmes
B581;Hepatitis per toxoplasmes (K77.0**)
B582;Meningoencefalitis per toxoplasmes (G05.2**)
B583;Toxoplasmosi pulmonar (J17.3**)
B588;Toxoplasmosi amb afectació d'un altre òrgan
B589;Toxoplasmosi no especificada
B600;Babesiosi
B601;Acantamebosi
B602;Negleriosi
B608;Altres protozoosis especificades
B650;Esquistosomosi produïda per Schistosoma haematobium [esquistosomosi urinària]
B651;Esquistosomosi produïda per Schistosoma mansoni [esquistosomosi intestinal]
B652;Esquistosomosi produïda per Schistosoma japonicum
B653;Dermatitis per cercàries
B658;Altres esquistosomosis
B659;Esquistosomosi no especificada
B660;Opistorquiosi
B661;Clonorquiosi
B662;Dicroceliosi
B663;Fasciolosi
B664;Paragonimosi
B665;Fasciolopsiosi
B668;Altres infestacions per trematodes especificades
B669;Infestació per trematodes no especificada
B670;Infestació hepàtica per Echinococcus granulosus
B671;Infestació pulmonar per Echinococcus granulosus
B672;Infestació òssia per Echinococcus granulosus
B673;Infestació per Echinococcus granulosus d'altres localitzacions i localitzacions múltiples
B674;Infestació per Echinococcus granulosus no especificada
B675;Infestació hepàtica per Echinococcus multilocularis
B676;Infestació per Echinococcus multilocularis d'altres localitzacions i localitzacions múltiples
B677;Infestació per Echinococcus multilocularis no especificada
B678;Equinococcosi hepàtica no especificada
B679;Altres tipus d'equinococcosi i equinococcosis no especificades
B680;Teniosi per Taenia solium
B681;Teniosi per Taenia saginata
B689;Teniosi no específica
B690;Cisticercosi de sistema nerviós central
B691;Cisticercosi d'ull
B698;Cisticercosi d'altres localitzacions
B699;Cisticercosi no especificada
B700;Difil·lobotriosi
B701;Esparganosi
B710;Himenolepiosi
B711;Dipilidiosi
B718;Altres infestacions per cestodes especificades
B719;Infestació per cestodes no especificada
B740;Filariosi per Wuchereria brancofti
B741;Filariosi per Brugia malayi
B742;Filariosi per Brugia timori
B743;Loaosi
B744;Mansonel·losi
B748;Altres filariosis
B749;Filariosi no especificada
B760;Ancilostomosi [ancilostomiasi]
B761;Necatorosi
B768;Altres malalties provocades per ancilòstoms
B769;Malaltia no especificada provocada per ancilòstoms
B770;Ascariosi amb complicacions intestinals
B778;Ascariosi amb altres complicacions
B779;Ascariosi no especificada
B780;Estrongiloïdosi intestinal
B781;Estrongiloïdosi cutània
B787;Estrongiloïdosi disseminada
B789;Estrongiloïdosi no especificada
B810;Anisakiosi
B811;Capil·lariosi intestinal
B812;Tricostrongilosi
B813;Angiostrongilosi intestinal
B814;Helmintosis intestinals mixtes
B818;Altres helmintosis intestinals especificades
B820;Helmintosi intestinal no especificada
B829;Parasitisme intestinal no especificat
B830;Larva migrant visceral
B831;Gnatostomosi
B832;Angiostrongilosi produïda per Angiostrongylus cantonensis
B833;Singamosi
B834;Hirudinosi interna
B838;Altres helmintosis especificades
B839;Helmintosi no especificada
B850;Pediculosi per Pediculus humanus capitis
B851;Pediculosi per Pediculus humanus corporis
B852;Pediculosi no especificada
B853;Ftiriosi
B854;Pediculosi i ftiriosi mixtes
B870;Miasi cutània
B871;Miasi de les ferides
B872;Miasi ocular
B873;Miasi rinofaríngia
B874;Miasi auricular
B878;Miasi d'altres localitzacions
B879;Miasi no especificada
B880;Altres acarosis
B881;Tungosi [infestació per puça de la sorra]
B882;Altres infestacions per atròpodes
B883;Hirudinosi externa
B888;Altres infestacions especificades
B889;Infestació no especificada
B900;Seqüeles de tuberculosi del sistema nerviós central
B901;Seqüeles de tuberculosi genitourinària
B902;Seqüeles de tuberculosi d'ossos i articulacions
B908;Seqüeles de tuberculosi d'altres òrgans
B909;Seqüeles de tuberculosi respiratòria i seqüeles de tuberculosi no especificada
B940;Seqüeles de tracoma
B941;Seqüeles d'encefalitis vírica
B942;Seqüeles d'hepatitis vírica
B948;Seqüeles d'altres malalties infeccioses i parasitàries especificades
B949;Seqüeles de malaltia infecciosa o parasitària no especificades
B950;Estreptococs, grup A, que causen malalties classificades en altres capítols
B951;Estreptococs, grup B, que causen malalties classificades en altres capítols
B952;Estreptococs, grup D, que causen malalties classificades en altres capítols
B953;Streptococcus pneumoniae que causa malalties classificades en altres capítols
B954;Altres estreptococs que causen malalties classificades en altres capítols
B955;Estreptococs no especificats que causen malalties classificades en altres capítols
B956;Staphylococcus aureus que causa malalties classificades en altres capítols
B957;Altres estafilococs que causen malalties classificades en altres capítols
B958;Estafilococs no especificats que causen malalties classificades en altres capítols
B960;Mycoplasma pneumoniae [M. pneumoniae] que causa malalties classificades en altres capítols
B961;Klebsiella pneumoniae [K. pneumoniae] que causa malalties classificades en altres capítols
B962;Escherichia coli [E. coli] que causa malalties classificades en altres capítols
B963;Haemophilus influenzae [H. influenzae] que causa malalties classificades en altres capítols
B964;Proteus (mirabilis) (morganii) que causa malalties classificades en altres capítols
B965;Pseudomonas (aeruginosa) (mallei) (pseudomallei) que causa malalties classificades en altres capítols
B966;Bacteroides fragilis [B. fragilis] [Bacillus fragilis] que causa malalties classificades en altres capítols
B967;Clostridium perfringens [C. perfringens] que causa malalties classificades en altres capítols
B968;Altres agents bacterians especificats que causen malalties classificades en altres capítols
B970;Adenovirus que causa malalties classificades en altres capítols
B971;Enterovirus que causa malalties classificades en altres capítols
B972;Coronavirus que causa malalties classificades en altres capítols
B973;Retrovirus que causa malalties classificades en altres capítols
B974;Virus respiratori sincicial que causa malalties classificades en altres capítols
B975;Reovirus que causa malalties classificades en altres capítols
B976;Parvovirus que causa malalties classificades en altres capítols
B977;Papil·lomavirus que causa malalties classificades en altres capítols
B978;Altres agents vírics que causen malalties classificades en altres capítols
C000;Neoplàsia maligna: Llavi superior extern
C001;Neoplàsia maligna: Llavi inferior extern
C002;Neoplàsia maligna: Llavi extern no especificat
C003;Neoplàsia maligna: Llavi superior, cara interna
C004;Neoplàsia maligna: Llavi inferior, cara interna
C005;Neoplàsia maligna: Llavi no especificat, cara interna
C006;Neoplàsia maligna: Comissura del llavi
C008;Neoplàsia maligna: Lesió contigua o sobreposada de llavi
C009;Neoplàsia maligna: Llavi, part no especificada
C020;Neoplàsia maligna: Superfície dorsal de la llengua
C021;Neoplàsia maligna: Vora de la llengua
C022;Neoplàsia maligna: Superfície ventral de la llengua
C023;Neoplàsia maligna: Els dos terços anteriors de la llengua, part no especificada
C024;Neoplàsia maligna: Amígdala lingual
C028;Neoplàsia maligna: Lesió contigua o sobreposada de la llengua
C029;Neoplàsia maligna: Llengua, part no especificada
C030;Neoplàsia maligna: Geniva superior
C031;Neoplàsia maligna: Geniva inferior
C039;Neoplàsia maligna: Geniva, part no especificada
C040;Neoplàsia maligna: Sòl anterior de la boca
C041;Neoplàsia maligna: Sòl lateral de la boca
C048;Neoplàsia maligna: Lesió contigua o sobreposada del sòl de la boca
C049;Neoplàsia maligna: Sòl de la boca, part no especificada
C050;Neoplàsia maligna: Paladar dur
C051;Neoplàsia maligna: Paladar tou
C052;Neoplàsia maligna: Úvula
C058;Neoplàsia maligna: Lesió palatal contigua o sobreposada
C059;Neoplàsia maligna: Paladar, part no especificada
C060;Neoplàsia maligna: Mucosa de la galta
C061;Neoplàsia maligna: Vestíbul de la boca
C062;Neoplàsia maligna: Àrea retromolar
C068;Neoplàsia maligna: Lesió contigua o sobreposada d'altres parts de la boca i de parts de la boca no especificades
C069;Neoplàsia maligna: Boca, part no especificada
C080;Neoplàsia maligna: Glàndula submandibular
C081;Neoplàsia maligna: Glàndula sublingual
C088;Neoplàsia maligna: Lesió contigua o sobreposada de les glàndules salivals majors
C089;Neoplàsia maligna: Glàndula salival major no especificada
C090;Neoplàsia maligna: Fossa amigdalina
C091;Neoplàsia maligna: Pilar del vel del paladar (anterior) (posterior)
C098;Neoplàsia maligna: Lesió contigua o sobreposada d'amígdala
C099;Neoplàsia maligna: Amígdala, part no especificada
C100;Neoplàsia maligna: Val·lècula
C101;Neoplàsia maligna: Cara anterior de l'epiglotis
C102;Neoplàsia maligna: Paret lateral de l'orofaringe
C103;Neoplàsia maligna: Paret posterior de l'orofaringe
C104;Neoplàsia maligna: Fenedura branquial
C108;Neoplàsia maligna: Lesió contigua o sobreposada d'orofaringe
C109;Neoplàsia maligna: Orofaringe, part no especificada
C110;Neoplàsia maligna: Paret superior de la rinofaringe
C111;Neoplàsia maligna: Paret posterior de la rinofaringe
C112;Neoplàsia maligna: Paret lateral de la rinofaringe
C113;Neoplàsia maligna: Paret anterior de la rinofaringe
C118;Neoplàsia maligna: Lesió contigua o sobreposada de la rinofaringe
C119;Neoplàsia maligna: Rinofaringe, part no especificada
C130;Neoplàsia maligna: Regió postcricoïdal
C131;Neoplàsia maligna: Plec aritenoepiglòtic, cara hipofaríngia
C132;Neoplàsia maligna: Paret posterior de la hipofaringe
C138;Neoplàsia maligna: Lesió contigua o sobreposada de la hipofaringe
C139;Neoplàsia maligna: Hipofaringe, part no especificada
C140;Neoplàsia maligna: Faringe, part no especificada
C142;Neoplàsia maligna: Anell de Waldeyer
C148;Neoplàsia maligna: Lesió contigua o sobreposada del llavi, la cavitat oral i la faringe
C150;Neoplàsia maligna: Part cervical de l'esòfag
C151;Neoplàsia maligna: Part toràcica de l'esòfag
C152;Neoplàsia maligna: Part abdominal de l'esòfag
C153;Neoplàsia maligna: Terç superior de l'esòfag
C154;Neoplàsia maligna: Terç mitjà de l'esòfag
C155;Neoplàsia maligna: Terç inferior de l'esòfag
C158;Neoplàsia maligna: Lesió contigua o sobreposada de l'esòfag
C159;Neoplàsia maligna: Esòfag, part no especificada
C160;Neoplàsia maligna: Càrdies
C161;Neoplàsia maligna: Fons de l'estómac
C162;Neoplàsia maligna: Cos de l'estómac
C163;Neoplàsia maligna: Antre pilòric
C164;Neoplàsia maligna: Pílor
C165;Neoplàsia maligna: Curvatura menor de l'estómac, part no especificada
C166;Neoplàsia maligna: Curvatura major de l'estómac, part no especificada
C168;Neoplàsia maligna: Lesió contigua o sobreposada de l'estómac
C169;Neoplàsia maligna: Estómac, part no especificada
C170;Neoplàsia maligna: Duodè
C171;Neoplàsia maligna: Jejú
C172;Neoplàsia maligna: Ili
C173;Neoplàsia maligna: Diverticle de Meckel
C178;Neoplàsia maligna: Lesió contigua o sobreposada de l'intestí prim
C179;Neoplàsia maligna: Intestí prim, part no especificada
C180;Neoplàsia maligna: Cec
C181;Neoplàsia maligna: Apèndix
C182;Neoplàsia maligna: Còlon ascendent
C183;Neoplàsia maligna: Angle hepàtic
C184;Neoplàsia maligna: Còlon transvers
C185;Neoplàsia maligna: Angle esplènic
C186;Neoplàsia maligna: Còlon descendent
C187;Neoplàsia maligna: Còlon sigmoide
C188;Neoplàsia maligna: Lesió contigua o sobreposada del còlon
C189;Neoplàsia maligna: Còlon, part no especificada
C210;Neoplàsia maligna: Anus, part no especificada
C211;Neoplàsia maligna: Conducte anal
C212;Neoplàsia maligna: Zona cloacal
C218;Neoplàsia maligna: Lesió contigua o sobreposada del recte, l'anus i el conducte anal
C220;Neoplàsia maligna: Carcinoma de cèl·lules hepàtiques
C221;Neoplàsia maligna: Carcinoma de conducte biliar intrahepàtic
C222;Neoplàsia maligna: Hepatoblastoma
C223;Neoplàsia maligna: Angiosarcoma de fetge
C224;Neoplàsia maligna: Altres sarcomes de fetge
C227;Neoplàsia maligna: Altres carcinomes especificats de fetge
C229;Neoplàsia maligna: Fetge, part no especificada
C240;Neoplàsia maligna: Conducte biliar extrahepàtic
C241;Neoplàsia maligna: Ampul·la de Vater
C248;Neoplàsia maligna: Lesió contigua o sobreposada de les vies biliars extrahepàtics
C249;Neoplàsia maligna: Tracte biliar, part no especificada
C250;Neoplàsia maligna: Cap del pàncrees
C251;Neoplàsia maligna: Cos del pàncrees
C252;Neoplàsia maligna: Cua del pàncrees
C253;Neoplàsia maligna: Conducte pancreàtic
C254;Neoplàsia maligna: Pàncrees endocrí
C257;Neoplàsia maligna: Altres parts del pàncrees
C258;Neoplàsia maligna: Lesió contigua o sobreposada del pàncrees
C259;Neoplàsia maligna: Pàncrees, part no especificada
C260;Neoplàsia maligna: Tracte intestinal, part no especificada
C261;Neoplàsia maligna: Melsa
C268;Neoplàsia maligna: Lesió contigua o sobreposada de l'aparell digestiu
C269;Neoplàsia maligna: Localitzacions mal definides dins l'aparell digestiu
C300;Neoplàsia maligna: Fossa nasal
C301;Neoplàsia maligna: Orella mitjana
C310;Neoplàsia maligna: Si maxil·lar
C311;Neoplàsia maligna: Si etmoïdal
C312;Neoplàsia maligna: Si frontal
C313;Neoplàsia maligna: Si esfenoïdal
C318;Neoplàsia maligna: Lesió contigua o sobreposada dels sins accessoris
C319;Neoplàsia maligna: Si accessori, no especificat
C320;Neoplàsia maligna: Glotis
C321;Neoplàsia maligna: Supraglotis
C322;Neoplàsia maligna: Subglotis
C323;Neoplàsia maligna: Cartílag laringi
C328;Neoplàsia maligna: Lesió contigua o sobreposada de la laringe
C329;Neoplàsia maligna: Laringe, part no especificada
C340;Neoplàsia maligna: Bronqui principal
C341;Neoplàsia maligna: Lòbul superior, bronqui o pulmó
C342;Neoplàsia maligna: Lòbul mitjà, bronqui o pulmó
C343;Neoplàsia maligna: Lòbul inferior, bronqui o pulmó
C348;Neoplàsia maligna: Lesió contigua o sobreposada de bronqui i pulmó
C349;Neoplàsia maligna: Bronqui o pulmó, parts no especificades
C380;Neoplàsia maligna: Cor
C381;Neoplàsia maligna: Mediastí anterior
C382;Neoplàsia maligna: Mediastí posterior
C383;Neoplàsia maligna: Mediastí, part no especificada
C384;Neoplàsia maligna: Pleura
C388;Neoplàsia maligna: Lesió contigua o sobreposada de cor, mediastí i pleura
C390;Neoplàsia maligna: Vies respiratòries altes, part no especificada
C398;Neoplàsia maligna: Lesió contigua o sobreposada dels òrgans respiratoris i intratoràcics
C399;Neoplàsia maligna: Localitzacions mal definides dins l'aparell respiratori
C400;Neoplàsia maligna: Escàpula i ossos llargs de l'extremitat superior
C401;Neoplàsia maligna: Ossos curts de l'extremitat superior
C402;Neoplàsia maligna: Ossos llargs de l'extremitat inferior
C403;Neoplàsia maligna: Ossos curts de l'extremitat inferior
C408;Neoplàsia maligna: Lesió contigua o sobreposada d'os i cartílag articular de les extremitats
C409;Neoplàsia maligna: Os i cartílag articular d'extremitat no especificada
C410;Neoplàsia maligna: Ossos del crani i la cara
C411;Neoplàsia maligna: Mandíbula
C412;Neoplàsia maligna: Columna vertebral
C413;Neoplàsia maligna: Costelles, estern i clavícula
C414;Neoplàsia maligna: Ossos pelvians, sacre i còccix
C418;Neoplàsia maligna: Lesió contigua o sobreposada de l'os i el cartílag articular
C419;Neoplàsia maligna: Os i cartílag articular no especificats
C430;Neoplàsia maligna: Melanoma maligne de llavi
C431;Neoplàsia maligna: Melanoma maligne de parpella, incloent les comissures palpebrals
C432;Neoplàsia maligna: Melanoma maligne d'orella i conducte auditiu extern
C433;Neoplàsia maligna: Melanoma maligne d'altres parts de la cara i de parts de la cara no especificades
C434;Neoplàsia maligna: Melanoma maligne de cuir cabellut i coll
C435;Neoplàsia maligna: Melanoma maligne de tronc
C436;Neoplàsia maligna: Melanoma maligne d'extremitat superior, incloent l'espatlla
C437;Neoplàsia maligna: Melanoma maligne d'extremitat inferior, incloent el maluc
C438;Neoplàsia maligna: Melanoma maligne contigu o sobreposat de pell
C439;Neoplàsia maligna: Melanoma maligne de pell, part no especificada
C440;Neoplàsia maligna: Pell del llavi
C441;Neoplàsia maligna: Pell de la parpella, incloent les comissures palpebrals
C442;Neoplàsia maligna: Pell de l'orella i el conducte auditiu extern
C443;Neoplàsia maligna: Pell d'altres parts de la cara i de parts de la cara no especificades
C444;Neoplàsia maligna: Pell del cuir cabellut i el coll
C445;Neoplàsia maligna: Pell del tronc
C446;Neoplàsia maligna: Pell de l'extremitat superior, incloent l'espatlla
C447;Neoplàsia maligna: Pell de l'extremitat inferior, incloent el maluc
C448;Neoplàsia maligna: Lesió contigua o sobreposada de la pell
C449;Neoplàsia maligna: Neoplàsia maligna de pell no especificada
C450;Mesotelioma pleural
C451;Mesotelioma peritoneal
C452;Mesotelioma de pericardi
C457;Mesotelioma d'altres localitzacions
C459;Mesotelioma no especificat
C460;Sarcoma de Kaposi de pell
C461;Sarcoma de Kaposi de teixits tous
C462;Sarcoma de Kaposi de paladar
C463;Sarcoma de Kaposi de ganglis limfàtics
C467;Sarcoma de Kaposi d'altres localitzacions
C468;Sarcoma de Kaposi de múltiples òrgans
C469;Sarcoma de Kaposi no especificat
C470;Neoplàsia maligna: Nervis perifèrics del cap, la cara i el coll
C471;Neoplàsia maligna: Nervis perifèrics de l'extremitat superior, incloent l'espatlla
C472;Neoplàsia maligna: Nervis perifèrics de l'extremitat inferior, incloent el maluc
C473;Neoplàsia maligna: Nervis perifèrics del tòrax
C474;Neoplàsia maligna: Nervis perifèrics de l'abdomen
C475;Neoplàsia maligna: Nervis perifèrics de la pelvis
C476;Neoplàsia maligna: Nervis perifèrics del tronc, part no especificada
C478;Neoplàsia maligna: Lesió contigua o sobreposada dels nervis perifèrics i el sistema nerviós autònom
C479;Neoplàsia maligna: Nervis perifèrics i sistema nerviós autònom no especificats
C480;Neoplàsia maligna: Retroperitoneu
C481;Neoplàsia maligna: Parts especificades del peritoneu
C482;Neoplàsia maligna: Peritoneu, part no especificada
C488;Neoplàsia maligna: Lesió contigua o sobreposada de retroperitoneu i peritoneu
C490;Neoplàsia maligna: Teixits tous i teixits connectius del cap, la cara i el coll
C491;Neoplàsia maligna: Teixits tous i teixits connectius de l'extremitat superior, incloent l'espatlla
C492;Neoplàsia maligna: Teixits tous i teixits connectius de l'extremitat inferior, incloent el maluc
C493;Neoplàsia maligna: Teixits tous i teixits connectius del tòrax
C494;Neoplàsia maligna: Teixits tous i teixits connectius de l'abdomen
C495;Neoplàsia maligna: Teixits tous i teixits connectius de la pelvis
C496;Neoplàsia maligna: Teixits tous i teixits connectius del tronc, part no especificada
C498;Neoplàsia maligna: Lesió contigua o sobreposada dels teixits tous i els teixits connectius
C499;Neoplàsia maligna: Teixits tous i teixits connectius no especificats
C500;Neoplàsia maligna: Mugró i arèola
C501;Neoplàsia maligna: Porció central de la mama
C502;Neoplàsia maligna: Quadrant superointern de la mama
C503;Neoplàsia maligna: Quadrant inferointern de la mama
C504;Neoplàsia maligna: Quadrant superoextern de la mama
C505;Neoplàsia maligna: Quadrant inferoextern de la mama
C506;Neoplàsia maligna: Prolongació axil·lar de la mama
C508;Neoplàsia maligna: Lesió contigua o sobreposada de la mama
C509;Neoplàsia maligna: Mama, part no especificada
C510;Neoplàsia maligna: Llavi vulvar major
C511;Neoplàsia maligna: Llavi vulvar menor
C512;Neoplàsia maligna: Clítoris
C518;Neoplàsia maligna: Lesió contigua o sobreposada de la vulva
C519;Neoplàsia maligna: Vulva, part no especificada
C530;Neoplàsia maligna: Endocèrvix
C531;Neoplàsia maligna: Exocèrvix
C538;Neoplàsia maligna: Lesió contigua o sobreposada del coll uterí
C539;Neoplàsia maligna: Coll uterí, part no especificada
C540;Neoplàsia maligna: Istme de l'úter
C541;Neoplàsia maligna: Endometri
C542;Neoplàsia maligna: Miometri
C543;Neoplàsia maligna: Fons de l'úter
C548;Neoplàsia maligna: Lesió contigua o sobreposada del cos uterí
C549;Neoplàsia maligna: Cos uterí, part no especificada
C570;Neoplàsia maligna: Trompa de Fal·lopi
C571;Neoplàsia maligna: Lligament ample
C572;Neoplàsia maligna: Lligament rodó
C573;Neoplàsia maligna: Parametri
C574;Neoplàsia maligna: Annexos uterins no especificats
C577;Neoplàsia maligna: Altres òrgans genitals femenins especificats
C578;Neoplàsia maligna: Lesió contigua o sobreposada dels òrgans genitals
C579;Neoplàsia maligna: Òrgan genital femení no especificat
C600;Neoplàsia maligna: Prepuci
C601;Neoplàsia maligna: Gland penià
C602;Neoplàsia maligna: Cos del penis
C608;Neoplàsia maligna: Lesió contigua o sobreposada del penis
C609;Neoplàsia maligna: Penis, part no especificada
C620;Neoplàsia maligna: Testicle no descendit
C621;Neoplàsia maligna: Testicle descendit
C629;Neoplàsia maligna: Testicle no especificat
C630;Neoplàsia maligna: Epidídim
C631;Neoplàsia maligna: Cordó espermàtic
C632;Neoplàsia maligna: Escrot
C637;Neoplàsia maligna: Altres òrgans genitals masculins especificats
C638;Neoplàsia maligna: Lesió contigua o sobreposada dels òrgans genitals masculins
C639;Neoplàsia maligna: Òrgan genital masculí no especificat
C670;Neoplàsia maligna: Trígon de la bufeta urinària
C671;Neoplàsia maligna: Cúpula de la bufeta urinària
C672;Neoplàsia maligna: Paret lateral de la bufeta urinària
C673;Neoplàsia maligna: Paret anterior de la bufeta urinària
C674;Neoplàsia maligna: Paret posterior de la bufeta urinària
C675;Neoplàsia maligna: Coll de la bufeta urinària
C676;Neoplàsia maligna: Orifici ureteral
C677;Neoplàsia maligna: Úrac
C678;Neoplàsia maligna: Lesió contigua o sobreposada de la bufeta urinària
C679;Neoplàsia maligna: Bufeta urinària, part no especificada
C680;Neoplàsia maligna: Uretra
C681;Neoplàsia maligna: Glàndula parauretral
C688;Neoplàsia maligna: Lesió contigua o sobreposada dels òrgans urinaris
C689;Neoplàsia maligna: Òrgan urinari no especificat
C690;Neoplàsia maligna: Conjuntiva
C691;Neoplàsia maligna: Còrnia
C692;Neoplàsia maligna: Retina
C693;Neoplàsia maligna: Coroide
C694;Neoplàsia maligna: Cos ciliar
C695;Neoplàsia maligna: Glàndula i conducte lacrimals
C696;Neoplàsia maligna: Òrbita
C698;Neoplàsia maligna: Lesió contigua o sobreposada de l'ull i els annexos oculars
C699;Neoplàsia maligna: Ull, part no especificada
C700;Neoplàsia maligna: Meninge cerebral
C701;Neoplàsia maligna: Meninge espinal
C709;Neoplàsia maligna: Meninge no especificada
C710;Neoplàsia maligna: Cervell, excepte lòbuls i ventricles
C711;Neoplàsia maligna: Lòbul frontal
C712;Neoplàsia maligna: Lòbul temporal
C713;Neoplàsia maligna: Lòbul parietal
C714;Neoplàsia maligna: Lòbul occipital
C715;Neoplàsia maligna: Ventricle cerebral
C716;Neoplàsia maligna: Cerebel
C717;Neoplàsia maligna: Tronc encefàlic
C718;Neoplàsia maligna: Lesió contigua o sobreposada de l'encèfal
C719;Neoplàsia maligna: Encèfal, part no especificada
C720;Neoplàsia maligna: Medul·la espinal
C721;Neoplàsia maligna: Cua de cavall
C722;Neoplàsia maligna: Nervi olfactori
C723;Neoplàsia maligna: Nervi òptic
C724;Neoplàsia maligna: Nervi acústic
C725;Neoplàsia maligna: Altres nervis cranials i nervis cranials no especificats
C728;Neoplàsia maligna: Lesió contigua o sobreposada d'encèfal i altres parts del sistema nerviós central
C729;Neoplàsia maligna: Sistema nerviós central, part no especificada
C740;Neoplàsia maligna: Còrtex de glàndula suprarenal
C741;Neoplàsia maligna: Medul·la de glàndula suprarenal
C749;Neoplàsia maligna: Glàndula suprarenal no especificada
C750;Neoplàsia maligna: Glàndula paratiroide
C751;Neoplàsia maligna: Glàndula pituïtària
C752;Neoplàsia maligna: Conducte craniofaringi
C753;Neoplàsia maligna: Glàndula pineal
C754;Neoplàsia maligna: Corpuscle carotidi
C755;Neoplàsia maligna: Corpuscle aòrtic i altres paraganglis
C758;Neoplàsia maligna: Afectació pluriglandular no especificada
C759;Neoplàsia maligna: Glàndula endocrina no especificada
C760;Neoplàsia maligna d'altres localitzacions i de localitzacions mal definides: Cap, cara i coll
C761;Neoplàsia maligna d'altres localitzacions i de localitzacions mal definides: Tòrax
C762;Neoplàsia maligna d'altres localitzacions i de localitzacions mal definides: Abdomen
C763;Neoplàsia maligna d'altres localitzacions i de localitzacions mal definides: Pelvis
C764;Neoplàsia maligna d'altres localitzacions i de localitzacions mal definides: Extremitat superior
C765;Neoplàsia maligna d'altres localitzacions i de localitzacions mal definides: Extremitat inferior
C767;Neoplàsia maligna d'altres localitzacions i de localitzacions mal definides: Altres localitzacions mal definides
C768;Neoplàsia maligna d'altres localitzacions i de localitzacions mal definides: Lesió contigua o sobreposada d'altres localitzacions i de localitzacions mal definides
C770;Neoplàsia maligna secundària i neoplàsia maligna no especificada: Ganglis limfàtics del cap, la cara i el coll
C771;Neoplàsia maligna secundària i neoplàsia maligna no especificada: Ganglis limfàtics intratoràcics
C772;Neoplàsia maligna secundària i neoplàsia maligna no especificada: Ganglis limfàtics intraabdominals
C773;Neoplàsia maligna secundària i neoplàsia maligna no especificada: Ganglis limfàtics de l'aixella i l'extremitat superior
C774;Neoplàsia maligna secundària i neoplàsia maligna no especificada: Ganglis limfàtics inguinals i de l'extremitat inferior
C775;Neoplàsia maligna secundària i neoplàsia maligna no especificada: Ganglis limfàtics intrapelvians
C778;Neoplàsia maligna secundària i neoplàsia maligna no especificada: Ganglis limfàtics de regions múltiples
C779;Neoplàsia maligna secundària i neoplàsia maligna no especificada: Gangli limfàtic no especificat
C780;Neoplàsia maligna secundària de pulmó
C781;Neoplàsia maligna secundària de mediastí
C782;Neoplàsia maligna secundària de pleura
C783;Neoplàsia maligna secundària d'altres òrgans respiratoris i d'òrgans respiratoris no especificats
C784;Neoplàsia maligna secundària d'intestí prim
C785;Neoplàsia maligna secundària d'intestí gros i recte
C786;Neoplàsia maligna secundària de retroperitoneu i peritoneu
C787;Neoplàsia maligna secundària de fetge
C788;Neoplàsia maligna secundària d'altres òrgans digestius i d'òrgans digestius no especificats
C790;Neoplàsia maligna secundària de ronyó i pelvis renal
C791;Neoplàsia maligna secundària de bufeta urinària, d'altres òrgans urinaris i d'òrgans urinaris no especificats
C792;Neoplàsia maligna secundària de pell
C793;Neoplàsia maligna secundària d'encèfal i meninges cerebrals
C794;Neoplàsia maligna secundària d'altres parts i de parts no especificades del sistema nerviós central
C795;Neoplàsia maligna secundària d'os i medul·la òssia
C796;Neoplàsia maligna secundària d'ovari
C797;Neoplàsia maligna secundària de glàndula suprarenal
C798;Neoplàsia maligna secundària d'altres localitzacions especificades
C810;Malaltia de Hodgkin: Predomini limfocític
C811;Malaltia de Hodgkin: Esclerosi nodular
C812;Malaltia de Hodgkin: Cel·lularitat mixta
C813;Malaltia de Hodgkin: Limfopènia
C817;Malaltia de Hodgkin: Altres malalties de Hodgkin
C819;Malaltia de Hodgkin: Malaltia de Hodgkin no especificada
C820;Limfoma no hodgkinià: Cèl·lula clivellada petita, fol·licular
C821;Limfoma no hodgkinià: Cèl·lules mixtes clivellades petites i grans, fol·licular
C822;Limfoma no hodgkinià: Cèl·lula gran, fol·licular
C827;Altres tipus de limfoma no hodgkinià fol·licular
C829;Limfoma no hodgkinià fol·licular no especificat
C830;Limfoma no hodgkinià: Cèl·lula petita (difús)
C831;Limfoma no hodgkinià: Cèl·lula clivellada petita (difús)
C832;Limfoma no hodgkinià: Cèl·lules mixtes petites i grans (difús)
C833;Limfoma no hodgkinià: Cèl·lula gran (difús)
C834;Limfoma no hodgkinià: Immunoblàstic (difús)
C835;Limfoma no hodgkinià: Limfoblàstic (difús)
C836;Limfoma no hodgkinià: Indiferenciat (difús)
C837;Tumor de Burkitt
C838;Altres tipus de limfoma no hodgkinià difús
C839;Limfoma no hodgkinià difús no especificat
C840;Micosi fungoide
C841;Malaltia de Sézary
C842;Limfoma de limfòcits T
C843;Limfoma limfoepitelioide
C844;Limfoma T perifèric
C845;Altres limfomes de limfòcits T i limfomes de limfòcits T no especificats
C850;Limfosarcoma
C851;Limfoma de limfòcits B no especificat
C857;Altres tipus especificats de limfoma no hodgkinià
C859;Limfoma no hodgkinià de tipus no especificat
C880;Macroglobulinèmia de Waldenström
C881;Malaltia de la cadena pesant alfa
C882;Malaltia de la cadena pesant gamma
C883;Malaltia immunoproliferativa de l'intestí prim
C887;Altres malalties immunoproliferatives malignes
C889;Malalties immunoproliferatives malignes no especificades
C900;Mieloma múltiple
C901;Leucèmia de cèl·lules plasmàtiques
C902;Plasmocitoma extramedul·lar
C910;Leucèmia limfoblàstica aguda
C911;Leucèmia limfocítica crònica
C912;Leucèmia limfocítica subaguda
C913;Leucèmia prolimfocítica
C914;Leucèmia de cèl·lules peludes
C915;Leucèmia de limfòcits T adults
C917;Altres leucèmies limfoides
C919;Leucèmia limfoide no especificada
C920;Leucèmia mieloide aguda
C921;Leucèmia mieloide crònica
C922;Leucèmia mieloide subaguda
C923;Sarcoma mieloide
C924;Leucèmia promielocítica aguda
C925;Leucèmia mielomonocítica aguda
C927;Altres leucèmies mieloides
C929;Leucèmia mieloide no especificada
C930;Leucèmia monocítica aguda
C931;Leucèmia monocítica crònica
C932;Leucèmia monocítica subaguda
C937;Altres leucèmies monocítiques
C939;Leucèmia monocítica no especificada
C940;Eritrèmia i eritroleucèmia agudes
C941;Eritrèmia crònica
C942;Leucèmia aguda de megacarioblastos
C943;Leucèmia de mastòcits
C944;Panmielosi aguda
C945;Mielofibrosi aguda
C947;Altres leucèmies especificades
C950;Leucèmia aguda sense especificació del tipus cel·lular
C951;Leucèmia crònica sense especificació del tipus cel·lular
C952;Leucèmia subaguda sense especificació del tipus cel·lular
C957;Altres leucèmies sense especificació del tipus cel·lular
C959;Leucèmia no especificada
C960;Malaltia de Letterer-Siwe
C961;Histiocitosi maligna
C962;Tumor maligne de mastòcits [cèl·lules encebades]
C963;Limfoma histiocític veritable
C967;Altres neoplàsies malignes especificades de teixit limfàtic i hematopoètic i teixits relacionats
C969;Neoplàsia maligna de teixit limfàtic i hematopoètic i teixits relacionats no especificada relacionats no especificada
D000;Carcinoma in situ: Llavi, cavitat oral i faringe
D001;Carcinoma in situ: Esòfag
D002;Carcinoma in situ: Estómac
D010;Carcinoma in situ: Còlon
D011;Carcinoma in situ: Unió rectosigmoide
D012;Carcinoma in situ: Recte
D013;Carcinoma in situ: Anus i conducte anal
D014;Carcinoma in situ: Altres parts de l'intestí i parts de l'intestí no especificades
D015;Carcinoma in situ: Fetge, vesícula biliar i conductes biliars
D017;Carcinoma in situ: Altres òrgans digestius especificats
D019;Carcinoma in situ: Òrgan digestiu no especificat
D020;Carcinoma in situ: Laringe
D021;Carcinoma in situ: Tràquea
D022;Carcinoma in situ: Bronqui i pulmó
D023;Carcinoma in situ: Altres parts de l'aparell respiratori
D024;Carcinoma in situ: Aparell respiratori, part no especificada
D030;Melanoma in situ de llavi
D031;Melanoma in situ de parpella, incloent les comissures palpebrals
D032;Melanoma in situ d'orella i conducte auditiu extern
D033;Melanoma in situ d'altres parts de la cara i de parts de la cara no especificades
D034;Melanoma in situ de cuir cabellut i coll
D035;Melanoma in situ de tronc
D036;Melanoma in situ d'extremitat superior, incloent l'espatlla
D037;Melanoma in situ d'extremitat inferior, incloent el maluc
D038;Melanoma in situ d'altres localitzacions
D039;Melanoma in situ no especificat
D040;Carcinoma in situ: Pell del llavi
D041;Carcinoma in situ: Pell de la parpella, incloent les comissures palpebrals
D042;Carcinoma in situ: Pell de l'orella i el conducte auditiu extern
D043;Carcinoma in situ: Pell d'altres parts de la cara i de parts de la cara no especificades
D044;Carcinoma in situ: Pell del cuir cabellut i el coll
D045;Carcinoma in situ: Pell del tronc
D046;Carcinoma in situ: Pell de l'extremitat superior, incloent l'espatlla
D047;Carcinoma in situ: Pell de l'extremitat inferior, incloent el maluc
D048;Carcinoma in situ: Pell d'altres localitzacions
D049;Carcinoma in situ: Pell no especificada
D050;Carcinoma lobular in situ
D051;Carcinoma intraductal in situ
D057;Altres carcinomes in situ de mama
D059;Carcinoma in situ de mama no especificat
D060;Carcinoma in situ: Endocèrvix
D061;Carcinoma in situ: Exocèrvix
D067;Carcinoma in situ: Altres parts del coll uterí
D069;Carcinoma in situ: Coll uterí, part no especificada
D070;Carcinoma in situ: Endometri
D071;Carcinoma in situ: Vulva
D072;Carcinoma in situ: Vagina
D073;Carcinoma in situ: Altres òrgans genitals femenins i òrgans genitals femenins no especificats
D074;Carcinoma in situ: Penis
D075;Carcinoma in situ: Pròstata
D076;Carcinoma in situ: Altres òrgans genitals masculins i òrgans genitals masculins no especificats
D090;Carcinoma in situ: Bufeta urinària
D091;Carcinoma in situ: Altres òrgans urinaris i òrgans urinaris no especificats
D092;Carcinoma in situ: Ull
D093;Carcinoma in situ: Tiroide i altres glàndules endocrines
D097;Carcinoma in situ d'altres localitzacions especificades
D099;Carcinoma in situ no especificat
D100;Neoplàsia benigna: Llavi
D101;Neoplàsia benigna: Llengua
D102;Neoplàsia benigna: Sòl de la boca
D103;Neoplàsia benigna: Altres parts de la boca i parts de la boca no especificades
D104;Neoplàsia benigna: Amígdala
D105;Neoplàsia benigna: Altres parts de l'orofaringe
D106;Neoplàsia benigna: Rinofaringe
D107;Neoplàsia benigna: Hipofaringe
D109;Neoplàsia benigna: Faringe, part no especificada
D110;Neoplàsia benigna: Glàndula paròtide
D117;Neoplàsia benigna: Altres glàndules salivals majors
D119;Neoplàsia benigna: Glàndula salival major no especificada
D120;Neoplàsia benigna: Cec
D121;Neoplàsia benigna: Apèndix
D122;Neoplàsia benigna: Còlon ascendent
D123;Neoplàsia benigna: Còlon transvers
D124;Neoplàsia benigna: Còlon descendent
D125;Neoplàsia benigna: Còlon sigmoide
D126;Neoplàsia benigna: Còlon, part no especificada
D127;Neoplàsia benigna: Unió rectosigmoide
D128;Neoplàsia benigna: Recte
D129;Neoplàsia benigna: Anus i conducte anal
D130;Neoplàsia benigna: Esòfag
D131;Neoplàsia benigna: Estómac
D132;Neoplàsia benigna: Duodè
D133;Neoplàsia benigna: Altres parts de l'intestí prim i parts de l'intestí prim no especificades
D134;Neoplàsia benigna: Fetge
D135;Neoplàsia benigna: Conductes biliars extrahepàtics
D136;Neoplàsia benigna: Pàncrees
D137;Neoplàsia benigna: Pàncrees endocrí
D139;Neoplàsia benigna: Localitzacions mal definides dins l'aparell digestiu
D140;Neoplàsia benigna: Orella mitjana, fossa nasal i sins accessoris
D141;Neoplàsia benigna: Laringe
D142;Neoplàsia benigna: Tràquea
D143;Neoplàsia benigna: Bronqui i pulmó
D144;Neoplàsia benigna: Aparell respiratori, part no especificada
D150;Neoplàsia benigna: Tim
D151;Neoplàsia benigna: Cor
D152;Neoplàsia benigna: Mediastí
D157;Neoplàsia benigna: Altres òrgans intratoràcics especificats
D159;Neoplàsia benigna: Òrgan intratoràcic no especificat
D160;Neoplàsia benigna: Escàpula i ossos llargs de l'extremitat superior
D161;Neoplàsia benigna: Ossos curts de l'extremitat superior
D162;Neoplàsia benigna: Ossos llargs de l'extremitat inferior
D163;Neoplàsia benigna: Ossos curts de l'extremitat inferior
D164;Neoplàsia benigna: Ossos del crani i la cara
D165;Neoplàsia benigna: Maxil·lar inferior
D166;Neoplàsia benigna: Columna vertebral
D167;Neoplàsia benigna: Costelles, estern i clavícula
D168;Neoplàsia benigna: Ossos pelvians, sacre i còccix
D169;Neoplàsia benigna: Os i cartílag articular no especificats
D170;Neoplàsia lipomatosa benigna de pell i teixit subcutani del cap, la cara i el coll
D171;Neoplàsia lipomatosa benigna de pell i teixit subcutani del tronc
D172;Neoplàsia lipomatosa benigna de pell i teixit subcutani de les extremitats
D173;Neoplàsia lipomatosa benigna de pell i teixit subcutani d'altres localitzacions i de localitzacions no especificades
D174;Neoplàsia lipomatosa benigna d'òrgans intratoràcics
D175;Neoplàsia lipomatosa benigna d'òrgans intraabdominals
D176;Neoplàsia lipomatosa benigna de cordó espermàtic
D177;Neoplàsia lipomatosa benigna d'altres localitzacions
D179;Neoplàsia lipomatosa benigna no especificada
D180;Hemangioma, qualsevol localització
D181;Limfoangioma, qualsevol localització
D190;Neoplàsia benigna: Teixit mesotelial de la pleura
D191;Neoplàsia benigna: Teixit mesotelial del peritoneu
D197;Neoplàsia benigna: Teixit mesotelial d'altres localitzacions
D199;Neoplàsia benigna: Teixit mesotelial no especificat
D200;Neoplàsia benigna: Retroperitoneu
D201;Neoplàsia benigna: Peritoneu
D210;Neoplàsia benigna: Teixit connectiu i altres teixits tous del cap, la cara i el coll
D211;Neoplàsia benigna: Teixit connectiu i altres teixits tous de l'extremitat superior, incloent l'espatlla
D212;Neoplàsia benigna: Teixit connectiu i altres teixits tous de l'extremitat inferior, incloent el maluc
D213;Neoplàsia benigna: Teixit connectiu i altres teixits tous del tòrax
D214;Neoplàsia benigna: Teixit connectiu i altres teixits tous de l'abdomen
D215;Neoplàsia benigna: Teixit connectiu i altres teixits tous de la pelvis
D216;Neoplàsia benigna: Teixit connectiu i altres teixits tous del tronc, part no especificada
D219;Neoplàsia benigna: Teixit connectiu i altres teixits tous no especificats
D220;Nevus melanocítics del llavi
D221;Nevus melanocítics de la parpella, incloent les comissures palpebrals
D222;Nevus melanocítics de l'orella i el conducte auditiu extern
D223;Nevus melanocítics d'altres parts i de parts no especificades de la cara
D224;Nevus melanocítics del cuir cabellut i el coll
D225;Nevus melanocítics del tronc
D226;Nevus melanocítics de l'extremitat superior, incloent l'espatlla
D227;Nevus melanocítics de l'extremitat inferior, incloent el maluc
D229;Nevus melanocítics no especificats
D230;Neoplàsia benigna: Pell del llavi
D231;Neoplàsia benigna: Pell de la parpella, incloent les comissures palpebrals
D232;Neoplàsia benigna: Pell de l'orella i el conducte auditiu extern
D233;Neoplàsia benigna: Pell d'altres parts de la cara i de parts de la cara no especificades
D234;Neoplàsia benigna: Pell del cuir cabellut i el coll
D235;Neoplàsia benigna: Pell del tronc
D236;Neoplàsia benigna: Pell de l'extremitat superior, incloent l'espatlla
D237;Neoplàsia benigna: Pell de l'extremitat inferior, incloent el maluc
D239;Neoplàsia benigna: Pell no especificada
D250;Liomioma uterí submucós
D251;Liomioma uterí intramural
D252;Liomioma uterí subserós
D259;Liomioma uterí no especificat
D260;Altres neoplàsies benignes: Coll uterí
D261;Altres neoplàsies benignes: Cos uterí
D267;Altres neoplàsies benignes: Altres parts de l'úter
D269;Altres neoplàsies benignes: Úter, part no especificada
D280;Neoplàsia benigna: Vulva
D281;Neoplàsia benigna: Vagina
D282;Neoplàsia benigna: Trompes i lligaments uterins
D287;Neoplàsia benigna: Altres òrgans genitals femenins especificats
D289;Neoplàsia benigna: Òrgan genital femení no especificat
D290;Neoplàsia benigna: Penis
D291;Neoplàsia benigna: Pròstata
D292;Neoplàsia benigna: Testicle
D293;Neoplàsia benigna: Epidídim
D294;Neoplàsia benigna: Escrot
D297;Neoplàsia benigna: Altres òrgans genitals masculins
D299;Neoplàsia benigna: Òrgan genital masculí no especificat
D300;Neoplàsia benigna: Ronyó
D301;Neoplàsia benigna: Pelvis renal
D302;Neoplàsia benigna: Urèter
D303;Neoplàsia benigna: Bufeta urinària
D304;Neoplàsia benigna: Uretra
D307;Neoplàsia benigna: Altres òrgans urinaris
D309;Neoplàsia benigna: Òrgan urinari no especificat
D310;Neoplàsia benigna: Conjuntiva
D311;Neoplàsia benigna: Còrnia
D312;Neoplàsia benigna: Retina
D313;Neoplàsia benigna: Coroide
D314;Neoplàsia benigna: Cos ciliar
D315;Neoplàsia benigna: Glàndula i conducte lacrimals
D316;Neoplàsia benigna: Òrbita no especificada
D319;Neoplàsia benigna: Ull, part no especificada
D320;Neoplàsia benigna: Meninges cerebrals
D321;Neoplàsia benigna: Meninges espinals
D329;Neoplàsia benigna: Meninges no especificades
D330;Neoplàsia benigna: Encèfal, part supratentorial
D331;Neoplàsia benigna: Encèfal, part infratentorial
D332;Neoplàsia benigna: Encèfal, part no especificada
D333;Neoplàsia benigna: Nervis cranials
D334;Neoplàsia benigna: Medul·la espinal
D337;Neoplàsia benigna: Altres parts especificades del sistema nerviós central
D339;Neoplàsia benigna: Sistema nerviós central, part no especificada
D350;Neoplàsia benigna: Glàndula suprarenal
D351;Neoplàsia benigna: Glàndula paratiroide
D352;Neoplàsia benigna: Glàndula pituïtària
D353;Neoplàsia benigna: Conducte craniofaringi
D354;Neoplàsia benigna: Glàndula pineal
D355;Neoplàsia benigna: Corpuscle carotidi
D356;Neoplàsia benigna: Corpuscle aòrtic i altres paraganglis
D357;Neoplàsia benigna: Altres glàndules endocrines especificades
D358;Neoplàsia benigna: Afectació pluriglandular
D359;Neoplàsia benigna: Glàndula endocrina no especificada
D360;Neoplàsia benigna: Ganglis limfàtics
D361;Neoplàsia benigna: Nervis perifèrics i sistema nerviós autònom
D367;Neoplàsia benigna: Altres localitzacions especificades
D369;Neoplàsia benigna: Neoplàsia benigna de localització no especificada
D370;Neoplàsies de comportament incert o desconegut: Llavi, cavitat oral i faringe
D371;Neoplàsies de comportament incert o desconegut: Estómac
D372;Neoplàsies de comportament incert o desconegut: Intestí prim
D373;Neoplàsies de comportament incert o desconegut: Apèndix
D374;Neoplàsies de comportament incert o desconegut: Còlon
D375;Neoplàsies de comportament incert o desconegut: Recte
D376;Neoplàsies de comportament incert o desconegut: Fetge, vesícula biliar i conductes biliars
D377;Neoplàsies de comportament incert o desconegut: Altres òrgans digestius
D379;Neoplàsies de comportament incert o desconegut: Òrgan digestiu no especificat
D380;Neoplàsies de comportament incert o desconegut: Laringe
D381;Neoplàsies de comportament incert o desconegut: Tràquea, bronqui i pulmó
D382;Neoplàsies de comportament incert o desconegut: Pleura
D383;Neoplàsies de comportament incert o desconegut: Mediastí
D384;Neoplàsies de comportament incert o desconegut: Tim
D385;Neoplàsies de comportament incert o desconegut: Altres òrgans respiratoris
D386;Neoplàsies de comportament incert o desconegut: Òrgan respiratori no especificat
D390;Neoplàsies de comportament incert o desconegut: Úter
D391;Neoplàsies de comportament incert o desconegut: Ovari
D392;Neoplàsies de comportament incert o desconegut: Placenta
D397;Neoplàsies de comportament incert o desconegut: Altres òrgans genitals femenins
D399;Neoplàsies de comportament incert o desconegut: Òrgan genital femení no especificat
D400;Neoplàsies de comportament incert o desconegut: Pròstata
D401;Neoplàsies de comportament incert o desconegut: Testicle
D407;Neoplàsies de comportament incert o desconegut Altres òrgans genitals masculins
D409;Neoplàsies de comportament incert o desconegut: Òrgan genital masculí no especificat
D410;Neoplàsies de comportament incert o desconegut: Ronyó
D411;Neoplàsies de comportament incert o desconegut: Pelvis renal
D412;Neoplàsies de comportament incert o desconegut: Urèter
D413;Neoplàsies de comportament incert o desconegut: Uretra
D414;Neoplàsies de comportament incert o desconegut: Bufeta urinària
D417;Neoplàsies de comportament incert o desconegut: Altres òrgans urinaris
D419;Neoplàsies de comportament incert o desconegut: Òrgan urinari no especificat
D420;Neoplàsies de comportament incert o desconegut: Meninges cerebrals
D421;Neoplàsies de comportament incert o desconegut: Meninges espinals
D429;Neoplàsies de comportament incert o desconegut: Meninges no especificades
D430;Neoplàsies de comportament incert o desconegut: Encèfal, part supratentorial
D431;Neoplàsies de comportament incert o desconegut: Encèfal, part infratentorial
D432;Neoplàsies de comportament incert o desconegut: Encèfal, part no especificada
D433;Neoplàsies de comportament incert o desconegut: Nervis cranials
D434;Neoplàsies de comportament incert o desconegut: Medul·la espinal
D437;Neoplàsies de comportament incert o desconegut: Altres parts del sistema nerviós central
D439;Neoplàsies de comportament incert o desconegut: Sistema nerviós central, part no especificada
D440;Neoplàsies de comportament incert o desconegut: Glàndula tiroide
D441;Neoplàsies de comportament incert o desconegut: Glàndula suprarenal
D442;Neoplàsies de comportament incert o desconegut: Glàndula paratiroide
D443;Neoplàsies de comportament incert o desconegut: Glàndula pituïtària
D444;Neoplàsies de comportament incert o desconegut: Conducte craniofaringi
D445;Neoplàsies de comportament incert o desconegut: Glàndula pineal
D446;Neoplàsies de comportament incert o desconegut: Corpuscle carotidi
D447;Neoplàsies de comportament incert o desconegut: Corpuscle aòrtic i altres paraganglis
D448;Neoplàsies de comportament incert o desconegut: Afectació pluriglandular
D449;Neoplàsies de comportament incert o desconegut: Glàndula endocrina no especificada
D460;Anèmia refractària sense sideroblastos, així declarada
D461;Anèmia refractària amb sideroblastos
D462;Anèmia refractària amb excés de blastos
D463;Anèmia refractària amb excés de blastos en transformació
D464;Anèmia refractària no especificada
D467;Altres síndromes mielodisplàstiques
D469;Síndrome mielodisplàstica no especificada
D470;Tumors d'histiòcits i mastòcits de comportament incert i desconegut
D471;Malaltia mieloproliferativa crònica
D472;Gammapatia monoclonal
D473;Trombocitèmia hemorràgica (essencial)
D477;Altres neoplàsies especificades de comportament incert o desconegut de teixit limfàtic i hematopoètic i teixits relacionats
D479;Neoplàsies no especificades de comportament incert o desconegut de teixit limfàtic i hematopoètic i teixits relacionats
D480;Neoplàsies de comportament incert o desconegut: Os i cartílag articular
D481;Neoplàsies de comportament incert o desconegut: Teixit connectiu i altres teixits tous
D482;Neoplàsies de comportament incert o desconegut: Nervis perifèrics i sistema nerviós autònom
D483;Neoplàsies de comportament incert o desconegut: Retroperitoneu
D484;Neoplàsies de comportament incert o desconegut: Peritoneu
D485;Neoplàsies de comportament incert o desconegut: Pell
D486;Neoplàsies de comportament incert o desconegut: Mama
D487;Neoplàsies de comportament incert o desconegut: Altres localitzacions especificades
D489;Neoplàsies de comportament incert o desconegut: Neoplàsia de comportament incert o desconegut no especificada
D500;Anèmia ferropènica secundària a la pèrdua de sang (crònica)
D501;Disfàgia sideropènica
D508;Altres anèmies ferropèniques
D509;Anèmia ferropènica no especificada
D510;Anèmia per carència de vitamina B12 a causa de deficiència de factor intrínsec
D511;Anèmia per carència de vitamina B12 a causa de malabsorció selectiva de vitamina B12 amb proteïnúria
D512;Deficiència de transcobalamina II
D513;Altres anèmies per carència dietètica de vitamina B12
D518;Altres anèmies per carència de vitamina B12
D519;Anèmia per carència de vitamina B12 no especificada
D520;Anèmia per carència dietètica de folats
D521;Anèmia per carència de folats induïda per fàrmacs per a identificar el fàrmac.
D528;Altres anèmies per carència de folats
D529;Anèmia per carència de folats no especificada
D530;Anèmia per deficiència de proteïnes
D531;Altres anèmies megaloblàstiques no classificades a cap altre lloc
D532;Anèmia escorbútica
D538;Altres anèmies nutricionals especificades
D539;Anèmia nutricional no especificada
D550;Anèmia causada per deficiència de glucosa-6-fosfat deshidrogenasa
D551;Anèmia causada per trastorns del metabolisme del glutatió
D552;Anèmia causada per trastorns d'enzims glicolítics
D553;Anèmia causada per trastorns del metabolisme dels nucleòtids
D558;Altres anèmies causades per trastorns enzimàtics
D559;Anèmia causada per trastorn enzimàtic no especificada
D560;Alfatalassèmia
D561;Betatalassèmia
D562;Deltabetatalassèmia
D563;Tret talassèmic
D564;Persistència hereditària d'hemoglobina fetal [PHHF]
D568;Altres talassèmies
D569;Talassèmia no especificada
D570;Anèmia de cèl·lules falciformes amb crisi
D571;Anèmia de cèl·lules falciformes sense crisi
D572;Trastorns falciformes heterozigòtics dobles
D573;Tret drepanocític
D578;Altres trastorns de cèl·lules falciformes
D580;Esferocitosi hereditària
D581;El·liptocitosi hereditària
D582;Altres hemoglobinopaties
D588;Altres anèmies hemolítiques hereditàries especificades
D589;Anèmia hemolítica hereditària no especificada
D590;Anèmia hemolítica autoimmunitària induïda per fàrmacs
D591;Altres anèmies hemolítiques autoimmunitàries
D592;Anèmia hemolítica no autoimmunitària induïda per fàrmacs
D593;Síndrome hemoliticourèmica
D594;Altres anèmies hemolítiques no autoimmunitàries
D595;Hemoglobinúria paroxismal nocturna [Marchiafava-Micheli]
D596;Hemoglobinúria a causa d'hemòlisi per altres causes externes
D598;Altres anèmies hemolítiques adquirides
D599;Anèmia hemolítica adquirida no especificada
D600;Aplàsia de glòbuls vermells pura adquirida crònica
D601;Aplàsia de glòbuls vermells pura adquirida transitòria
D608;Altres aplàsies de glòbuls vermells pures adquirides
D609;Aplàsia de glòbuls vermells pura adquirida no especificada
D610;Anèmia aplàstica constitucional
D611;Anèmia aplàstica induïda per fàrmacs
D612;Anèmia aplàstica causada per altres agents externs
D613;Anèmia aplàstica idiopàtica
D618;Altres anèmies aplàstiques especificades
D619;Anèmia aplàstica no especificada
D630;Anèmia en malaltia neoplàstica (C00-D48+)
D638;Anèmia en altres malalties cròniques classificades en un altre lloc
D640;Anèmia sideroblàstica hereditària
D641;Anèmia sideroblàstica secundària a causa de malaltia
D642;Anèmia sideroblàstica secundària a causa de fàrmacs i toxines
D643;Altres anèmies sideroblàstiques
D644;Anèmia diseritropoètica congènita
D648;Altres anèmies especificades
D649;Anèmia no especificada
D680;Malaltia de Willebrand
D681;Deficiència hereditària de factor XI
D682;Deficiència hereditària d'altres factors de la coagulació
D683;Trastorn hemorràgic a causa d'anticoagulants circulants
D684;Deficiència adquirida de factor de la coagulació
D688;Altres defectes de la coagulació especificats
D689;Defecte de la coagulació no especificat
D690;Púrpura al·lèrgica
D691;Defectes qualitatius de les plaquetes
D692;Altres púrpures no trombocitopèniques
D693;Púrpura trombocitopènica idiopàtica
D694;Altres trombocitopènies primàries
D695;Trombocitopènia secundària
D696;Trombocitopènia no especificada
D698;Altres afeccions hemorràgiques especificades
D699;Afecció hemorràgica no especificada
D720;Anomalies genètiques dels leucòcits
D721;Eosinofília
D728;Altres trastorns especificats dels leucòcits
D729;Trastorn dels leucòcits no especificat
D730;Hiposplenisme
D731;Hipersplenisme
D732;Esplenomegàlia congestiva crònica
D733;Abscés esplènic
D734;Quist esplènic
D735;Infart esplènic
D738;Altres esplenopaties
D739;Esplenopatia no especificada
D740;Metahemoglobinèmia congènita
D748;Altres metahemoglobinèmies
D749;Metahemoglobinèmia no especificada
D750;Eritrocitosi familiar
D751;Policitèmia secundària
D752;Trombocitosi essencial
D758;Altres malalties especificades de la sang i els òrgans hematopoètics
D759;Malaltia no especificada de la sang i els òrgans hematopoètics
D760;Histiocitosi de cèl·lules de Langerhans no classificada a cap altre lloc
D761;Limfohistiocitosi hemofagocítica
D762;Síndrome hemofagocítica associada a infecció
D763;Altres síndromes d'histiocitosi
D800;Hipogammaglobulinèmia hereditària
D801;Hipogammaglobulinèmia no familiar
D802;Deficiència selectiva d'immunoglobulina A [IgA]
D803;Deficiència selectiva de subclasses d'immunoglobulina G [IgG]
D804;Deficiència selectiva d'immunoglobulina M [IgM]
D805;Immunodeficiència amb augment d'immunoglobulina M [IgM]
D806;Deficiència d'anticossos amb immunoglobulines quasi normals o amb hiperimmunoglobulinèmia
D807;Hipogammaglobulinèmia transitòria de la infància
D808;Altres immunodeficiències amb predomini de defectes d'anticossos
D809;Immunodeficiència amb predomini de defectes d'anticossos no especificada
D810;Immunodeficiència combinada greu [SCID] amb disgènesi reticular
D811;Immunodeficiència combinada greu [SCID] amb nombre baix de limfòcits T i B
D812;Immunodeficiència combinada greu [SCID] amb nombre baix o normal de limfòcits B
D813;Deficiència d'adenosina-desaminasa [ADA]
D814;Síndrome de Nezelof
D815;Deficiència de purina-nucleòsid-fosforilasa [PNP]
D816;Deficiència de complex d'histocompatibilitat principal de classe I
D817;Deficiència de complex d'histocompatibilitat principal de classe II
D818;Altres immunodeficiències combinades
D819;Immunodeficiència combinada no especificada
D820;Síndrome de Wiskott-Aldrich
D821;Síndrome de Di George
D822;Immunodeficiència amb nanisme d'extremitats curtes
D823;Immunodeficiència consecutiva a resposta defectiva hereditària al virus d'Epstein-Barr
D824;Síndrome d'hiperimmunoglobulinèmia E [IgE]
D828;Immunodeficiència associada a altres defectes majors especificats
D829;Immunodeficiència associada a un defecte major no especificat
D830;Immunodeficiència comuna variable amb predomini d'anomalies en el nombre i la funció dels limfòcits B
D831;Immunodeficiència comuna variable amb predomini de trastorns immunoreguladors dels limfòcits T
D832;Immunodeficiència comuna variable amb autoanticossos contra els limfòcits B o T
D838;Altres immunodeficiències comunes variables
D839;Immunodeficiència comuna variable no especificada
D840;Defecte de l'antigen-1 associat a la funció limfocitària [LFA-1]
D841;Defectes en el sistema del complement
D848;Altres immunodeficiències especificades
D849;Immunodeficiència no especificada
D860;Sarcoïdosi pulmonar
D861;Sarcoïdosi ganglionar
D862;Sarcoïdosi pulmonar amb sarcoïdosi ganglionar
D863;Sarcoïdosi cutània
D868;Sarcoïdosi d'altres localitzacions i de localitzacions combinades
D869;Sarcoïdosi no especificada
D890;Hipergammaglobulinèmia policlonal
D891;Crioglobulinèmia
D892;Hipergammaglobulinèmia no especificada
D898;Altres trastorns especificats que afecten el mecanisme immunitari no classificats a cap altre lloc
D899;Trastorn que afecta el mecanisme immunitari no especificat
E000;Síndrome congènita de dèficit de iode, tipus neurològic
E001;Síndrome congènita de dèficit de iode, tipus mixedematós
E002;Síndrome congènita de dèficit de iode, tipus mixt
E009;Síndrome congènita de dèficit de iode no especificada
E010;Goll difús (endèmic) relacionat amb el dèficit de iode
E011;Goll multiondular (endèmic) relacionat amb el dèficit de iode
E012;Goll (endèmic) relacionat amb el dèficit de iode no especificat
E018;Altres trastorns tiroïdals relacionats amb el dèficit de iode i afeccions semblants
E030;Hipotiroïdisme congènit amb goll difús
E031;Hipotiroïdisme congènit sense goll
E032;Hipotiroïdisme causat per fàrmacs i altres substàncies exògenes
E033;Hipotiroïdisme postinfecciós
E034;Atròfia de la tiroide (adquirida)
E035;Coma mixedematós
E038;Altres hipotiroïdismes especificats
E039;Hipotiroïdisme no especificat
E040;Goll difús no tòxic
E041;Nòdul tiroïdal solitari no tòxic
E042;Goll multinodular no tòxic
E048;Altres golls no tòxics especificats
E049;Goll no tòxic no especificat
E050;Tirotoxicosi amb goll difús
E051;Tirotoxicosi amb nòdul tiroïdal solitari tòxic
E052;Tirotoxicosi amb goll multinodular tòxic
E053;Tirotoxicosi produïda per teixit tiroïdal ectòpic
E054;Tirotoxicosi factícia
E055;Crisi o tempesta tiroïdal
E058;Altres tirotoxicosis
E059;Tirotoxicosi no especificada
E060;Tiroïditis aguda
E061;Tiroïditis subaguda
E062;Tiroïditis crònica amb tirotoxicosi transitòria
E063;Tiroïditis autoimmunitària
E064;Tiroïditis induïda per fàrmacs
E065;Altres tiroïditis cròniques
E069;Tiroïditis no especificada
E070;Hipersecreció de calcitonina
E071;Goll dishormonogènic
E078;Altres trastorns de la tiroide especificats
E079;Trastorn de la tiroide no especificat
E100;Diabetis mellitus insulinodependent: Amb coma
E101;Diabetis mellitus insulinodependent: Amb cetoacidosi
E102;Diabetis mellitus insulinodependent: Amb complicacions renals
E103;Diabetis mellitus insulinodependent: Amb complicacions oftàlmiques
E104;Diabetis mellitus insulinodependent: Amb complicacions neurològiques
E105;Diabetis mellitus insulinodependent: Amb complicacions circulatòries perifèriques
E106;Diabetis mellitus insulinodependent: Amb altres complicacions especificades
E107;Diabetis mellitus insulinodependent: Amb complicacions múltiples
E108;Diabetis mellitus insulinodependent: Amb complicacions no especificades
E109;Diabetis mellitus insulinodependent: Sense complicacions
E110;Diabetis mellitus no insulinodependent: Amb coma
E111;Diabetis mellitus no insulinodependent: Amb cetoacidosi
E112;Diabetis mellitus no insulinodependent: Amb complicacions renals
E113;Diabetis mellitus no insulinodependent: Amb complicacions oftàlmiques
E114;Diabetis mellitus no insulinodependent: Amb complicacions neurològiques
E115;Diabetis mellitus no insulinodependent: Amb complicacions circulatòries perifèriques
E116;Diabetis mellitus no insulinodependent: Amb altres complicacions especificades
E117;Diabetis mellitus no insulinodependent: Amb complicacions múltiples
E118;Diabetis mellitus no insulinodependent: Amb complicacions no especificades
E119;Diabetis mellitus no insulinodependent: Sense complicacions
E120;Diabetis mellitus relacionada amb la malnutrició: Amb coma
E121;Diabetis mellitus relacionada amb la malnutrició: Amb cetoacidosi
E122;Diabetis mellitus relacionada amb la malnutrició: Amb complicacions renals
E123;Diabetis mellitus relacionada amb la malnutrició: Amb complicacions oftàlmiques
E124;Diabetis mellitus relacionada amb la malnutrició: Amb complicacions neurològiques
E125;Diabetis mellitus relacionada amb la malnutrició: Amb complicacions circulatòries perifèriques
E126;Diabetis mellitus relacionada amb la malnutrició: Amb altres complicacions especificades
E127;Diabetis mellitus relacionada amb la malnutrició: Amb complicacions múltiples
E128;Diabetis mellitus relacionada amb la malnutrició: Amb complicacions no especificades
E129;Diabetis mellitus relacionada amb la malnutrició: Sense complicacions
E130;Altres diabetis mellitus especificades: Amb coma
E131;Altres diabetis mellitus especificades: Amb cetoacidosi
E132;Altres diabetis mellitus especificades: Amb complicacions renals
E133;Altres diabetis mellitus especificades: Amb complicacions oftàlmiques
E134;Altres diabetis mellitus especificades: Amb complicacions neurològiques
E135;Altres diabetis mellitus especificades: Amb complicacions circulatòries perifèriques
E136;Altres diabetis mellitus especificades: Amb altres complicacions especificades
E137;Altres diabetis mellitus especificades: Amb complicacions múltiples
E138;Altres diabetis mellitus especificades: Amb complicacions no especificades
E139;Altres diabetis mellitus especificades: Sense complicacions
E140;Diabetis mellitus no especificada: Amb coma
E141;Diabetis mellitus no especificada: Amb cetoacidosi
E142;Diabetis mellitus no especificada: Amb complicacions renals
E143;Diabetis mellitus no especificada: Amb complicacions oftàlmiques
E144;Diabetis mellitus no especificada: Amb complicacions neurològiques
E145;Diabetis mellitus no especificada: Amb complicacions circulatòries perifèriques
E146;Diabetis mellitus no especificada: Amb altres complicacions especificades
E147;Diabetis mellitus no especificada: Amb complicacions múltiples
E148;Diabetis mellitus no especificada: Amb complicacions no especificades
E149;Diabetis mellitus no especificada: Sense complicacions interna
E160;Hipoglucèmia induïda per fàrmacs sense coma
E161;Altres hipoglucèmies
E162;Hipoglucèmia no especificada
E163;Augment de la secreció de glucagó
E164;Anomalia de la secreció de gastrina
E168;Altres trastorns especificats de la secreció pancreàtica interna
E169;Trastorn de la secreció pancreàtica interna no especificat
E200;Hipoparatiroïdisme idiopàtic
E201;Pseudohipoparatiroïdisme
E208;Altres hipoparatiroïdismes
E209;Hipoparatiroïdisme no especificat
E210;Hiperparatiroïdisme primari
E211;Hiperparatiroïdisme secundari no classificat a cap altre lloc
E212;Altres hiperparatiroïdismes
E213;Hiperparatiroïdisme no especificat
E214;Altres trastorns especificats de la glàndula paratiroide
E215;Trastorn de la glàndula paratiroide no especificat
E220;Acromegàlia i gigantisme hipofític
E221;Hiperprolactinèmia
E222;Síndrome de secreció inapropiada d'hormona antidiürètica
E228;Altres hiperfuncions de la hipòfisi
E229;Hiperfunció de la hipòfisi no especificada
E230;Hipopituïtarisme
E231;Hipopituïtarisme induït per fàrmacs
E232;Diabetis insípida
E233;Disfunció hipotalàmica no classificada a cap altre lloc
E236;Altres trastorns de la hipòfisi
E237;Trastorn de la hipòfisi no especificat
E240;Malaltia de Cushing hipofiticodependent
E241;Síndrome de Nelson
E242;Síndrome de Cushing induïda per fàrmacs
E243;Síndrome d'ACTH ectòpica
E244;Pseudosíndrome de Cushing induïda per alcohol
E248;Altres síndromes de Cushing
E249;Síndrome de Cushing no especificada
E250;Trastorns adrenogenitals congènits associats a deficiència enzimàtica
E258;Altres trastorns adrenogenitals
E259;Trastorn adrenogenital no especificat
E260;Hiperaldosteronisme primari
E261;Hiperaldosteronisme secundari
E268;Altres hiperaldosteronismes
E269;Hiperaldosteronisme no especificat
E270;Altres hiperactivitats adrenocorticals
E271;Insuficiència adrenocortical primària
E272;Crisi addisoniana
E273;Insuficiència adrenocortical induïda per fàrmacs
E274;Altres insuficiències adrenocorticals i insuficiències adrenocorticals no especificades
E275;Hiperfunció medul·loadrenal
E278;Altres trastorns especificats de la glàndula suprarenal
E279;Trastorn de la glàndula suprarenal no especificat
E280;Disfunció ovàrica Excés d'estrògens
E281;Disfunció ovàrica Excés d'andrògens
E282;Síndrome de l'ovari poliquístic
E283;Fallida ovàrica primària
E288;Altres disfuncions ovàriques
E289;Disfunció ovàrica no especificada
E290;Hiperfunció testicular
E291;Hipofunció testicular
E298;Altres disfuncions testiculars
E299;Disfunció testicular no especificada
E300;Pubertat retardada
E301;Pubertat precoç
E308;Altres trastorns de la pubertat
E309;Trastorn de la pubertat no especificat
E310;Fallida poliglandular autoimmunitària
E311;Hiperfunció poliglandular
E318;Altres disfuncions poliglandulars
E319;Disfunció poliglandular no especificada
E320;Hiperplàsia persistent del tim
E321;Abscés del tim
E328;Altres malalties del tim
E329;Malalties del tim no especificades
E340;Síndrome carcinoide
E341;Altres hipersecrecions de les hormones intestinals
E342;Secreció ectòpica d'hormones no classificada a cap altre lloc
E343;Estatura baixa no classificada a cap altre lloc
E344;Estatura alta constitucional
E345;Síndrome de resistència als andrògens
E348;Altres trastorns endocrins especificats
E349;Trastorn endocrí no especificat
E350;Trastorns de la glàndula tiroide en malalties classificades en un altre lloc
E351;Trastorns de les glàndules suprarenals en malalties classificades en un altre lloc
E358;Trastorns d'altres glàndules endocrines en malalties classificades en un altre lloc
E440;Malnutrició proteïnoenergètica moderada
E441;Malnutrició proteïnoenergètica lleu
E500;Carència de vitamina A amb xerosi conjuntival
E501;Carència de vitamina A amb taques de Bitot i xerosi conjuntival
E502;Carència de vitamina A amb xerosi corneal
E503;Carència de vitamina A amb xerosi i ulceració corneals
E504;Carència de vitamina A amb queratomalàcia
E505;Carència de vitamina A amb ceguesa nocturna
E506;Carència de vitamina A amb cicatrius xeroftàlmiques de la còrnia
E507;Altres manifestacions oculars per carència de vitamina A
E508;Altres manifestacions per carència de vitamina A
E509;Carència de vitamina A no especificada
E511;Beri-beri
E512;Encefalopatia de Wernicke
E518;Altres manifestacions per carència de tiamina
E519;Carència de tiamina no especificada
E530;Carència de riboflavina
E531;Carència de piridoxina
E538;Carència d'altres vitamines de grup B especificades
E539;Carència de vitamina B no especificada
E550;Raquitisme actiu
E559;Carència de vitamina D no especificada
E560;Carència de vitamina E
E561;Carència de vitamina K
E568;Carència d'altres vitamines
E569;Carència vitamínica no especificada
E610;Dèficit de coure
E611;Dèficit de ferro
E612;Dèficit de magnesi
E613;Dèficit de manganès
E614;Dèficit de crom
E615;Dèficit de molibdè
E616;Dèficit de vanadi
E617;Dèficit de múltiples nutrients
E618;Dèficit d'altres nutrients especificats
E619;Dèficit de nutrient no especificat
E630;Carència d'àcid gras essencial [AGE]
E631;Desequilibri de constituents de la ingesta d'aliments
E638;Altres carències nutricionals especificades
E639;Carència nutricional no especificada
E640;Seqüeles de malnutrició proteïnoenergètica
E641;Seqüeles de carència de vitamina A
E642;Seqüeles de carència de vitamina C
E643;Seqüeles de raquitisme
E648;Seqüeles d'altres carències nutricionals
E649;Seqüeles de carència nutricional no especificada
E660;Obesitat per excés de calories
E661;Obesitat induïda per fàrmacs
E662;Obesitat extrema amb hipoventilació alveolar
E668;Altres obesitats
E669;Obesitat no especificada
E670;Hipervitaminosi A
E671;Hipercarotenèmia
E672;Síndrome d'hipervitaminosi B6
E673;Hipervitaminosi D
E678;Altres hiperalimentacions especificades
E700;Fenilcetonúria clàssica
E701;Altres hiperfenilalaninèmies
E702;Trastorns del metabolisme de la tirosina
E703;Albinisme
E708;Altres trastorns del metabolisme dels aminoàcids aromàtics
E709;Trastorn no especificat del metabolisme dels aminoàcids aromàtics
E710;Malaltia de l'orina d'olor de xarop d'erable
E711;Altres trastorns del metabolisme d'aminoàcids de cadena ramificada
E712;Trastorn no especificat del metabolisme dels aminoàcids de cadena ramificada
E713;Trastorns del metabolisme dels àcids grassos
E720;Trastorns del transport d'aminoàcids
E721;Trastorns del metabolisme dels aminoàcids sulfurats
E722;Trastorns del metabolisme del cicle de la urea
E723;Trastorns del metabolisme de la lisina i la hidroxilisina
E724;Trastorns del metabolisme de l'ornitina
E725;Trastorns del metabolisme de la glicina
E728;Altres trastorns especificats del metabolisme dels aminoàcids
E729;Trastorn no especificat del metabolisme dels aminoàcids
E730;Deficiència congènita de lactasa
E731;Deficiència secundària de lactasa
E738;Altres intoleràncies a la lactosa
E739;Intolerància a la lactosa no especificada
E740;Malaltia per emmagatzematge de glicogen
E741;Trastorns del metabolisme de la fructosa
E742;Trastorns del metabolisme de la galactosa
E743;Altres trastorns de l'absorció intestinal de carbohidrats
E744;Trastorns del metabolisme del piruvat i la gluconeogènesi
E748;Altres trastorns especificats del metabolisme dels carbohidrats
E749;Trastorn no especificat del metabolisme dels carbohidrats
E750;Gangliosidosi GM2
E751;Altres gangliosidosis
E752;Altres esfingolipidosis
E753;Esfingolipidosi no especificada
E754;Lipofuscinosi ceroide neuronal
E755;Altres trastorns d'emmagatzematge de lípids
E756;Trastorn d'emmagatzematge de lípids no especificat
E760;Mucopolisacaridosi tipus I
E761;Mucopolisacaridosi tipus II
E762;Altres mucopolisacaridosis
E763;Mucopolisacaridosi no especificada
E768;Altres trastorns del metabolisme del glucosaminoglicà
E769;Trastorn no especificat del metabolisme del glucosaminoglicà
E770;Defectes en la modificació posttranslacional dels enzims lisosòmics
E771;Defectes en la degradació de glicoproteïnes
E778;Altres trastorns del metabolisme de les glicoproteïnes
E779;Trastorn no especificat del metabolisme de les glicoproteïnes
E780;Hipercolesterolèmia pura
E781;Hipergliceridèmia pura
E782;Hiperlipidèmia mixta
E783;Hiperquilomicronèmia
E784;Altres hiperlipidèmies
E785;Hiperlipidèmia no especificada
E786;Deficiència de lipoproteïnes
E788;Altres trastorns del metabolisme de les lipoproteïnes
E789;Trastorn no especificat del metabolisme de les lipoproteïnes
E790;Hiperuricèmia sense signes d'artritis inflamatòria ni malaltia tofàcia
E791;Síndrome de Lesch-Nyhan
E798;Altres trastorns del metabolisme de les purines i les pirimidines
E799;Trastorn no especificat del metabolisme de les purines i les pirimidines
E800;Porfíria eritropoètica hereditària
E801;Porfíria cutània tardana
E802;Altres porfíries
E803;Defectes de la catalasa i la peroxidasa
E804;Síndrome de Gilbert
E805;Síndrome de Crigler-Najjar
E806;Altres trastorns del metabolisme de la bilirubina
E807;Trastorn no especificat del metabolisme de la bilirubina
E830;Trastorns del metabolisme del coure
E831;Trastorns del metabolisme del ferro
E832;Trastorns del metabolisme del zinc
E833;Trastorns del metabolisme del fòsfor
E834;Trastorns del metabolisme del magnesi
E835;Trastorns del metabolisme del calci
E838;Altres trastorns del metabolisme mineral
E839;Trastorn no especificat del metabolisme mineral
E840;Fibrosi quística amb manifestacions pulmonars
E841;Fibrosi quística amb manifestacions intestinals
E848;Fibrosi quística amb altres manifestacions
E849;Fibrosi quística no especificada
E850;Amiloïdosi heredofamiliar no neuropàtica
E851;Amiloïdosi heredofamiliar neuropàtica
E852;Amiloïdosi heredofamiliar no especificada
E853;Amiloïdosi sistèmica secundària
E854;Amiloïdosi localitzada
E858;Altres amiloïdosis
E859;Amiloïdosi no especificada
E870;Hiperosmolalitat i hipernatrèmia
E871;Hipoosmolalitat i hiponatrèmia
E872;Acidosi
E873;Alcalosi
E874;Trastorn mixt de l'equilibri acidobàsic
E875;Hipercalèmia
E876;Hipocalèmia
E877;Sobrecàrrega de líquids
E878;Altres trastorns de l'equilibri hidroelectrolític no classificats a cap altre lloc
E880;Trastorns del metabolisme de les proteïnes plasmàtiques no classificats a cap altre lloc
E881;Lipodistròfia no classificada a cap altre lloc
E882;Lipomatosi no classificada a cap altre lloc
E888;Altres trastorns metabòlics especificats
E889;Trastorn metabòlic no especificat
E890;Hipotiroïdisme posterior a un procediment
E891;Hipoinsulinèmia posterior a un procediment
E892;Hipoparatiroïdisme posterior a un procediment
E893;Hipopituïtarisme posterior a un procediment
E894;Fallida ovàrica posterior a un procediment
E895;Hipofunció testicular posterior a un procediment
E896;Hipofunció adrenocortical (i medul·lar) posterior a un procediment
E898;Altres trastorns metabòlics i endocrins posteriors a un procediment
E899;Trastorn metabòlic i endocrí posterior a un procediment no especificat
F000;Demència en la malaltia d'Alzheimer amb inici precoç (G30.0+)
F001;Demència en la malaltia d'Alzheimer amb inici tardà (G30.1+)
F002;Demència en la malaltia d'Alzheimer, tipus atípic o mixt (G30.8+)
F009;Demència en la malaltia d'Alzheimer no especificada (G30.9+)
F010;Demència vascular d'inici agut
F011;Demència multiinfàrtica
F012;Demència vascular subcortical
F013;Demència vascular mixta cortical i subcortical
F018;Altres demències vasculars
F019;Demència vascular no especificada
F020;Demència en la malaltia de Pick (G31.0+)
F021;Demència en la malaltia de Creutzfeldt-Jakob (A81.0+)
F022;Demència en la malaltia de Huntington (G10+)
F023;Demència en la malaltia de Parkinson (G20+)
F024;Demència en la malaltia pel virus de la immunodeficiència humana
F028;Demència en altres malalties especificades classificades en un altre lloc
F050;Delírium no superposat a demència, així descrit
F051;Delírium superposat a demència
F058;Altres delíriums
F059;Delírium no especificat
F060;Al·lucinosi orgànica
F061;Trastorn catatònic orgànic
F062;Trastorn delirant orgànic [semblant a esquizofrènia]
F063;Trastorns de l'estat d'ànim [trastorns afectius] orgànics
F064;Trastorn d'ansietat orgànic
F065;Trastorn dissociatiu orgànic
F066;Trastorn làbil emocional [astènic] orgànic
F067;Trastorn cognitiu lleu
F068;Altres trastorns mentals especificats provocats per lesió i disfunció encefàliques i per malaltia física
F069;Trastorn mental no especificat provocat per lesió i disfunció encefàliques i per malaltia física
F070;Trastorn orgànic de la personalitat
F071;Síndrome postencefalítica
F072;Síndrome postcommocional
F078;Altres trastorns orgànics de la personalitat i el comportament provocats per malaltia, lesió i disfunció encefàliques
F079;Trastorn orgànic no especificat de la personalitat i el comportament provocat per malaltia, lesió i disfunció encefàliques
F100;Trastorns mentals i trastorns del comportament per consum d'alcohol: Intoxicació aguda
F101;Trastorns mentals i trastorns del comportament per consum d'alcohol: Consum nociu
F102;Trastorns mentals i trastorns del comportament per consum d'alcohol: Síndrome de dependència
F103;Trastorns mentals i trastorns del comportament per consum d'alcohol: Síndrome d'abstinència
F104;Trastorns mentals i trastorns del comportament per consum d'alcohol: Síndrome d'abstinència amb delírium
F105;Trastorns mentals i trastorns del comportament per consum d'alcohol: Trastorn psicòtic
F106;Trastorns mentals i trastorns del comportament per consum d'alcohol: Síndrome amnèsica
F107;Trastorns mentals i trastorns del comportament per consum d'alcohol: Trastorn psicòtic residual i d'inici tardà
F108;Trastorns mentals i trastorns del comportament per consum d'alcohol: Altres trastorns mentals i del comportament
F109;Trastorns mentals i trastorns del comportament per consum d'alcohol: Trastorn mental i trastorn del comportament no especificats
F110;Trastorns mentals i trastorns del comportament per consum d'opioides: Intoxicació aguda
F111;Trastorns mentals i trastorns del comportament per consum d'opioides: Consum nociu
F112;Trastorns mentals i trastorns del comportament per consum d'opioides: Síndrome de dependència
F113;Trastorns mentals i trastorns del comportament per consum d'opioides: Síndrome d'abstinència
F114;Trastorns mentals i trastorns del comportament per consum d'opioides: Síndrome d'abstinència amb delírium
F115;Trastorns mentals i trastorns del comportament per consum d'opioides: Trastorn psicòtic
F116;Trastorns mentals i trastorns del comportament per consum d'opioides: Síndrome amnèsica
F117;Trastorns mentals i trastorns del comportament per consum d'opioides: Trastorn psicòtic residual i d'inici tardà
F118;Trastorns mentals i trastorns del comportament per consum d'opioides: Altres trastorns mentals i del comportament
F119;Trastorns mentals i trastorns del comportament per consum d'opioides: Trastorn mental i trastorn del comportament no especificats
F120;Trastorns mentals i trastorns del comportament per consum de cannabinoides: Intoxicació aguda
F121;Trastorns mentals i trastorns del comportament per consum de cannabinoides: Consum nociu
F122;Trastorns mentals i trastorns del comportament per consum de cannabinoides: Síndrome de dependència
F123;Trastorns mentals i trastorns del comportament per consum de cannabinoides: Síndrome d'abstinència
F124;Trastorns mentals i trastorns del comportament per consum de cannabinoides: Síndrome d'abstinència amb delírium
F125;Trastorns mentals i trastorns del comportament per consum de cannabinoides: Trastorn psicòtic
F126;Trastorns mentals i trastorns del comportament per consum de cannabinoides: Síndrome amnèsica
F127;Trastorns mentals i trastorns del comportament per consum de cannabinoides: Trastorn psicòtic residual i d'inici tardà
F128;Trastorns mentals i trastorns del comportament per consum de cannabinoides: Altres trastorns mentals i del comportament
F129;Trastorns mentals i trastorns del comportament per consum de cannabinoides: Trastorn mental i trastorn del comportament no especificats
F130;Trastorns mentals i trastorns del comportament per consum de sedants i hipnòtics: Intoxicació aguda
F131;Trastorns mentals i trastorns del comportament per consum de sedants i hipnòtics: Consum nociu
F132;Trastorns mentals i trastorns del comportament per consum de sedants i hipnòtics: Síndrome de dependència
F133;Trastorns mentals i trastorns del comportament per consum de sedants i hipnòtics: Síndrome d'abstinència
F134;Trastorns mentals i trastorns del comportament per consum de sedants i hipnòtics: Síndrome d'abstinència amb delírium
F135;Trastorns mentals i trastorns del comportament per consum de sedants i hipnòtics: Trastorn psicòtic
F136;Trastorns mentals i trastorns del comportament per consum de sedants i hipnòtics: Síndrome amnèsica
F137;Trastorns mentals i trastorns del comportament per consum de sedants i hipnòtics: Trastorn psicòtic residual i d'inici tardà
F138;Trastorns mentals i trastorns del comportament per consum de sedants i hipnòtics: Altres trastorns mentals i del comportament
F139;Trastorns mentals i trastorns del comportament per consum de sedants i hipnòtics: Trastorn mental i trastorn del comportament no especificats
F140;Trastorns mentals i trastorns del comportament per consum de cocaïna: Intoxicació aguda
F141;Trastorns mentals i trastorns del comportament per consum de cocaïna: Consum nociu
F142;Trastorns mentals i trastorns del comportament per consum de cocaïna: Síndrome de dependència
F143;Trastorns mentals i trastorns del comportament per consum de cocaïna: Síndrome d'abstinència
F144;Trastorns mentals i trastorns del comportament per consum de cocaïna: Síndrome d'abstinència amb delírium
F145;Trastorns mentals i trastorns del comportament per consum de cocaïna: Trastorn psicòtic
F146;Trastorns mentals i trastorns del comportament per consum de cocaïna: Síndrome amnèsica
F147;Trastorns mentals i trastorns del comportament per consum de cocaïna: Trastorn psicòtic residual i d'inici tardà
F148;Trastorns mentals i trastorns del comportament per consum de cocaïna: Altres trastorns mentals i del comportament
F149;Trastorns mentals i trastorns del comportament per consum de cocaïna: Trastorn mental i trastorn del comportament no especificats
F150;Trastorns mentals i trastorns del comportament per consum d'estimulants, incloent la cafeïna: Intoxicació aguda
F151;Trastorns mentals i trastorns del comportament per consum d'estimulants, incloent la cafeïna: Consum nociu
F152;Trastorns mentals i trastorns del comportament per consum d'estimulants, incloent la cafeïna: Síndrome de dependència
F153;Trastorns mentals i trastorns del comportament per consum d'estimulants, incloent la cafeïna: Síndrome d'abstinència
F154;Trastorns mentals i trastorns del comportament per consum d'estimulants, incloent la cafeïna: Síndrome d'abstinència amb delírium
F155;Trastorns mentals i trastorns del comportament per consum d'estimulants, incloent la cafeïna: Trastorn psicòtic
F156;Trastorns mentals i trastorns del comportament per consum d'estimulants, incloent la cafeïna: Síndrome amnèsica
F157;Trastorns mentals i trastorns del comportament per consum d'estimulants, incloent la cafeïna: Trastorn psicòtic residual i d'inici tardà
F158;Trastorns mentals i trastorns del comportament per consum d'estimulants, incloent la cafeïna: Altres trastorns mentals i trastorns del comportament
F159;Trastorns mentals i trastorns del comportament per consum d'estimulants, incloent la cafeïna: Trastorn mental i trastorn del comportament no especificats
F160;Trastorns mentals i trastorns del comportament per consum d'al·lucinògens: Intoxicació aguda
F161;Trastorns mentals i trastorns del comportament per consum d'al·lucinògens: Consum nociu
F162;Trastorns mentals i trastorns del comportament per consum d'al·lucinògens: Síndrome de dependència
F163;Trastorns mentals i trastorns del comportament per consum d'al·lucinògens: Síndrome d'abstinència
F164;Trastorns mentals i trastorns del comportament per consum d'al·lucinògens: Síndrome d'abstinència amb delírium
F165;Trastorns mentals i trastorns del comportament per consum d'al·lucinògens: Trastorn psicòtic
F166;Trastorns mentals i trastorns del comportament per consum d'al·lucinògens: Síndrome amnèsica
F167;Trastorns mentals i trastorns del comportament per consum d'al·lucinògens: Trastorn psicòtic residual i d'inici tardà
F168;Trastorns mentals i trastorns del comportament per consum d'al·lucinògens: Altres trastorns mentals i del comportament
F169;Trastorns mentals i trastorns del comportament per consum d'al·lucinògens: Trastorn mental i trastorn del comportament no especificats
F170;Trastorns mentals i trastorns del comportament per consum de tabac: Intoxicació aguda
F171;Trastorns mentals i trastorns del comportament per consum de tabac: Consum nociu
F172;Trastorns mentals i trastorns del comportament per consum de tabac: Síndrome de dependència
F173;Trastorns mentals i trastorns del comportament per consum de tabac: Síndrome d'abstinència
F174;Trastorns mentals i trastorns del comportament per consum de tabac: Síndrome d'abstinència amb delírium
F175;Trastorns mentals i trastorns del comportament per consum de tabac: Trastorn psicòtic
F176;Trastorns mentals i trastorns del comportament per consum de tabac: Síndrome amnèsica
F177;Trastorns mentals i trastorns del comportament per consum de tabac: Trastorn psicòtic residual i d'inici tardà
F178;Trastorns mentals i trastorns del comportament per consum de tabac: Altres trastorns mentals i del comportament
F179;Trastorns mentals i trastorns del comportament per consum de tabac: Trastorn mental i trastorn del comportament no especificats
F180;Trastorns mentals i trastorns del comportament per consum de dissolvents volàtils: Intoxicació aguda
F181;Trastorns mentals i trastorns del comportament per consum de dissolvents volàtils: Consum nociu
F182;Trastorns mentals i trastorns del comportament per consum de dissolvents volàtils: Síndrome de dependència
F183;Trastorns mentals i trastorns del comportament per consum de dissolvents volàtils: Síndrome d'abstinència
F184;Trastorns mentals i trastorns del comportament per consum de dissolvents volàtils: Síndrome d'abstinència amb delírium
F185;Trastorns mentals i trastorns del comportament per consum de dissolvents volàtils: Trastorn psicòtic
F186;Trastorns mentals i trastorns del comportament per consum de dissolvents volàtils: Síndrome amnèsica
F187;Trastorns mentals i trastorns del comportament per consum de dissolvents volàtils: Trastorn psicòtic residual i d'inici tardà
F188;Trastorns mentals i trastorns del comportament per consum de dissolvents volàtils: Altres trastorns mentals i del comportament
F189;Trastorns mentals i trastorns del comportament per consum de dissolvents volàtils: Trastorn mental i trastorn del comportament no especificats
F190;Trastorns mentals i trastorns del comportament per consum de múltiples fàrmacs, drogues i altres substàncies psicoactives: Intoxicació aguda
F191;Trastorns mentals i trastorns del comportament per consum de múltiples fàrmacs, drogues i altres substàncies psicoactives: Consum nociu
F192;Trastorns mentals i trastorns del comportament per consum de múltiples fàrmacs, drogues i altres substàncies psicoactives: Síndrome de dependència
F193;Trastorns mentals i trastorns del comportament per consum de múltiples fàrmacs, drogues i altres substàncies psicoactives: Síndrome d'abstinència
F194;Trastorns mentals i trastorns del comportament per consum de múltiples fàrmacs, drogues i altres substàncies psicoactives: Síndrome d'abstinència amb delírium
F195;Trastorns mentals i trastorns del comportament per consum de múltiples fàrmacs, drogues i altres substàncies psicoactives: Trastorn psicòtic
F196;Trastorns mentals i trastorns del comportament per consum de múltiples fàrmacs, drogues i altres substàncies psicoactives: Síndrome amnèsica
F197;Trastorns mentals i trastorns del comportament per consum de múltiples fàrmacs, drogues i altres substàncies psicoactives: Trastorn psicòtic residual i d'inici tardà
F198;Trastorns mentals i trastorns del comportament per consum de múltiples fàrmacs, drogues i altres substàncies psicoactives: Altres trastorns mentals i trastorns del comportament
F199;Trastorns mentals i trastorns del comportament per consum de múltiples fàrmacs, drogues i altres substàncies psicoactives: Trastorn mental i trastorn del comportament no especificats
F200;Esquizofrènia paranoide
F201;Esquizofrènia hebefrènica
F202;Esquizofrènia catatònica
F203;Esquizofrènia indiferenciada
F204;Depressió postesquizofrènica
F205;Esquizofrènia residual
F206;Esquizofrènia simple
F208;Altres esquizofrènies
F209;Esquizofrènia no especificada
F220;Trastorn delirant
F228;Altres trastorns delirants persistents
F229;Trastorn delirant persistent no especificat
F230;Trastorn psicòtic polimòrfic agut sense símptomes d'esquizofrènia
F231;Trastorn psicòtic polimòrfic agut amb símptomes d'esquizofrènia
F232;Trastorn psicòtic agut similar a l'esquizofrènia
F233;Altres trastorns psicòtics aguts sobretot delirants
F238;Altres trastorns psicòtics aguts i transitoris
F239;Trastorn psicòtic agut i transitori no especificat
F250;Trastorn esquizoafectiu, tipus maníac
F251;Trastorn esquizoafectiu, tipus depressiu
F252;Trastorn esquizoafectiu, tipus mixt
F258;Altres trastorns esquizoafectius
F259;Trastorn esquizoafectiu no especificat
F300;Hipomania
F301;Mania sense símptomes psicòtics
F302;Mania amb símptomes psicòtics
F308;Altres episodis maníacs
F309;Episodi maníac no especificat
F310;Trastorn afectiu bipolar, episodi hipomaníac actual
F311;Trastorn afectiu bipolar, episodi maníac actual sense símptomes psicòtics
F312;Trastorn afectiu bipolar, episodi maníac actual amb símptomes psicòtics
F313;Trastorn afectiu bipolar, episodi actual de depressió lleu o moderada
F314;Trastorn afectiu bipolar, episodi actual de depressió greu sense símptomes psicòtics
F315;Trastorn afectiu bipolar, episodi actual de depressió greu amb símptomes psicòtics
F316;Trastorn afectiu bipolar, episodi actual mixt
F317;Trastorn afectiu bipolar, actualment en remissió
F318;Altres trastorns afectius bipolars
F319;Trastorn afectiu bipolar no especificat
F320;Episodi depressiu lleu
F321;Episodi depressiu moderat
F322;Episodi depressiu greu sense símptomes psicòtics
F323;Episodi depressiu greu amb símptomes psicòtics
F328;Altres episodis depressius
F329;Episodi depressiu no especificat
F330;Trastorn depressiu recurrent, episodi actual lleu
F331;Trastorn depressiu recurrent, episodi actual moderat
F332;Trastorn depressiu recurrent, episodi actual greu sense símptomes psicòtics
F333;Trastorn depressiu recurrent, episodi actual greu amb símptomes psicòtics
F334;Trastorn depressiu recurrent, actualment en remissió
F338;Altres trastorns depressius recurrents
F339;Trastorn depressiu recurrent no especificat
F340;Ciclotímia
F341;Distímia
F348;Altres trastorns persistents de l'estat d'ànim [trastorns afectius]
F349;Trastorn persistent de l'estat d'ànim [trastorn afectiu] no especificat
F380;Altres trastorns de l'estat d'ànim [trastorns afectius] únics
F381;Altres trastorns de l'estat d'ànim [trastorns afectius] recurrents
F388;Altres trastorns de l'estat d'ànim [trastorns afectius] especificats
F400;Agorafòbia
F401;Fòbies socials
F402;Fòbies especificades (aïllades)
F408;Altres trastorns d'ansietat fòbica
F409;Trastorn d'ansietat fòbica no especificat
F410;Trastorn de pànic [ansietat paroxismal episòdica]
F411;Trastorn d'ansietat generalitzada
F412;Trastorn mixt d'ansietat i depressiu
F413;Altres trastorns d'ansietat mixtos
F418;Altres trastorns d'ansietat especificats
F419;Trastorn d'ansietat no especificat
F420;Pensaments o rumiaments sobretot obsessius
F421;Actes sobretot compulsius [rituals obsessius]
F422;Pensaments i actes obsessius mixtos
F428;Altres trastorns obsessivocompulsius
F429;Trastorn obsessivocompulsiu no especificat
F430;Reacció aguda a l'estrès
F431;Trastorn per estrès posttraumàtic
F432;Trastorns d'adaptació
F438;Altres reaccions a l'estrès greu
F439;Reacció a l'estrès greu no especificada
F440;Amnèsia dissociativa
F441;Fuga dissociativa
F442;Estupor dissociatiu
F443;Trànsit i trastorns de possessió
F444;Trastorns motors dissociatius
F445;Convulsions dissociatives
F446;Anestèsia dissociativa i pèrdua sensorial
F447;Trastorns dissociatius [de conversió] mixtos
F448;Altres trastorns dissociatius [de conversió]
F449;Trastorn dissociatiu [de conversió] no especificat
F450;Trastorn de somatització
F451;Trastorn somatomorf indiferenciat
F452;Trastorn hipocondríac
F453;Disfunció autonòmica somatomorfa
F454;Trastorn del dolor somatomorf persistent
F458;Altres trastorns somatomorfs
F459;Trastorn somatomorf no especificat
F480;Neurastènia
F481;Síndrome de despersonalització o desrealització
F488;Altres trastorns neuròtics especificats
F489;Trastorn neuròtic no especificat
F500;Anorèxia nerviosa
F501;Anorèxia nerviosa atípica
F502;Bulímia nerviosa
F503;Bulímia nerviosa atípica
F504;Afartament associat a altres alteracions psicològiques
F505;Vòmits associats a altres alteracions psicològiques
F508;Altres trastorns de la conducta alimentària
F509;Trastorn de la conducta alimentària no especificat
F510;Insomni no orgànic
F511;Hipersòmnia no orgànica
F512;Trastorn no orgànic de l'horari de son i vigília
F513;Deambulació nocturna [somnambulisme]
F514;Terrors del son [terrors nocturns]
F515;Malsons
F518;Altres trastorns no orgànics del son
F519;Trastorn no orgànic del son no especificat
F520;Falta o pèrdua de desig sexual
F521;Aversió al sexe i falta de gaudi sexual
F522;Fallida de la resposta genital
F523;Disfunció orgàstica
F524;Ejaculació precoç
F525;Vaginisme no orgànic
F526;Disparèunia no orgànica
F527;Impuls sexual excessiu
F528;Altres disfuncions sexuals no causades per trastorn o malaltia orgànics
F529;Disfunció sexual no especificada no causada per trastorn o malaltia orgànics
F530;Trastorns mentals i trastorns del comportament lleus associats al puerperi no classificats a cap altre lloc
F531;Trastorns mentals i trastorns del comportament greus associats al puerperi no classificats a cap altre lloc
F538;Altres trastorns mentals i trastorns del comportament associats al puerperi no classificats a cap altre lloc
F539;Trastorn mental puerperal no especificat
F600;Trastorn paranoide de la personalitat
F601;Trastorn esquizoide de la personalitat
F602;Trastorn dissocial de la personalitat
F603;Trastorn de la personalitat inestable emocionalment
F604;Trastorn histriònic de la personalitat
F605;Trastorn anancàstic de la personalitat
F606;Trastorn ansiós de la personalitat [per evitació]
F607;Trastorn de la personalitat per dependència
F608;Altres trastorns de la personalitat especificats
F609;Trastorn de la personalitat no especificat
F620;Canvi de la personalitat durador després d'una experiència catastròfica
F621;Canvi de la personalitat durador després d'una malaltia psiquiàtrica
F628;Altres canvis de la personalitat duradors
F629;Canvi de la personalitat durador no especificat
F630;Ludopatia
F631;Piromania [provocació d'incendi patològica]
F632;Cleptomania [robatori patològic]
F633;Tricotil·lomania
F638;Altres trastorns dels hàbits i del control dels impulsos
F639;Trastorns no especificats dels hàbits i del control dels impulsos
F640;Transsexualitat
F641;Transvestisme de doble identitat
F642;Trastorn d'identitat de gènere de la infància
F648;Altres trastorns d'identitat de gènere
F649;Trastorn d'identitat de gènere no especificat
F650;Fetitxisme
F651;Transvestisme fetitxista
F652;Exhibicionisme
F653;Escopofília (voyeurisme)
F654;Pedofília
F655;Sadomasoquisme
F656;Trastorns múltiples de preferència sexual
F658;Altres trastorns de preferència sexual
F659;Trastorn de preferència sexual no especificat
F660;Trastorn de maduració sexual
F661;Orientació sexual egodistònica
F662;Trastorn de relació sexual
F668;Altres trastorns de desenvolupament psicosexual
F669;Trastorn no especificat de desenvolupament psicosexual
F680;Elaboració de símptomes físics per motius psicològics
F681;Producció o fingiment intencionats de símptomes o discapacitats, tant físics com psicològics [trastorn factici]
F688;Altres trastorns especificats de la personalitat i el comportament en l'adult
F700;Retard mental lleu: Amb indicació de deterioració del comportament mínima o nul·la
F701;Retard mental lleu: Deterioració del comportament significativa que requereix atenció o tractament
F708;Retard mental lleu: Altres deterioracions del comportament
F709;Retard mental lleu: Sense menció de deterioració del comportament
F710;Retard mental moderat: Amb indicació de deterioració del comportament mínima o nul·la
F711;Retard mental moderat: Deterioració del comportament significativa que requereix atenció o tractament
F718;Retard mental moderat: Altres deterioracions del comportament
F719;Retard mental moderat: Sense menció de deterioració del comportament
F720;Retard mental greu: Amb indicació de deterioració del comportament mínima o nul·la
F721;Retard mental greu: Deterioració del comportament significativa que requereix atenció o tractament
F728;Retard mental greu: Altres deterioracions del comportament
F729;Retard mental greu: Sense menció de deterioració del comportament
F730;Retard mental profund: Amb indicació de deterioració del comportament mínima o nul·la
F731;Retard mental profund: Deterioració del comportament significativa que requereix atenció o tractament
F738;Retard mental profund: Altres deterioracions del comportament
F739;Retard mental profund: Sense menció de deterioració del comportament
F780;Altres retards mentals: Amb indicació de deterioració del comportament mínima o nul·la
F781;Altres retards mentals: Deterioració del comportament significativa que requereix atenció o tractament
F788;Altres retards mentals: Altres deterioracions del comportament
F789;Altres retards mentals: Sense menció de deterioració del comportament
F790;Retard mental no especificat: Amb indicació de deterioració del comportament mínima o nul·la
F791;Retard mental no especificat: Deterioració del comportament significativa que requereix atenció o tractament
F798;Retard mental no especificat: Altres deterioracions del comportament
F799;Retard mental no especificat: Sense menció de deterioració del comportament
F800;Trastorn especificat d'articulació de la parla
F801;Trastorn de l'expressió del llenguatge
F802;Trastorn de la recepció del llenguatge
F803;Afàsia adquirida amb epilèpsia [Landau-Kleffner]
F808;Altres trastorns del desenvolupament de la parla i el llenguatge
F809;Trastorn no especificat del desenvolupament de la parla i el llenguatge
F810;Trastorn específic de la lectura
F811;Trastorn específic de l'ortografia
F812;Trastorn específic de les habilitats aritmètiques
F813;Trastorn mixt de les habilitats escolars
F818;Altres trastorns del desenvolupament de les habilitats escolars
F819;Trastorn no especificat del desenvolupament de les habilitats escolars
F840;Autisme de la infància
F841;Autisme atípic
F842;Síndrome de Rett
F843;Altres trastorns desintegratius de la infància
F844;Trastorn d'hiperactivitat associat a retard mental i moviments estereotipats
F845;Síndrome d'Asperger
F848;Altres trastorns generalitzats del desenvolupament
F849;Trastorn generalitzat no especificat del desenvolupament
F900;Alteració de l'activitat i l'atenció
F901;Trastorn de la conducta hipercinètica
F908;Altres trastorns hipercinètics
F909;Trastorn hipercinètic no especificat
F910;Trastorn de conducta limitat al context familiar
F911;Trastorn de la conducta insocialitzada
F912;Trastorn de la conducta socialitzada
F913;Trastorn d'oposició desafiant
F918;Altres trastorns de conducta
F919;Trastorn de conducta no especificat
F920;Trastorn de la conducta depressiva
F928;Altres trastorns mixtos de conducta i de les emocions
F929;Trastorn mixt no especificat de conducta i de les emocions
F930;Trastorn d'ansietat per separació de la infància
F931;Trastorn d'ansietat fòbica de la infància
F932;Trastorn d'ansietat social de la infància
F933;Trastorn de rivalitat de germans
F938;Altres trastorns emocionals de la infància
F939;Trastorn emocional de la infància no especificat
F940;Mutisme voluntari
F941;Trastorn reactiu de dependència de la infància
F942;Trastorn desinhibit de dependència de la infància
F948;Altres trastorns de funcionament social de la infància
F949;Trastorn no especificat de funcionament social de la infància
F950;Trastorn de tics transitori
F951;Trastorn crònic de tics motors o vocals
F952;Trastorn combinat de tics vocals i tics motors múltiples [De la Tourette]
F958;Altres trastorns de tics
F959;Trastorn de tics no especificat
F980;Enuresi no orgànica
F981;Encopresi no orgànica
F982;Trastorn de la conducta alimentària en la lactància i la infància
F983;Pica en la lactància i la infància
F984;Trastorns de moviment estereotipat
F985;Quequesa [balbuceig]
F986;Llenguatge farfallós
F988;Altres trastorns emocionals i del comportament especificats que habitualment ocorren en la infància i l'adolescència
F989;Trastorn emocional i del comportament no especificat que habitualment s'inicia en la infància i l'adolescència
G000;Meningitis per Haemophilus
G001;Meningitis pneumocòccica
G002;Meningitis estreptocòccica
G003;Meningitis estafilocòccica
G008;Altres meningitis bacterianes
G009;Meningitis bacteriana no especificada
G020;Meningitis en malalties víriques classificades en un altre lloc
G021;Meningitis en micosi
G028;Meningitis en altres malalties infeccioses i parasitàries especificades classificades en un altre lloc
G030;Meningitis no piògena
G031;Meningitis crònica
G032;Meningitis recurrent benigna [Mollaret]
G038;Meningitis provocada per altres causes especificades
G039;Meningitis no especificada
G040;Encefalitis disseminada aguda
G041;Paraplegia espàstica tropical
G042;Meningoencefalitis i meningomielitis bacterianes no classificades a cap altre lloc
G048;Altres encefalitis, mielitis i encefalomielitis
G049;Encefalitis, mielitis i encefalomielitis no especificades
G050;Encefalitis, mielitis i encefalomielitis en malalties bacterianes classificades en un altre lloc
G051;Encefalitis, mielitis i encefalomielitis en malalties víriques classificades en un altre lloc
G052;Encefalitis, mielitis i encefalomielitis en altres malalties infeccioses i parasitàries classificades en un altre lloc
G058;Encefalitis, mielitis i encefalomielitis en altres malalties classificades en un altre lloc
G060;Abscés i granuloma intracranials
G061;Abscés i granuloma intraraquidis
G062;Abscés extradural i subdural no especificat
G110;Atàxia no progressiva congènita
G111;Atàxia cerebel·losa d'inici precoç
G112;Atàxia cerebel·losa d'inici tardà
G113;Atàxia cerebel·losa amb reparació de DNA defectuós
G114;Paraplegia espàstica hereditària
G118;Altres atàxies hereditàries
G119;Atàxia hereditària no especificada
G120;Atròfia muscular espinal infantil, tipus I [Werdnig-Hoffman]
G121;Altres tipus d'atròfia muscular espinal hereditària
G122;Malaltia de la neurona motora
G128;Altres atròfies musculars espinals i síndromes relacionades
G129;Atròfia muscular espinal no especificada
G130;Neuromiopatia i neuropatia paraneoplàstiques
G131;Altres tipus d'atròfia sistèmica que afecten principalment el sistema nerviós central en malaltia neoplàstica
G132;Atròfia sistèmica que afecta principalment el sistema nerviós central en mixedema (E00.1+, E03.-+)
G138;Atròfia sistèmica que afecta principalment el sistema nerviós central en altres malalties classificades en un altre lloc
G210;Síndrome neurolèptica maligna
G211;Altres tipus de parkinsonisme secundari induït per fàrmacs
G212;Parkinsonisme secundari provocat per altres agents externs
G213;Parkinsonisme postencefalític
G218;Altres tipus de parkinsonisme secundari
G219;Parkinsonisme secundari no especificat
G230;Malaltia de Hallervorden-Spatz
G231;Oftalmoplegia supranuclear progressiva [Steele-Richardson-Olszewski]
G232;Degeneració estrionigral
G238;Altres malalties degeneratives dels ganglis basals especificades
G239;Malaltia degenerativa dels ganglis basals no especificada
G240;Distonia induïda per fàrmacs
G241;Distonia idiopàtica familiar
G242;Distonia idiopàtica no familiar
G243;Torticoli espasmòdic
G244;Distonia orofacial idiopàtica
G245;Blefarospasme
G248;Altres tipus de distonia
G249;Distonia no especificada
G250;Tremolor essencial
G251;Tremolor induït per fàrmacs
G252;Altres formes de tremolor especificades
G253;Mioclònia
G254;Corea induïda per fàrmacs
G255;Altres tipus de corea
G256;Tics induïts per fàrmacs i altres tics d'origen orgànic
G258;Altres trastorns extrapiramidals i de moviment especificats
G259;Trastorn extrapiramidal i de moviment no especificat
G300;Malaltia d'Alzheimer amb inici precoç
G301;Malaltia d'Alzheimer amb inici tardà
G308;Altres tipus de malaltia d'Alzheimer
G309;Malaltia d'Alzheimer no especificada
G310;Atròfia cerebral circumscrita
G311;Degeneració senil cerebral no classificada a cap altre lloc
G312;Degeneració del sistema nerviós provocada per alcohol
G318;Altres malalties degeneratives del sistema nerviós especificades
G319;Malaltia degenerativa del sistema nerviós no especificada
G320;Degeneració combinada subaguda de medul·la espinal en malalties classificades en un altre lloc
G328;Altres trastorns degeneratius especificats del sistema nerviós en malalties classificades en un altre lloc
G360;Neuromielitis òptica [Devic]
G361;Leucoencefalitis hemorràgica aguda i subaguda [Hurst]
G368;Altres tipus de desmielinització disseminada aguda especificada
G369;Desmielinització disseminada aguda no especificada
G370;Esclerosi difusa
G371;Desmielinització central de cos callós
G372;Mielinòlisi pòntica central
G373;Mielitis transversa aguda en malaltia desmielinitzant del sistema nerviós central
G374;Mielitis necrosant subaguda
G375;Esclerosi concèntrica [Baló]
G378;Altres malalties desmielinitzants especificades del sistema nerviós central
G379;Malaltia desmielinitzant del sistema nerviós central no especificada
G400;Epilèpsia idiopàtica localitzada (focal) (parcial) i síndromes epilèptiques amb atacs d'inici localitzat
G401;Epilèpsia simptomàtica localitzada (focal) (parcial) i síndromes epilèptiques amb atacs parcials simples
G402;Epilèpsia simptomàtica localitzada (focal) (parcial) i síndromes epilèptiques amb atacs parcials complexos
G403;Epilèpsia i síndromes epilèptiques idiopàtiques generalitzades
G404;Altres tipus d'epilèpsia i síndromes epilèptiques generalitzades
G405;Síndromes epilèptiques especials
G406;Atacs de gran mal no especificats (amb petit mal o sense)
G407;Petit mal no especificat sense atacs de gran mal
G408;Altres tipus d'epilèpsia
G409;Epilèpsia no especificada
G410;Estat epilèptic de gran mal
G411;Estat epilèptic de petit mal
G412;Estat epilèptic parcial complex
G418;Altres estats epilèptics
G419;Estat epilèptic no especificat
G430;Migranya sense aura [migranya comuna]
G431;Migranya amb aura [migranya clàssica]
G432;Estat migranyós
G433;Migranya complicada
G438;Altres tipus de migranya
G439;Migranya no especificada
G440;Síndrome de la cefalàlgia de Horton
G441;Cefalàlgia vascular no classificada a cap altre lloc
G442;Cefalàlgia de tipus tensional
G443;Cefalàlgia posttraumàtica crònica
G444;Cefalàlgia induïda per fàrmacs no classificada a cap altre lloc
G448;Altres síndromes amb cefalàlgia especificades
G450;Síndrome de l'artèria vertebrobasilar
G451;Síndrome de l'artèria caròtide (hemisfèrica)
G452;Síndromes de l'artèria precerebral bilateral i múltiple
G453;Amaurosi fugaç
G454;Amnèsia global transitòria
G458;Altres atacs isquèmics cerebrals transitoris i síndromes relacionades
G459;Atac isquèmic cerebral transitori no especificat
G460;Síndrome de l'artèria cerebral mitjana (I66.0+)
G461;Síndrome de l'artèria cerebral anterior (I66.1+)
G462;Síndrome de l'artèria cerebral posterior (I66.2+)
G463;Síndrome apoplèctica del tronc encefàlic (I60-I67+)
G464;Síndrome apoplèctica cerebel·losa (I60-I67+)
G465;Síndrome lacunar motora pura (I60-I67+)
G466;Síndrome lacunar sensorial pura (I60-I67+)
G467;Altres síndromes lacunars (I60-I67+)
G468;Altres síndromes vasculars de l'encèfal en malalties cerebrovasculars (I60-I67+)
G470;Trastorns de l'inici i el manteniment del son [insomnis]
G471;Trastorns de somnolència excessiva [hipersòmnies]
G472;Trastorns de l'horari de son i vigília
G473;Apnea del son
G474;Narcolèpsia i cataplexia
G478;Altres trastorns del son
G479;Trastorn del son no especificat
G500;Neuràlgia del trigemin
G501;Dolor facial atípic
G508;Altres trastorns del nervi trigemin
G509;Trastorn del nervi trigemin no especificat
G510;Paràlisi de Bell
G511;Ganglionitis geniculada
G512;Síndrome de Melkersson
G513;Espasme hemifacial clònic
G514;Miocímia facial
G518;Altres trastorns del nervi facial
G519;Trastorn del nervi facial no especificat
G520;Trastorns del nervi olfactori
G521;Trastorns del nervi glossofaringi
G522;Trastorns del nervi vague
G523;Trastorns del nervi hipoglòs
G527;Trastorns de múltiples nervis cranials
G528;Trastorns d'altres nervis cranials especificats
G529;Trastorn de nervi cranial no especificat
G530;Neuràlgia postherpes zòster (B02+)
G531;Paràlisis de múltiples nervis cranials en malalties infeccioses i parasitàries classificades en un altre lloc (A00-B99+)
G532;Paràlisis de múltiples nervis cranials en sarcoïdosi (D86.8+)
G533;Paràlisis de múltiples nervis cranials en malaltia neoplàstica (C00-D48+)
G538;Altres trastorns del nervi cranial en altres malalties classificades en un altre lloc
G540;Trastorns del plexe braquial
G541;Trastorns del plexe lumbosacre
G542;Trastorns de les arrels cervicals no classificats a cap altre lloc
G543;Trastorns de les arrels dorsals no classificats a cap altre lloc
G544;Trastorns de les arrels lumbosacres no classificats a cap altre lloc
G545;Neuràlgia amiotròfica
G546;Síndrome del membre fantasma amb dolor
G547;Síndrome del membre fantasma sense dolor
G548;Altres trastorns de les arrels i els plexes nerviosos
G549;Trastorn de les arrels i els plexes nerviosos no especificat
G550;Compressions de les arrels i els plexes nerviosos en malaltia neoplàstica (C00-D48+)
G551;Compressions de les arrels i els plexes nerviosos en trastorns del disc intervertebral (M50-M51+)
G552;Compressions de les arrels i els plexes nerviosos en espondilosi (M47.-+)
G553;Compressions de les arrels i els plexes nerviosos en altres dorsopaties (M45-M46+, M48.-+, M53-M54+)
G558;Compressions de les arrels i els plexes nerviosos en altres malalties classificades en un altre lloc
G560;Síndrome del túnel carpià
G561;Altres lesions del nervi medià
G562;Lesió del nervi cubital
G563;Lesió del nervi radial
G564;Causàlgia
G568;Altres mononeuropaties de l'extremitat superior
G569;Mononeuropatia de l'extremitat superior no especificada
G570;Lesió del nervi ciàtic
G571;Meràlgia parestèsica
G572;Lesió del nervi femoral
G573;Lesió del nervi popliti extern
G574;Lesió del nervi popliti intern
G575;Síndrome del túnel tarsià
G576;Lesió del nervi plantar
G578;Altres mononeuropaties de l'extremitat inferior
G579;Mononeuropatia de l'extremitat inferior no especificada
G580;Neuropatia intercostal
G587;Mononeuritis múltiple
G588;Altres mononeuropaties especificades
G589;Mononeuropatia no especificada
G590;Mononeuropatia diabètica (E10-E14 amb el quart caràcter comú .4+)
G598;Altres mononeuropaties en malalties classificades en un altre lloc
G600;Neuropatia motora i sensitiva hereditària
G601;Malaltia de Refsum
G602;Neuropatia associada a atàxia hereditària
G603;Neuropatia progressiva idiopàtica
G608;Altres neuropaties hereditàries i idiopàtiques
G609;Neuropatia hereditària i idiopàtica no especificada
G610;Síndrome de Guillain-Barré
G611;Neuropatia per sèrum
G618;Altres polineuropaties inflamatòries
G619;Polineuropatia inflamatòria no especificada
G620;Polineuropatia induïda per fàrmacs
G621;Polineuropatia alcohòlica
G622;Polineuropatia provocada per altres agents tòxics
G628;Altres polineuropaties especificades
G629;Polineuropatia no especificada
G630;Polineuropatia en malalties infeccioses i parasitàries classificades en un altre lloc
G631;Polineuropatia en malaltia neoplàstica (C00-D48+)
G632;Polineuropatia diabètica (E10-E14 amb el quart caràcter comú .4+)
G633;Polineuropatia en altres malalties endocrines i metabòliques
G634;Polineuropatia en carència nutricional (E40-E64+)
G635;Polineuropatia en trastorns del teixit connectiu sistèmic (M30-M35+)
G636;Polineuropatia en altres trastorns musculoesquelètics (M00-M25+, M40-M96+)
G638;Polineuropatia en altres malalties classificades en un altre lloc
G700;Miastènia greu
G701;Trastorns mioneurals tòxics
G702;Miastènia congènita i de desenvolupament
G708;Altres trastorns mioneurals especificats
G709;Trastorn mioneural no especificat
G710;Distròfia muscular
G711;Trastorns miotònics
G712;Miopaties congènites
G713;Miopatia mitocondrial no classificada a cap altre lloc
G718;Altres trastorns primaris dels músculs
G719;Trastorn primari del múscul no especificat
G720;Miopatia induïda per fàrmacs
G721;Miopatia alcohòlica
G722;Miopatia provocada per altres agents tòxics
G723;Paràlisi periòdica
G724;Miopatia inflamatòria no classificada a cap altre lloc
G728;Altres miopaties especificades
G729;Miopatia no especificada
G730;Síndromes miastèniques en malalties endocrines
G731;Síndrome d'Eaton-Lambert (C80+)
G732;Altres síndromes miastèniques en malaltia neoplàstica (C00-D48+)
G733;Síndromes miastèniques en altres malalties classificades en un altre lloc
G734;Miopatia en malalties infeccioses i parasitàries classificades en un altre lloc
G735;Miopatia en malalties endocrines
G736;Miopatia en malalties metabòliques
G737;Miopatia en altres malalties classificades en un altre lloc
G800;Paràlisi cerebral quadriplègica espàstica
G801;Paràlisi cerebral diplègica espàstica
G802;Paràlisi cerebral hemiplègica espàstica
G803;Paràlisi cerebral discinètica
G804;Paràlisi cerebral atàctica
G808;Altres tipus de paràlisi cerebral
G809;Paràlisi cerebral no especificada
G810;Hemiplegia flàccida
G811;Hemiplegia espàstica
G819;Hemiplegia no especificada
G820;Paraplegia flàccida
G821;Paraplegia espàstica
G822;Paraplegia no especificada
G823;Quadriplegia flàccida
G824;Quadriplegia espàstica
G825;Quadriplegia no especificada
G830;Diplegia de les extremitats superiors
G831;Monoplegia d'extremitat inferior
G832;Monoplegia d'extremitat superior
G833;Monoplegia no especificada
G834;Síndrome de la cua de cavall
G838;Altres síndromes paralítiques especificades
G839;Síndrome paralítica no especificada
G900;Neuropatia autonòmica perifèrica idiopàtica
G901;Disautonomia familiar [Riley-Day]
G902;Síndrome de Horner
G903;Degeneració multisistèmica
G904;Disreflèxia autonòmica
G908;Altres trastorns del sistema nerviós autònom
G909;Trastorn del sistema nerviós autònom no especificat
G910;Hidrocefàlia comunicant
G911;Hidrocefàlia obstructiva
G912;Hidrocefàlia normotensiva
G913;Hidrocefàlia posttraumàtica no especificada
G918;Altres tipus d'hidrocefàlia
G919;Hidrocefàlia no especificada
G930;Quists cerebrals
G931;Dany cerebral anòxic no classificat a cap altre lloc
G932;Hipertensió intracranial benigna
G933;Síndrome de fatiga postvírica
G934;Encefalopatia no especificada
G935;Compressió encefàlica
G936;Edema cerebral
G937;Síndrome de Reye
G938;Altres trastorns de l'encèfal especificats
G939;Trastorn de l'encèfal no especificat
G940;Hidrocefàlia en malalties infeccioses i parasitàries classificades en un altre lloc (A00-B99+)
G941;Hidrocefàlia en malaltia neoplàstica (C00-D48+)
G942;Hidrocefàlia en altres malalties classificades en un altre lloc
G948;Altres trastorns de l'encèfal especificats en malalties classificades en un altre lloc
G950;Siringomièlia i siringobúlbia
G951;Mielopaties vasculars
G952;Compressió medul·lar no especificada
G958;Altres malalties especificades de la medul·la espinal
G959;Malaltia de la medul·la espinal no especificada
G960;Filtració de líquid cefaloraquidi
G961;Trastorns de les meninges no classificats a cap altre lloc
G968;Altres trastorns del sistema nerviós central especificats
G969;Trastorn del sistema nerviós central no especificat
G970;Filtració de líquid cefaloraquidi per punció raquídia
G971;Altres reaccions a punció raquídia i lumbar
G972;Hipotensió intracranial consecutiva a derivació ventricular
G978;Altres trastorns del sistema nerviós posteriors a un procediment
G979;Trastorn del sistema nerviós posterior a un procediment no especificat
G990;Neuropatia autonòmica en malalties endocrines i metabòliques
G991;Altres trastorns del sistema nerviós autònom en altres malalties classificades en un altre lloc
G992;Mirlopatia en malalties classificades en un altre lloc
G998;Altres trastorns especificats del sistema nerviós en malalties classificades en un altre lloc
H000;Mussol i altres inflamacions profundes de la parpella
H001;Calazi
H010;Blefaritis
H011;Dermatosis no infeccioses de la parpella
H018;Altres inflamacions de la parpella especificades
H019;Inflamació de la parpella no especificada
H020;Entropi i triquiasi de la parpella
H021;Ectropi de la parpella
H022;Lagoftàlmia
H023;Blefarocalàsia
H024;Ptosi de la parpella
H025;Altres trastorns que afecten la funció de les parpelles
H026;Xantelasma de la parpella
H027;Altres trastorns degeneratius de la parpella i la zona periocular
H028;Altres trastorns de la parpella especificats
H029;Trastorn de la parpella no especificat
H030;Infestació parasitària de la parpella en malalties classificades en un altre lloc
H031;Afectació de la parpella en altres malalties infeccioses classificades en un altre lloc
H038;Afectació de la parpella en altres altres malalties classificades en un altre lloc
H040;Dacrioadenitis
H041;Altres trastorns de la glàndula lacrimal
H042;Epífora
H043;Inflamació aguda i no especificada dels conductes lacrimals
H044;Inflamació crònica dels conductes lacrimals
H045;Estenosi i insuficiència dels conductes lacrimals
H046;Altres canvis en els conductes lacrimals
H048;Altres trastorns de l'aparell lacrimal
H049;Trastorn no especificat de l'aparell lacrimal
H050;Inflamació aguda de l'òrbita
H051;Trastorns inflamatoris crònics de l'òrbita
H052;Afeccions exoftàlmiques
H053;Deformitat de l'òrbita
H054;Enoftàlmia
H055;Cos estrany retingut (antic) consecutiu a ferida penetrant de l'òrbita
H058;Altres trastorns de l'òrbita
H059;Trastorn de l'òrbita no especificat
H060;Trastorns de l'aparell lacrimal en malalties classificades en un altre lloc
H061;Infestació parasitària de l'òrbita en malalties classificades en un altre lloc
H062;Exoftàlmia distiroïdal (E05.-+)
H063;Altres trastorns de l'òrbita en malalties classificades en un altre lloc
H100;Conjuntivitis mucopurulenta
H101;Conjuntivitis atòpica aguda
H102;Altres conjuntivitis agudes
H103;Conjuntivitis aguda no especificada
H104;Conjuntivitis crònica
H105;Blefaroconjuntivitis
H108;Altres conjuntivitis
H109;Conjuntivitis no especificada
H110;Pterigi
H111;Degeneracions i dipòsits conjuntivals
H112;Cicatrius conjuntivals
H113;Hemorràgia conjuntival
H114;Altres trastorns i quists vasculars conjuntivals
H118;Altres trastorns especificats de la conjuntiva
H119;Trastorn no especificat de la conjuntiva
H130;Filariosi de la conjuntiva (B74.-+)
H131;Conjuntivitis en malalties infeccioses i parasitàries classificades en un altre lloc
H132;Conjuntivitis en altres malalties classificades en un altre lloc
H133;Pemfigoide ocular (L12.-+)
H138;Altres trastorns de la conjuntiva en malalties classificades en un altre lloc
H150;Escleritis
H151;Episcleritis
H158;Altres trastorns de l'escleròtica
H159;Trastorn de l'escleròtica no especificat
H160;Úlcera corneal
H161;Altres queratitis superficials sense conjuntivitis
H162;Queratoconjuntivitis
H163;Queratitis intersticial i profunda
H164;Neovascularització corneal
H168;Altres queratitis
H169;Queratitis no especificada
H170;Leucoma adherent
H171;Altres opacitats centrals de la còrnia
H178;Altres cicatrius i opacitats corneals
H179;Cicatriu i opacitat corneal no especificada
H180;Pigmentacions i dipòsits corneals
H181;Queratopatia ampul·lar
H182;Altres edemes corneals
H183;Canvis en les membranes corneals
H184;Degeneració corneal
H185;Distròfies corneals hereditàries
H186;Queratocon
H187;Altres deformitats corneals
H188;Altres trastorns especificats de la còrnia
H189;Trastorn no especificat de la còrnia
H190;Escleritis i episcleritis en malalties classificades en un altre lloc
H191;Queratitis i queratoconjuntivitis per herpesvirus (B00.5+)
H192;Queratitis i queratoconjuntivitis en altres malalties infeccioses i parasitàries classificades en un altre lloc
H193;Queratitis i queratoconjuntivitis en altres malalties classificades en un altre lloc
H198;Altres trastorns de l'escleròtica i la còrnia en malalties classificades en un altre lloc
H200;Iridociclitis aguda i subaguda
H201;Iridociclitis crònica
H202;Iridociclitis induïda pel cristal·lí
H208;Altres iridociclitis
H209;Iridociclitis no especificada
H210;Hipema
H211;Altres trastorns vasculars de l'iris i el cos ciliar
H212;Degeneració de l'iris i el cos ciliar
H213;Quist de l'iris, el cos ciliar i la cambra anterior
H214;Membranes pupil·lars
H215;Altres adherències i ruptures de l'iris i el cos ciliar
H218;Altres trastorns especificats de l'iris i el cos ciliar
H219;Trastorns no especificats de l'iris i el cos ciliar
H220;Iridociclitis en malalties infeccioses i parasitàries classificades en un altre lloc
H221;Iridociclitis en altres malalties classificades en un altre lloc
H228;Altres trastorns de l'iris i el cos ciliar en malalties classificades en un altre lloc
H250;Cataracta incipient senil
H251;Cataracta nuclear senil
H252;Cataracta senil morgagniana
H258;Altres cataractes senils
H259;Cataracta senil no especificada
H260;Cataracta infantil, juvenil i presenil
H261;Cataracta traumàtica
H262;Cataracta complicada
H263;Cataracta induïda per fàrmacs
H264;Opacitat de la lent postextracció de cataracta
H268;Altres cataractes especificades
H269;Cataracta no especificada
H270;Afàquia
H271;Luxació del cristal·lí
H278;Altres trastorns del cristal·lí especificats
H279;Trastorn del cristal·lí no especificat
H280;Cataracta diabètica (E10-E14 amb el quart caràcter comú .3+)
H281;Cataracta en altres malalties endocrines, nutricionals i metabòliques
H282;Cataracta en altres malalties classificades en un altre lloc
H288;Altres trastorns del cristal·lí en malalties classificades en un altre lloc
H300;Inflamació corioretinal focal
H301;Inflamació corioretinal disseminada
H302;Ciclitis posterior
H308;Altres inflamacions corioretinals
H309;Inflamació corioretinal no especificada
H310;Cicatrius corioretinals
H311;Degeneració coroïdal
H312;Distròfia coroïdal hereditària
H313;Hemorràgia i ruptura coroïdals
H314;Despreniment de la coroide
H318;Altres trastorns de la coroide especificats
H319;Trastorn de la coroide no especificat
H320;Inflamació corioretinal en malalties infeccioses i parasitàries classificades en un altre lloc
H328;Altres trastorns corioretinals en malalties classificades en un altre lloc
H330;Despreniment de la retina amb ruptura de la retina
H331;Retinòsquisi i quists retinals
H332;Despreniment serós de la retina
H333;Ruptures de la retina sense despreniment
H334;Despreniment de la retina per tracció
H335;Altres despreniments de la retina
H340;Oclusió transitòria d'artèria de la retina
H341;Oclusió de l'artèria central de la retina
H342;Altres oclusions d'artèria de la retina
H348;Altres oclusions vasculars de la retina
H349;Oclusió vascular de la retina no especificada
H350;Retinopatia de fons i canvis vasculars de la retina
H351;Retinopatia de la prematuritat
H352;Altres retinopaties proliferatives
H353;Degeneració macular i del pol posterior
H354;Degeneració perifèrica de la retina
H355;Distròfia retinal hereditària
H356;Hemorràgia retinal
H357;Separació de les capes retinals
H358;Altres trastorns de la retina especificats
H359;Trastorn de la retina no especificat
H360;Retinopatia diabètica (E10-E14 amb el quart caràcter comú .3+)
H368;Altres trastorns de la retina en malalties classificades en un altre lloc
H400;Sospita de glaucoma
H401;Glaucoma d'angle obert primari
H402;Glaucoma d'angle tancat primari
H403;Glaucoma secundari a traumatisme ocular
H404;Glaucoma secundari a inflamació ocular
H405;Glaucoma secundari a altres trastorns de l'ull
H406;Glaucoma secundari a fàrmacs
H408;Altres glaucomes
H409;Glaucoma no especificat
H420;Glaucoma en malalties endocrines, nutricionals i metabòliques
H428;Glaucoma en altres malalties classificades en un altre lloc
H430;Prolapse vitri
H431;Hemorràgia vítria
H432;Dipòsits cristal·lins en el cos vitri
H433;Altres opacitats vítries
H438;Altres trastorns del cos vitri
H439;Trastorn del cos vitri no especificat
H440;Endoftalmitis supurativa
H441;Altres endoftalmitis
H442;Miopia degenerativa
H443;Altres trastorns degeneratius del globus ocular
H444;Hipotonia ocular
H445;Afeccions degeneratives del globus ocular
H446;Cos estrany magnètic intraocular retingut (antic)
H447;Cos estrany no magnètic intraocular retingut (antic)
H448;Altres trastorns del globus ocular
H449;Trastorn no especificat del globus ocular
H450;Hemorràgia vítria en malalties classificades en un altre lloc
H451;Endoftalmitis en malalties classificades en un altre lloc
H458;Altres trastorns del cos vitri i el globus ocular en malalties classificades en un altre lloc
H470;Trastorns del nervi òptic no classificats a cap altre lloc
H471;Papil·ledema no especificat
H472;Atròfia òptica
H473;Altres trastorns del disc òptic
H474;Trastorns del quiasma òptic
H475;Trastorns d'altres vies òptiques
H476;Trastorns del còrtex visual
H477;Trastorn no especificat de les vies òptiques
H480;Atròfia òptica en malalties classificades en un altre lloc
H481;Neuritis retrobulbar en malalties classificades en un altre lloc
H488;Altres trastorns del nervi òptic i les vies òptiques en malalties classificades en un altre lloc
H490;Paràlisi del tercer parell cranial [nervi motor ocular comú]
H491;Paràlisi del quart parell cranial [nervi patètic]
H492;Paràlisi del sisè parell cranial [nervi motor ocular extern]
H493;Oftalmoplegia total (externa)
H494;Oftalmoplegia externa progressiva
H498;Altres tipus d'estrabisme paralític
H499;Estrabisme paralític no especificat
H500;Estrabisme concomitant convergent
H501;Estrabisme concomitant divergent
H502;Estrabisme vertical
H503;Heterotropia intermitent
H504;Altres tipus d'heterotropia i heterotropia no especificada
H505;Heterofòria
H506;Estrabisme mecànic
H508;Altres estrabismes especificats
H509;Estrabisme no especificat
H510;Paràlisi de la mirada conjugada
H511;Insuficiència i excés de convergència
H512;Oftalmoplegia internuclear
H518;Altres trastorns especificats de la mobilitat binocular
H519;Trastorn no especificat de la mobilitat binocular
H520;Hipermetropia
H521;Miopia
H522;Astigmatisme
H523;Anisometropia i anisoiconia
H524;Presbiopia
H525;Trastorns de l'acomodació
H526;Altres trastorns de la refracció
H527;Trastorn de la refracció no especificat
H530;Ambliopia ex anopsia
H531;Alteracions visuals subjectives
H532;Diplopia
H533;Altres trastorns de la visió binocular
H534;Defectes del camp visual
H535;Deficiències de la visió dels colors
H536;Ceguesa nocturna
H538;Altres alteracions visuals
H539;Alteració visual no especificada
H540;Ceguesa d'ambdós ulls
H541;Ceguesa d'un ull i visió disminuïda de l'altre ull
H542;Visió disminuïda d'ambdós ulls
H543;Pèrdua visual no qualificada d'ambdós ulls
H544;Ceguesa d'un sol ull
H545;Visió disminuïda d'un sol ull
H546;Pèrdua visual no qualificada d'un ull
H547;Pèrdua visual no especificada
H570;Anomalies de la funció pupil·lar
H571;Dolor ocular
H578;Altres trastorns especificats de l'ull i els annexos
H579;Trastorn no especificat de l'ull i els annexos
H580;Anomalies de la funció pupil·lar en malalties classificades en un altre lloc
H581;Alteracions visuals en malalties classificades en un altre lloc
H588;Altres trastorns especificats de l'ull i els annexos en malalties classificades en un altre lloc
H590;Queratopatia (ampul·lar afàquica) consecutiva a intervenció de cataractes
H598;Altres trastorns de l'ull i els annexos posteriors a un procediment
H599;Trastorn de l'ull i els annexos posterior a un procediment no especificat
H600;Abscés de l'orella externa
H601;Cel·lulitis de l'orella externa
H602;Otitis externa maligna
H603;Altres tipus d'otitis externa infecciosa
H604;Colesteatoma de l'orella externa
H605;Otitis externa aguda no infecciosa
H608;Altres tipus d'otitis externa
H609;Otitis externa no especificada
H610;Pericondritis de l'orella externa
H611;Trastorns no infecciosos del pavelló de l'orella
H612;Cerumen impactat
H613;Estenosi adquirida del conducte auditiu extern
H618;Altres trastorns de l'orella externa especificats
H619;Trastorn de l'orella externa no especificat
H620;Otitis externa en malalties bacterianes classificades en un altre lloc
H621;Otitis externa en malalties víriques classificades en un altre lloc
H622;Otitis externa en micosis
H623;Otitis externa en altres malalties infeccioses i parasitàries classificades en un altre lloc
H624;Otitis externa en altres malalties classificades en un altre lloc
H628;Altres trastorns de l'orella externa en malalties classificades en un altre lloc
H650;Otitis mitjana aguda serosa
H651;Altres otitis mitjanes agudes no supuratives
H652;Otitis mitjana serosa crònica
H653;Otitis mitjana mucoide crònica
H654;Altres otitis mitjanes no supuratives cròniques
H659;Otitis mitjana no supurativa no especificada
H660;Otitis mitjana aguda supurativa
H661;Otitis mitjana supurativa tubotimpànica crònica
H662;Otitis mitjana supurativa aticoantral crònica
H663;Altres otitis mitjanes supuratives cròniques
H664;Otitis mitjana supurativa no especificada
H669;Otitis mitjana no especificada
H670;Otitis mitjana en malalties bacterianes classificades en un altre lloc
H671;Otitis mitjana en malalties víriques classificades en un altre lloc
H678;Otitis mitjana en altres malalties classificades en un altre lloc
H680;Salpingitis de la trompa d'Eustaqui
H681;Obstrucció de la trompa d'Eustaqui
H690;Distensió de la trompa d'Eustaqui
H698;Altres trastorns de la trompa d'Eustaqui especificats
H699;Trastorn de la trompa d'Eustaqui no especificat
H700;Mastoïditis aguda
H701;Mastoïditis crònica
H702;Petrositis
H708;Altres mastoïditis i afeccions relacionades
H709;Mastoïditis no especificada
H720;Perforació central de la membrana timpànica
H721;Perforació àtica de la membrana timpànica
H722;Altres perforacions marginals de la membrana timpànica
H728;Altres perforacions de la membrana timpànica
H729;Perforació de la membrana timpànica no especificada
H730;Miringitis aguda
H731;Miringitis crònica
H738;Altres trastorns de la membrana timpànica especificats
H739;Trastorn no especificat de la membrana timpànica
H740;Timpanosclerosi
H741;Malaltia adhesiva de l'orella mitjana
H742;Discontinuïtat i luxació dels ossicles de l'orella
H743;Altres anomalies adquirides dels ossicles de l'orella
H744;Pòlip de l'orella mitjana
H748;Altres trastorns especificats de l'orella mitjana i l'apòfisi mastoide
H749;Trastorn no especificat de l'orella mitjana i l'apòfisi mastoide
H750;Mastoïditis en malalties infeccioses i parasitàries classificades en un altre lloc
H758;Altres trastorns especificats de l'orella mitjana i l'apòfisi mastoide en malalties classificades en un altre lloc
H800;Otosclerosi no obliterant que afecta la finestra oval
H801;Otosclerosi obliterant que afecta la finestra oval
H802;Otosclerosi coclear
H808;Altres otosclerosis
H809;Otosclerosi no especificada
H810;Malaltia de Ménière
H811;Vertigen paroxismal benigne
H812;Neuronitis vestibular
H813;Altres vertígens perifèrics
H814;Vertigen d'origen central
H818;Altres trastorns de la funció vestibular
H819;Trastorn no especificat de la funció vestibular
H830;Labirintitis
H831;Fístula laberíntica
H832;Disfunció laberíntica
H833;Efectes del soroll en l'orella interna
H838;Altres malalties especificades de l'orella interna
H839;Malaltia no especificada de l'orella interna
H900;Hipoacúsia conductiva bilateral
H901;Hipoacúsia conductiva unilateral amb audició no disminuïda en el costat contralateral
H902;Hipoacúsia conductiva no especificada
H903;Hipoacúsia neurosensorial bilateral
H904;Hipoacúsia neurosensorial unilateral amb audició no disminuïda en el costat contralateral
H905;Hipoacúsia neurosensorial no especificada
H906;Hipoacúsia mixta conductiva i neurosensorial bilateral
H907;Hipoacúsia mixta conductiva i neurosensorial unilateral amb audició no disminuïda en el costat contralateral
H908;Hipoacúsia mixta conductiva i neurosensorial no especificada
H910;Hipoacúsia ototòxica
H911;Presbiacúsia
H912;Hipoacúsia idiopàtica sobtada
H913;Sordmudesa no classificable a cap altre lloc
H918;Altres hipoacúsies especificades
H919;Hipoacúsia no especificada
H920;Otàlgia
H921;Otorrea
H922;Otorràgia
H930;Trastorns de l'orella degeneratius i vasculars
H931;Tinnitus [acúfens]
H932;Altres percepcions auditives anòmales
H933;Trastorns del nervi auditiu
H938;Altres trastorns de l'orella especificats
H939;Trastorn de l'orella no especificat
H940;Neuritis auditiva en malalties infeccioses i parasitàries classificades en un altre lloc
H948;Altres trastorns especificats de l'orella en malalties classificades en un altre lloc
H950;Colesteatoma recurrent de la cavitat resultant d'una mastoidectomia
H951;Altres trastorns consecutius a mastoidectomia
H958;Altres trastorns posteriors a un procediment de l'orella mitjana i l'apòfisi mastoide
H959;Trastorn posterior a un procediment de l'orella mitjana i l'apòfisi mastoide no especificat
I010;Pericarditis reumàtica aguda
I011;Endocarditis reumàtica aguda
I012;Miocarditis reumàtica aguda
I018;Altres cardiopaties reumàtiques agudes
I019;Cardiopatia reumàtica aguda no especificada
I020;Corea reumàtica amb afectació cardíaca
I029;Corea reumàtica sense afectació cardíaca
I050;Estenosi mitral
I051;Insuficiència mitral reumàtica
I052;Estenosi mitral amb insuficiència
I058;Altres valvulopaties mitrals
I059;Valvulopatia mitral no especificada
I060;Estenosi aòrtica reumàtica
I061;Insuficiència aòrtica reumàtica
I062;Estenosi aòrtica reumàtica amb insuficiència
I068;Altres valvulopaties aòrtiques reumàtiques
I069;Valvulopatia aòrtica reumàtica no especificada
I070;Estenosi tricuspídica
I071;Insuficiència tricuspídica
I072;Estenosi tricuspídica amb insuficiència
I078;Altres valvulopaties tricuspídiques
I079;Valvulopatia tricuspídica no especificada
I080;Trastorns de les vàlvules mitral i aòrtica
I081;Trastorns de les vàlvules mitral i tricúspide
I082;Trastorns de les vàlvules aòrtica i tricúspide
I083;Trastorns combinats de les vàlvules mitral, aòrtica i tricúspide
I088;Altres valvulopaties múltiples
I089;Valvulopatia múltiple no especificada
I090;Miocarditis reumàtica
I091;Malalties reumàtiques de l'endocardi, vàlvula no especificada
I092;Pericarditis reumàtica crònica
I098;Altres cardiopaties reumàtiques especificades
I099;Cardiopatia reumàtica no especificada
I110;Cardiopatia hipertensiva amb insuficiència cardíaca (congestiva)
I119;Cardiopatia hipertensiva sense insuficiència cardíaca (congestiva)
I120;Malaltia renal hipertensiva amb fallida renal
I129;Malaltia renal hipertensiva sense fallida renal
I130;Cardiopatia i malaltia renal hipertensives amb insuficiència cardíaca (congestiva)
I131;Cardiopatia i malaltia renal hipertensives amb fallida renal
I132;Cardiopatia i malaltia renal hipertensives amb insuficiència cardíaca (congestiva) i fallida renal
I139;Cardiopatia i malaltia renal hipertensives no especificades
I150;Hipertensió renovascular
I151;Hipertensió secundària a altres trastorns renals
I152;Hipertensió secundària a trastorns endocrins
I158;Altres hipertensions secundàries
I159;Hipertensió secundària no especificada
I200;Angina inestable
I201;Angina de pit amb espasme documentat
I208;Altres formes d'angina de pit
I209;Angina de pit no especificada
I210;Infart agut de miocardi de la paret anterior transmural
I211;Infart agut de miocardi de la paret inferior transmural
I212;Infart agut de miocardi transmural d'altres localitzacions
I213;Infart agut de miocardi transmural de localització no especificada
I214;Infart agut de miocardi subendocardíac
I219;Infart agut de miocardi no especificat
I220;Infart de miocardi subsegüent de la paret anterior
I221;Infart de miocardi subsegüent de la paret inferior
I228;Infart de miocardi subsegüent d'altres localitzacions
I229;Infart subsegüent de miocardi de localització no especificada
I230;Hemopericardi com a complicació actual consecutiva a infart agut de miocardi
I231;Defecte septal interauricular com a complicació actual consecutiva a infart agut de miocardi
I232;Defecte septal interventricular com a complicació actual consecutiva a infart agut de miocardi
I233;Ruptura de la paret cardíaca sense hemopericardi com a complicació actual consecutiva a infart agut de miocardi
I234;Ruptura de les cordes tendinoses com a complicació actual consecutiva a infart agut de miocardi
I235;Ruptura del múscul papil·lar com a complicació actual consecutiva a infart agut de miocardi
I236;Trombosi de l'aurícula, l'apèndix auricular i el ventricle com a complicacions actuals consecutives a infart agut de miocardi
I238;Altres complicacions actuals consecutives a infart agut de miocardi
I240;Trombosi coronària sense infart de miocardi
I241;Síndrome de Dressler
I248;Altres formes de cardiopatia isquèmica aguda
I249;Cardiopatia isquèmica aguda no especificada
I250;Malaltia cardiovascular ateroscleròtica, així descrita
I251;Cardiopatia ateroscleròtica
I252;Infart de miocardi antic
I253;Aneurisma cardíac
I254;Aneurisma de l'artèria coronària
I255;Miocardiopatia isquèmica
I256;Isquèmia miocardíaca silent
I258;Altres formes de cardiopatia isquèmica crònica
I259;Cardiopatia isquèmica crònica no especificada
I260;Embòlia pulmonar amb menció de cor pulmonar agut
I269;Embòlia pulmonar sense menció de cor pulmonar agut
I270;Hipertensió pulmonar primària
I271;Cardiopatia cifoscoliòtica
I272;Altres hipertensions pulmonars secundàries
I278;Altres malalties cardiopulmonars especificades
I279;Malaltia cardiopulmonar no especificada
I280;Fístula arteriovenosa de vasos pulmonars
I281;Aneurisma de l'artèria pulmonar
I288;Altres malalties especificades de vasos pulmonars
I289;Malaltia de vasos pulmonars no especificada
I300;Pericarditis idiopàtica aguda no especificada
I301;Pericarditis infecciosa
I308;Altres formes de pericarditis aguda
I309;Pericarditis aguda no especificada
I310;Pericarditis adhesiva crònica
I311;Pericarditis constrictiva crònica
I312;Hemopericardi no classificat a cap altre lloc
I313;Embassament pericardíac (no inflamatori)
I318;Altres malalties especificades del pericardi
I319;Malaltia del pericardi no especificada
I320;Pericarditis en malalties bacterianes classificades en un altre lloc
I321;Pericarditis en altres malalties infeccioses i parasitàries classificades en un altre lloc
I328;Pericarditis en altres malalties classificades en un altre lloc
I330;Endocarditis infecciosa aguda i subaguda
I339;Endocarditis aguda no especificada
I340;Insuficiència mitral (vàlvula)
I341;Prolapse mitral (vàlvula)
I342;Estenosi no reumàtica mitral (vàlvula)
I348;Altres trastorns no reumàtics de la vàlvula mitral
I349;Trastorn no reumàtic de la vàlvula mitral no especificat
I350;Estenosi aòrtica (vàlvula)
I351;Insuficiència aòrtica (vàlvula)
I352;Estenosi aòrtica (vàlvula) amb insuficiència
I358;Altres trastorns de la vàlvula aòrtica
I359;Trastorn de la vàlvula aòrtica no especificat
I360;Estenosi no reumàtica tricuspídica (vàlvula)
I361;Insuficiència no reumàtica tricuspídica (vàlvula)
I362;Estenosi no reumàtica tricuspídica (vàlvula) amb insuficiència
I368;Altres trastorns no reumàtics de la vàlvula tricúspide
I369;Trastorn no reumàtic de la vàlvula tricúspide no especificat
I370;Estenosi de la vàlvula pulmonar
I371;Insuficiència de la vàlvula pulmonar
I372;Estenosi de la vàlvula pulmonar amb insuficiència
I378;Altres trastorns de la vàlvula pulmonar
I379;Trastorn de la vàlvula pulmonar no especificat
I390;Trastorns de la vàlvula mitral en malalties classificades en un altre lloc
I391;Trastorns de la vàlvula aòrtica en malalties classificades en un altre lloc
I392;Trastorns de la vàlvula tricúspide en malalties classificades en un altre lloc
I393;Trastorns de la vàlvula pulmonar en malalties classificades en un altre lloc
I394;Trastorns de vàlvules múltiples en malalties classificades en un altre lloc
I398;Endocarditis, vàlvula no especificada, en malalties classificades en un altre lloc
I400;Miocarditis infecciosa
I401;Miocarditis aïllada
I408;Altres miocarditis agudes
I409;Miocarditis aguda no especificada
I410;Miocarditis en malalties bacterianes classificades en un altre lloc
I411;Miocarditis en malalties víriques classificades en un altre lloc
I412;Miocarditis en altres malalties infeccioses i parasitàries classificades en un altre lloc
I418;Miocarditis en altres malalties classificades en un altre lloc
I420;Miocardiopatia dilatada
I421;Miocardiopatia hipertròfica obstructiva
I422;Altres miocardiopaties hipertròfiques
I423;Malaltia endomiocardíaca (eosinofílica)
I424;Fibroelastosi endocardíaca
I425;Altres miocardiopaties restrictives
I426;Miocardiopatia alcohòlica
I427;Miocardiopatia provocada per fàrmacs i altres agents externs
I428;Altres miocardiopaties
I429;Miocardiopatia no especificada
I430;Miocardiopatia en malalties infeccioses i parasitàries classificades en un altre lloc
I431;Miocardiopatia en malalties metabòliques
I432;Miocardiopatia en malalties nutricionals
I438;Miocardiopatia en altres malalties classificades en un altre lloc
I440;Blocatge auriculoventricular de primer grau
I441;Blocatge auriculoventricular de segon grau
I442;Blocatge auriculoventricular complet
I443;Altres blocatges auriculoventriculars i blocatges
I444;Blocatge fascicular anterior esquerre
I445;Blocatge fascicular posterior esquerre
I446;Altres blocatges fasciculars i blocatges fasciculars no especificats
I447;Blocatge de branca esquerra no especificat
I450;Blocatge fascicular dret
I451;Altres blocatges de branca dreta i blocatges de branca dreta no especificats
I452;Blocatge bifascicular
I453;Blocatge trifascicular
I454;Blocatge intraventricular no especificat
I455;Altres blocatges cardíacs especificats
I456;Síndrome de preexcitació
I458;Altres trastorns de conducció especificats
I459;Trastorn de conducció no especificat
I460;Aturada cardíaca amb reanimació satisfactòria
I461;Mort sobtada per causes cardíaques, així descrita
I469;Aturada cardíaca no especificada
I470;Arítmia ventricular per reentrada
I471;Taquicàrdia supraventricular
I472;Taquicàrdia ventricular
I479;Taquicàrdia paroxismal no especificada
I490;Fibril·lació i aleteig [flutter] ventriculars
I491;Despolarització auricular prematura
I492;Despolarització de la zona d'unió prematura
I493;Despolarització ventricular prematura
I494;Altres despolaritzacions prematures i despolaritzacions prematures no especificades
I495;Síndrome del node sinusal malalt
I498;Altres arítmies cardíaques especificades
I499;Arítmia cardíaca no especificada
I500;Insuficiència cardíaca congestiva
I501;Insuficiència ventricular esquerra
I509;Insuficiència cardíaca no especificada
I510;Defecte septal cardíac adquirit
I511;Ruptura de cordes tendinoses no classificada a cap altre lloc
I512;Ruptura del múscul papil·lar no classificada a cap altre lloc
I513;Trombosi intracardíaca no classificada a cap altre lloc
I514;Miocarditis no especificada
I515;Degeneració del miocardi
I516;Malaltia cardiovascular no especificada
I517;Cardiomegàlia
I518;Altres cardiopaties mal definides
I519;Cardiopatia no especificada
I520;Altres trastorns cardíacs en malalties bacterianes classificades en un altre lloc
I521;Altres trastorns cardíacs en altres malalties infeccioses i parasitàries classificades en un altre lloc
I528;Altres trastorns cardíacs en altres malalties classificades en un altre lloc
I600;Hemorràgia subaracnoïdal de sifó i bifurcació carotidis
I601;Hemorràgia subaracnoïdal d'artèria cerebral mitjana
I602;Hemorràgia subaracnoïdal d'artèria comunicant anterior
I603;Hemorràgia subaracnoïdal d'artèria comunicant posterior
I604;Hemorràgia subaracnoïdal d'artèria basilar
I605;Hemorràgia subaracnoïdal d'artèria vertebral
I606;Hemorràgia subaracnoïdal d'altres artèries intracranials
I607;Hemorràgia subaracnoïdal d'artèria intracranial no especificada
I608;Altres hemorràgies subaracnoïdals
I609;Hemorràgia subaracnoïdal no especificada
I610;Hemorràgia intracerebral subcortical en l'hemisferi
I611;Hemorràgia intracerebral cortical en l'hemisferi
I612;Hemorràgia intracerebral no especificada en l'hemisferi
I613;Hemorràgia intracerebral en el tronc encefàlic
I614;Hemorràgia intracerebral en el cerebel
I615;Hemorràgia intracerebral intraventricular
I616;Hemorràgia intracerebral, localitzacions múltiples
I618;Altres hemorràgies intracerebrals
I619;Hemorràgia intracerebral no especificada
I620;Hemorràgia subdural (aguda) (no traumàtica)
I621;Hemorràgia extradural no traumàtica
I629;Hemorràgia intracranial (no traumàtica) no especificada
I630;Infart cerebral causat per trombosi d'artèries precerebrals
I631;Infart cerebral causat per embòlia d'artèries precerebrals
I632;Infart cerebral causat per oclusió o estenosi no especificades d'artèries precerebrals
I633;Infart cerebral causat per trombosi d'artèries cerebrals
I634;Infart cerebral causat per embòlia d'artèries cerebrals
I635;Infart cerebral causat per oclusió o estenosi no especificades d'artèries cerebrals
I636;Infart cerebral causat per trombosi venosa cerebral no piògena
I638;Altres infarts cerebrals
I639;Infart cerebral no especificat
I650;Oclusió i estenosi d'artèria vertebral
I651;Oclusió i estenosi d'artèria basilar
I652;Oclusió i estenosi d'artèria caròtide
I653;Oclusió i estenosi d'artèries precerebrals bilaterals i múltiples
I658;Oclusió i estenosi d'altres artèries precerebrals
I659;Oclusió i estenosi d'artèria precerebral no especificada
I660;Oclusió i estenosi d'artèria cerebral mitjana
I661;Oclusió i estenosi d'artèria cerebral anterior
I662;Oclusió i estenosi d'artèria cerebral posterior
I663;Oclusió i estenosi d'artèries cerebel·loses
I664;Oclusió i estenosi d'artèries cerebrals bilaterals i múltiples
I668;Oclusió i estenosi d'altres artèries cerebrals
I669;Oclusió i estenosi d'artèria cerebral no especificada
I670;Dissecció d'artèries cerebrals sense ruptura
I671;Aneurisma cerebral sense ruptura
I672;Aterosclerosi cerebral
I673;Leucoencefalopatia vascular progressiva
I674;Encefalopatia hipertensiva
I675;Malaltia de Moya Moya
I676;Trombosi no piògena del sistema venós intracranial
I677;Arteritis cerebral no classificada a cap altre lloc
I678;Altres malalties cerebrovasculars especificades
I679;Malaltia cerebrovascular no especificada
I680;Angiopatia amiloïdal cerebral (E85.-+)
I681;Arteritis cerebral en malalties infeccioses i parasitàries classificades en un altre lloc
I682;Arteritis cerebral en altres malalties classificades en un altre lloc
I688;Altres trastorns cerebrovasculars en malalties classificades en un altre lloc
I690;Seqüeles d'hemorràgia subaracnoïdal
I691;Seqüeles d'hemorràgia intracerebral
I692;Seqüeles d'altres hemorràgies intracranials no traumàtiques
I693;Seqüeles d'infart cerebral
I694;Seqüeles d'accident vascular cerebral no especificat com a hemorràgia o infart
I698;Seqüeles d'altres malalties cerebrovasculars i de malalties cerebrovasculars no especificades
I700;Aterosclerosi de l'aorta
I701;Aterosclerosi d'artèria renal
I702;Aterosclerosi d'artèries de les extremitats
I708;Aterosclerosi d'altres artèries
I709;Aterosclerosi generalitzada i aterosclerosi no especificada
I710;Dissecció d'aorta [qualsevol part]
I711;Aneurisma d'aorta toràcica romput
I712;Aneurisma d'aorta toràcica sense menció de ruptura
I713;Aneurisma d'aorta abdominal romput
I714;Aneurisma d'aorta abdominal sense menció de ruptura
I715;Aneurisma d'aorta toracoabdominal romput
I716;Aneurisma d'aorta toracoabdominal sense menció de ruptura
I718;Aneurisma aòrtic romput de localització no especificada
I719;Aneurisma aòrtic de localització no especificada sense menció de ruptura
I720;Aneurisma d'artèria caròtide
I721;Aneurisma d'artèria d'extremitat superior
I722;Aneurisma d'artèria renal
I723;Aneurisma d'artèria ilíaca
I724;Aneurisma d'artèria d'extremitat inferior
I728;Aneurisma d'altres artèries especificades
I729;Aneurisma de localització no especificada
I730;Síndrome de Raynaud
I731;Tromboangiïtis obliterant [Buerger]
I738;Altres angiopaties perifèriques especificades
I739;Angiopatia perifèrica no especificada
I740;Embòlia i trombosi d'aorta abdominal
I741;Embòlia i trombosi d'altres parts i de parts no especificades de l'aorta
I742;Embòlia i trombosi d'artèries d'extremitats superiors
I743;Embòlia i trombosi d'artèries d'extremitats inferiors
I744;Embòlia i trombosi d'artèries d'extremitats no especificades
I745;Embòlia i trombosi d'artèria ilíaca
I748;Embòlia i trombosi d'altres artèries
I749;Embòlia i trombosi d'artèria no especificada
I770;Fístula arteriovenosa adquirida
I771;Estenosi arterial
I772;Ruptura arterial
I773;Displàsia fibromuscular arterial
I774;Síndrome de compressió de l'artèria celíaca
I775;Necrosi arterial
I776;Arteritis no especificada
I778;Altres trastorns especificats d'artèries i arterioles
I779;Trastorn no especificat d'artèries i arterioles
I780;Telangièctasi hemorràgica hereditària
I781;Nevus no neoplàstic
I788;Altres malalties dels capil·lars
I789;Malaltia dels capil·lars no especificada
I790;Aneurisma d'aorta en malalties classificades en un altre lloc
I791;Aortitis en malalties classificades en un altre lloc
I792;Angiopatia perifèrica en malalties classificades en un altre lloc
I798;Altres trastorns d'artèries, arterioles i capil·lars en malalties classificades en un altre lloc
I800;Flebitis i tromboflebitis de vasos superficials d'extremitats inferiors
I801;Flebitis i tromboflebitis de vena femoral
I802;Flebitis i tromboflebitis d'altres vasos profunds d'extremitats inferiors
I803;Flebitis i tromboflebitis no especificades d'extremitats inferiors
I808;Flebitis i tromboflebitis d'altres localitzacions
I809;Flebitis i tromboflebitis de localització no especificada
I820;Síndrome de Budd-Chiari
I821;Tromboflebitis migratòria
I822;Embòlia i trombosi de vena cava
I823;Embòlia i trombosi de vena renal
I828;Embòlia i trombosi d'altres venes especificades
I829;Embòlia i trombosi de vena no especificada
I830;Venes varicoses d'extremitats inferiors amb úlcera
I831;Venes varicoses d'extremitats inferiors amb inflamació
I832;Venes varicoses d'extremitats inferiors amb úlcera i inflamació
I839;Venes varicoses d'extremitats inferiors sense úlcera ni inflamaci
I840;Hemorroides trombosades internes
I841;Hemorroides internes amb altres complicacions
I842;Hemorroides internes sense complicació
I843;Hemorroides trombosades externes
I844;Hemorroides externes amb altres complicacions
I845;Hemorroides externes sense complicació
I846;Restes cutànies [acrocordó] hemorroïdals residuals
I847;Hemorroides trombosades no especificades
I848;Hemorroides no especificades amb altres complicacions
I849;Hemorroides no especificades sense complicació
I850;Varices esofàgiques amb hemorràgia
I859;Varices esofàgiques sense hemorràgia
I860;Varices sublinguals
I861;Varices escrotals
I862;Varices pelvianes
I863;Varices vulvars
I864;Varices gàstriques
I868;Venes varicoses d'altres localitzacions especificades
I870;Síndrome postflebítica
I871;Compressió venosa
I872;Insuficiència venosa (crònica) (perifèrica)
I878;Altres trastorns de les venes especificats
I879;Trastorn de la vena no especificat
I880;Limfadenitis mesentèrica no especificada
I881;Limfadenitis crònica, excepte mesentèrica
I888;Altres limfadenitis no especificades
I889;Limfadenitis no especificada
I890;Limfoedema no classificat a cap altre lloc
I891;Limfangitis
I898;Altres trastorns no infecciosos especificats dels vasos limfàtics i els ganglis limfàtics
I899;Trastorn no infecciós dels vasos limfàtics i els ganglis limfàtics no especificat
I950;Hipotensió idiopàtica
I951;Hipotensió ortostàtica
I952;Hipotensió induïda per fàrmacs
I958;Altres hipotensions
I959;Hipotensió no especificada
I970;Síndrome postcardiotomia
I971;Altres alteracions funcionals consecutives a cirurgia cardíaca
I972;Síndrome del limfoedema postmastectomia
I978;Altres trastorns de l'aparell circulatori posteriors a un
I979;Trastorn no especificat de l'aparell circulatori posterior a un procediment
I980;Sífilis cardiovascular
I981;Trastorns cardiovasculars en altres malalties infeccioses i parasitàries classificades en un altre lloc
I982;Varices esofàgiques en malalties classificades en un altre lloc
I988;Altres trastorns especificats de l'aparell circulatori en malalties classificades en un altre lloc
J010;Sinusitis maxil·lar aguda
J011;Sinusitis frontal aguda
J012;Sinusitis etmoïdal aguda
J013;Sinusitis esfenoïdal aguda
J014;Pansinusitis aguda
J018;Altres tipus de sinusitis aguda
J019;Sinusitis aguda no especificada
J020;Faringitis estreptocòccica
J028;Faringitis aguda provocada per altres microorganismes especificats
J029;Faringitis aguda no especificada
J030;Amigdalitis estreptocòccica
J038;Amigdalitis aguda provocada per altres microorganismes especificats
J039;Amigdalitis aguda no especificada
J040;Laringitis aguda
J041;Traqueïtis aguda
J042;Laringotraqueïtis aguda
J050;Laringitis obstructiva aguda [crup]
J051;Epiglotitis aguda
J060;Laringofaringitis aguda
J068;Altres infeccions agudes de les vies respiratòries altes de múltiples localitzacions
J069;Infecció aguda no especificada de les vies respiratòries altes
J100;Grip amb pneumònia causada per altres virus de la grip identificats
J101;Grip amb altres manifestacions respiratòries causada per altres virus de la grip identificats
J108;Grip amb altres manifestacions causada per altres virus de la grip identificats
J110;Grip amb pneumònia causada per virus no identificat o virus especificat no identificat
J111;Grip amb altres manifestacions respiratòries causada per virus no identificat
J118;Grip amb altres manifestacions causada per virus no identificat
J120;Pneumònia per adenovirus
J121;Pneumònia pel virus respiratori sincicial
J122;Pneumònia pel virus de la parainfluença
J128;Altres pneumònies víriques
J129;Pneumònia vírica no especificada
J150;Pneumònia causada per Klebsiella pneumoniae
J151;Pneumònia causada per Pseudomonas
J152;Pneumònia causada per Staphylococcus
J153;Pneumònia causada per Streptococcus, grup B
J154;Pneumònia causada per altres estreptococs
J155;Pneumònia causada per Escherichia coli
J156;Pneumònia causada per altres bacteris gramnegatius aerobis
J157;Pneumònia causada per Mycoplasma pneumoniae
J158;Altres pneumònies bacterianes
J159;Pneumònia bacteriana no especificada
J160;Pneumònia per clamídies
J168;Pneumònia causada per altres microorganismes infecciosos especificats
J170;Pneumònia en malalties bacterianes classificades en un altre lloc
J171;Pneumònia en malalties víriques classificades en un altre lloc
J172;Pneumònia en micosis
J173;Pneumònia en malalties parasitàries
J178;Pneumònia en altres malalties classificades en un altre lloc
J180;Broncopneumònia no especificada
J181;Pneumònia lobar no especificada
J182;Pneumònia hipostàtica no especificada
J188;Altres pneumònies causades per un microorganisme no especificat
J189;Pneumònia no especificada
J200;Bronquitis aguda causada per Mycoplasma pneumoniae
J201;Bronquitis aguda causada per Haemophilus influenzae
J202;Bronquitis aguda causada per Streptococcus
J203;Bronquitis aguda causada per coxsackievirus
J204;Bronquitis aguda causada pel virus de la parainfluença
J205;Bronquitis aguda causada pel virus respiratori sincicial
J206;Bronquitis aguda causada per rinovirus
J207;Bronquitis aguda causada per echovirus
J208;Bronquitis aguda causada per altres microorganismes especificats
J209;Bronquitis aguda no especificada
J210;Bronquiolitis aguda causada pel virus respiratori sincicial
J218;Bronquiolitis aguda causada per altres microorganismes especificats
J219;Bronquiolitis aguda no especificada
J300;Rinitis vasomotora
J301;Rinitis al·lèrgica causada per pol·len
J302;Altres rinitis al·lèrgiques estacionals
J303;Altres rinitis al·lèrgiques
J304;Rinitis al·lèrgica no especificada
J310;Rinitis crònica
J311;Rinofaringitis crònica
J312;Faringitis crònica
J320;Sinusitis maxil·lar crònica
J321;Sinusitis frontal crònica
J322;Sinusitis etmoïdal crònica
J323;Sinusitis esfenoïdal crònica
J324;Pansinusitis crònica
J328;Altres tipus de sinusitis crònica
J329;Sinusitis crònica no especificada
J330;Pòlip de la cavitat nasal
J331;Degeneració sinusal polipoide
J338;Altres pòlips sinusals
J339;Pòlip nasal no especificat
J340;Abscés i furóncol del nas
J341;Quist i mucocele del nas i el si nasal
J342;Desviació del septe nasal
J343;Hipertròfia dels cornets nasals
J348;Altres trastorns especificats del nas i els sins nasals
J350;Amigdalitis crònica
J351;Hipertròfia amigdalina
J352;Hipertròfia adenoidal
J353;Hipertròfia amigdalina amb hipertròfia adenoidal
J358;Altres malalties cròniques de les amígdales i les adenoides
J359;Malaltia crònica no especificada de les amígdales i les adenoides
J370;Laringitis crònica
J371;Laringotraqueïtis crònica
J380;Paràlisi de les cordes vocals i la laringe
J381;Pòlip de corda vocal i laringe
J382;Nòduls de les cordes vocals
J383;Altres malalties de les cordes vocals
J384;Edema de laringe
J385;Espasme laringi
J386;Estenosi de laringe
J387;Altres malalties de la laringe
J390;Abscés retrofaringi i parafaringi
J391;Altres abscessos de faringe
J392;Altres malalties de faringe
J393;Reacció d'hipersensibilitat de les vies respiratòries altes, localització no especificada
J398;Altres malalties especificades de les vies respiratòries altes
J399;Malaltia no especificada de les vies respiratòries altes
J410;Bronquitis crònica simple
J411;Bronquitis crònica mucopurulenta
J418;Bronquitis crònica simple i mucopurulenta mixta
J430;Síndrome de MacLeod
J431;Emfisema panlobular
J432;Emfisema centrolobular
J438;Altres emfisemes
J439;Emfisema no especificat
J440;Malaltia pulmonar obstructiva crònica amb infecció aguda de les vies respiratòries baixes
J441;Malaltia pulmonar obstructiva crònica amb exacerbació aguda no especificada
J448;Altres malalties pulmonars obstructives cròniques especificades
J449;Malaltia pulmonar obstructiva crònica no especificada
J450;Asma predominantment al·lèrgica
J451;Asma no al·lèrgica
J458;Asma mixta
J459;Asma no especificada
J620;Pneumoconiosi per pols de talc
J628;Pneumoconiosi per altres tipus de pols de sílice
J630;Aluminosi (pulmonar)
J631;Fibrosi (pulmonar) per bauxita
J632;Beril·liosi
J633;Fibrosi (pulmonar) per grafit
J634;Siderosi
J635;Estannosi
J638;Pneumoconiosi per altres pols inorgàniques especificades
J660;Bissinosi
J661;Malaltia dels cardadors del lli
J662;Cannabinosi
J668;Malaltia de les vies respiratòries per altres pols orgàniques especificades
J670;Pulmó dels grangers
J671;Bagassosi
J672;Pulmó dels criadors d'ocells
J673;Suberosi
J674;Pulmó dels treballadors del malt
J675;Pulmó dels conreadors de bolets
J676;Pulmó dels escorçadors d'erable
J677;Pulmó per condicionador d'aire i humificador
J678;Pneumonitis per hipersensibilitat per altres pols orgàniques
J679;Pneumonitis per hipersensibilitat per pols orgànica no especificada
J680;Bronquitis i pneumonitis per inhalació de substàncies químiques, gasos, emanacions i vapors
J681;Edema pulmonar per inhalació de substàncies químiques, gasos, emanacions i vapors
J682;Inflamació de les vies respiratòries altes per inhalació de substàncies químiques, gasos, emanacions i vapors
J683;Altres afeccions respiratòries agudes i subagudes causades per inhalació de substàncies químiques, gasos, emanacions i vapors
J684;Afeccions respiratòries cròniques per inhalació de substàncies químiques, gasos, emanacions i vapors
J688;Altres afeccions respiratòries per inhalació de substàncies químiques, gasos, emanacions i vapors
J689;Afecció respiratòria no especificada per inhalació de substàncies químiques, gasos, emanacions i vapors
J690;Pneumonitis provocada per aliments i vòmits
J691;Pneumonitis provocada per olis i essències
J698;Pneumonitis provocada per altres sòlids i líquids
J700;Manifestacions pulmonars agudes provocades per radiació
J701;Manifestacions pulmonars cròniques i altres manifestacions pulmonars provocades per radiació
J702;Trastorns pulmonars intersticials aguts induïts per fàrmacs
J703;Trastorns pulmonars intersticials crònics induïts per fàrmacs
J704;Trastorns pulmonars intersticials no especificats induïts per fàrmacs
J708;Afeccions respiratòries provocades per altres agents externs especificats
J709;Afeccions respiratòries provocades per agents externs no especificats
J840;Afeccions alveolars i parietoalveolars
J841;Altres malalties pulmonars intersticials amb fibrosi
J848;Altres malalties pulmonars intersticials especificades
J849;Malaltia pulmonar intersticial no especificada
J850;Gangrena i necrosi del pulmó
J851;Abscés pulmonar amb pneumònia
J852;Abscés pulmonar sense pneumònia
J853;Abscés de mediastí
J860;Piotòrax amb fístula
J869;Piotòrax sense fístula
J920;Placa pleural amb presència d'asbest
J929;Placa pleural sense asbest
J930;Pneumotòrax espontani a tensió
J931;Altres pneumotòraxs espontanis
J938;Altres pneumotòraxs
J939;Pneumotòrax no especificat
J940;Quilotòrax
J941;Fibrotòrax
J942;Hemotòrax
J948;Altres afeccions de la pleura especificades
J949;Afecció de la pleura no especificada
J950;Funcionament defectuós de traqueostomia
J951;Insuficiència pulmonar aguda consecutiva a cirurgia toràcica
J952;Insuficiència pulmonar aguda consecutiva a cirurgia no toràcica
J953;Insuficiència pulmonar crònica consecutiva a cirurgia
J954;Síndrome de Mendelson
J955;Estenosi subglòtica posterior a un procediment
J958;Altres trastorns respiratoris posteriors a un procediment
J959;Trastorn respiratori no especificat posterior a un procediment
J960;Fallida respiratòria aguda
J961;Fallida respiratòria crònica
J969;Fallida respiratòria no especificada
J980;Malalties bronquials no classificades a cap altre lloc
J981;Col·lapse pulmonar
J982;Emfisema intersticial
J983;Emfisema compensador
J984;Altres trastorns pulmonars
J985;Malalties del mediastí no classificades a cap altre lloc
J986;Trastorns diafragmàtics
J988;Altres trastorns respiratoris especificats
J989;Trastorn respiratori no especificat
J990;Malaltia pulmonar reumatoide (M05.1+)
J991;Trastorns respiratoris en altres trastorns difusos del teixit connectiu
J998;Trastorns respiratoris en altres malalties classificades en un altre lloc
K000;Anodòncia
K001;Dents supernumeràries
K002;Anomalies de grandària i forma de les dents
K003;Dents tacades
K004;Alteracions de la formació de les dents
K005;Alteracions hereditàries de l'estructura de les dents, no classificades a cap altre lloc
K006;Alteracions de l'erupció de les dents
K007;Síndrome de dentició
K008;Altres trastorns del desenvolupament de les dents
K009;Trastorn del desenvolupament de les dents no especificat
K010;Dents encastades
K011;Dents impactades
K020;Càries limitada a l'esmalt
K021;Càries de la dentina
K022;Càries del cement
K023;Càries dental aturada
K024;Odontòclasi
K028;Altres càries dentals
K029;Càries dental no especificada
K030;Atrició excessiva de les dents
K031;Abrasió de les dents
K032;Erosió de les dents
K033;Reabsorció patològica de les dents
K034;Hipercementosi
K035;Anquilosi de les dents
K036;Dipòsits [acrecions] a les dents
K037;Canvis de color posteruptius dels teixits durs de les dents
K038;Altres malalties especificades dels teixits durs de les dents
K039;Malaltia no especificada dels teixits durs de les dents
K040;Pulpitis
K041;Necrosi de la polpa
K042;Degeneració de la polpa
K043;Formació anòmala de teixit dur en la polpa
K044;Periodontitis apical aguda d'origen pulpar
K045;Periodontitis apical crònica
K046;Abscés periapical amb fístula
K047;Abscés periapical sense fístula
K048;Quist radicular
K049;Altres malalties de la polpa i els teixits periapicals i malalties de la polpa i els teixits periapicals no especificades
K050;Gingivitis aguda
K051;Gingivitis crònica
K052;Periodontitis aguda
K053;Periodontitis crònica
K054;Periodontosi
K055;Altres malalties periodòntiques
K056;Malaltia periodòntica no especificada
K060;Retracció gingival
K061;Augment gingival
K062;Lesions gingivals i de la vora alveolar esdentegada associades a traumatisme
K068;Altres trastorns especificats de la geniva i la vora alveolar esdentegada
K069;Trastorn no especificat de la geniva i la vora alveolar esdentegada
K070;Anomalies principals de la grandària dels maxil·lars
K071;Anomalies de relació entre la mandíbula i la base del crani
K072;Anomalies de relació entre els arcs dentals
K073;Anomalies de la posició dental
K074;Maloclusió no especificada
K075;Anomalies funcionals dentofacials
K076;Trastorns de l'articulació temporomandibular
K078;Altres anomalies dentofacials
K079;Anomalia dentofacial no especificada
K080;Exfoliació de les dents per causes sistèmiques
K081;Pèrdua de dents per accident, extracció o malaltia periodòntica local
K082;Atròfia de la vora alveolar esdentegada
K083;Arrel dental retinguda
K088;Altres trastorns especificats de les dents i les estructures de suport
K089;Trastorn no especificat de les dents i les estructures de suport
K090;Quists odontogènics de desenvolupament
K091;Quists (no odontogènics) de desenvolupament de la regió oral
K092;Altres quists de maxil·lars
K098;Altres quists de la regió oral no classificats a cap altre lloc
K099;Quist de la regió oral no especificat
K100;Trastorns de desenvolupament dels maxil·lars
K101;Granuloma central de cè·lules gegants
K102;Afeccions inflamatòries dels maxil·lars
K103;Alveolitis dels maxil·lars
K108;Altres malalties dels maxil·lars especificades
K109;Malaltia dels maxil·lars no especificada
K110;Atròfia de glàndula salival
K111;Hipertròfia de glàndula salival
K112;Sialoadenitis
K113;Abscés de glàndula salival
K114;Fístula de glàndula salival
K115;Sialolitiasi
K116;Mucocele de glàndula salival
K117;Alteracions de la secreció salival
K118;Altres malalties de les glàndules salivals
K119;Malaltia no especificada de glàndula salival
K120;Aftes orals recurrents
K121;Altres formes d'estomatitis
K122;Cel·lulitis i abscés de boca
K130;Malalties dels llavis
K131;Mossegada de galta i llavi
K132;Leucoplàsia i altres alteracions de l'epiteli oral, inclosa la llengua
K133;Leucoplàsia vellosa oral
K134;Granuloma i lesions semblants a granuloma de la mucosa oral
K135;Fibrosi submucosa oral
K136;Hiperplàsia irritant de la mucosa oral
K137;Altres lesions de la mucosa oral i lesions de la mucosa oral no especificades
K140;Glossitis
K141;Llengua geogràfica
K142;Glossitis romboïdal mediana
K143;Hipertròfia de papil·les linguals
K144;Atròfia de papil·les linguals
K145;Llengua plegada
K146;Glossodínia
K148;Altres malalties de la llengua
K149;Malaltia de la llengua no especificada
K210;Malaltia del reflux gastroesofàgic amb esofagitis
K219;Malaltia del reflux gastroesofàgic sense esofagitis
K220;Acalàsia de càrdies
K221;Úlcera esofàgica
K222;Obstrucció esofàgica
K223;Perforació de l'esòfag
K224;Discinèsia esofàgica
K225;Diverticle esofàgic adquirit
K226;Síndrome de laceració-hemorràgia gastroesofàgica
K227;Esòfag de Barrett
K228;Altres malalties especificades de l'esòfag
K229;Malaltia de l'esòfag no especificada
K230;Esofagitis tuberculosa (A18.8+)
K231;Megaesòfag en la malaltia de Chagas (B57.3+)
K238;Trastorns de l'esòfag en altres malalties classificades en un altre lloc
K250;Úlcera gàstrica: Aguda amb hemorràgia
K251;Úlcera gàstrica: Aguda amb perforació
K252;Úlcera gàstrica: Aguda amb hemorràgia i perforació
K253;Úlcera gàstrica: Aguda sense hemorràgia ni perforació
K254;Úlcera gàstrica: Crònica o no especificada amb hemorràgia
K255;Úlcera gàstrica: Crònica o no especificada amb perforació
K256;Úlcera gàstrica: Crònica o no especificada amb hemorràgia i perforació
K257;Úlcera gàstrica: Crònica sense hemorràgia ni perforació
K259;Úlcera gàstrica: No especificada com a aguda ni com a crònica, sense hemorràgia ni perforació
K260;Úlcera duodenal: Aguda amb hemorràgia
K261;Úlcera duodenal: Aguda amb perforació
K262;Úlcera duodenal: Aguda amb hemorràgia i perforació
K263;Úlcera duodenal: Aguda sense hemorràgia ni perforació
K264;Úlcera duodenal: Crònica o no especificada amb hemorràgia
K265;Úlcera duodenal: Crònica o no especificada amb perforació
K266;Úlcera duodenal: Crònica o no especificada amb hemorràgia i perforació
K267;Úlcera duodenal: Crònica sense hemorràgia ni perforació
K269;Úlcera duodenal: No especificada com a aguda ni com a crònica, sense hemorràgia ni perforació
K270;Úlcera pèptica de localització no especificada: Aguda amb hemorràgia
K271;Úlcera pèptica de localització no especificada: Aguda amb perforació
K272;Úlcera pèptica de localització no especificada: Aguda amb hemorràgia i perforació
K273;Úlcera pèptica de localització no especificada: Aguda sense hemorràgia ni perforació
K274;Úlcera pèptica de localització no especificada: Crònica o no especificada amb hemorràgia
K275;Úlcera pèptica de localització no especificada: Crònica o no especificada amb perforació
K276;Úlcera pèptica de localització no especificada: Crònica o no especificada amb hemorràgia i perforació
K277;Úlcera pèptica de localització no especificada: Crònica sense hemorràgia ni perforació
K279;Úlcera pèptica de localització no especificada: No especificada com a aguda ni com a crònica, sense hemorràgia ni perforació
K280;Úlcera gastrojejunal: Aguda amb hemorràgia
K281;Úlcera gastrojejunal: Aguda amb perforació
K282;Úlcera gastrojejunal: Aguda amb hemorràgia i perforació
K283;Úlcera gastrojejunal: Aguda sense hemorràgia ni perforació
K284;Úlcera gastrojejunal: Crònica o no especificada amb hemorràgia
K285;Úlcera gastrojejunal: Crònica o no especificada amb perforació
K286;Úlcera gastrojejunal: Crònica o no especificada amb hemorràgia i perforació
K287;Úlcera gastrojejunal: Crònica sense hemorràgia ni perforació
K289;Úlcera gastrojejunal: No especificada com a aguda ni com a crònica, sense hemorràgia ni perforació
K290;Gastritis hemorràgica aguda
K291;Altres gastritis agudes
K292;Gastritis alcohòlica
K293;Gastritis superficial crònica
K294;Gastritis atròfica crònica
K295;Gastritis crònica no especificada
K296;Altres gastritis
K297;Gastritis no especificada
K298;Duodenitis
K299;Gastroduodenitis no especificada
K310;Dilatació aguda d'estómac
K311;Estenosi pilòrica hipertròfica adulta
K312;Estretor i estenosi de rellotge d'arena de l'estómac
K313;Pilorospasme no classificat a cap altre lloc
K314;Diverticle gàstric
K315;Obstrucció de duodè
K316;Fístula d'estómac i duodè
K317;Pòlip d'estómac i duodè
K318;Altres malalties especificades de l'estómac i el duodè
K319;Malaltia de l'estómac i el duodè no especificada
K350;Apendicitis aguda amb peritonitis generalitzada
K351;Apendicitis aguda amb abscés peritoneal
K359;Apendicitis aguda no especificada
K380;Hiperplàsia de l'apèndix
K381;Concrecions apendiculars
K382;Diverticle de l'apèndix
K383;Fístula de l'apèndix
K388;Altres malalties especificades de l'apèndix
K389;Malaltia de l'apèndix no especificada
K400;Hèrnia inguinal bilateral amb obstrucció sense gangrena
K401;Hèrnia inguinal bilateral amb gangrena
K402;Hèrnia inguinal bilateral sense obstrucció ni gangrena
K403;Hèrnia inguinal unilateral o no especificada amb obstrucció sense gangrena
K404;Hèrnia inguinal unilateral o no especificada amb gangrena
K409;Hèrnia inguinal unilateral o no especificada sense obstrucció ni gangrena
K410;Hèrnia crural bilateral amb obstrucció sense gangrena
K411;Hèrnia crural bilateral amb gangrena
K412;Hèrnia crural bilateral sense obstrucció ni gangrena
K413;Hèrnia crural unilateral o no especificada amb obstrucció sense gangrena
K414;Hèrnia crural unilateral o no especificada amb gangrena
K419;Hèrnia crural unilateral o no especificada sense obstrucció ni gangrena
K420;Hèrnia umbilical amb obstrucció sense gangrena
K421;Hèrnia umbilical amb gangrena
K429;Hèrnia umbilical sense obstrucció ni gangrena
K430;Hèrnia ventral amb obstrucció sense gangrena
K431;Hèrnia ventral amb gangrena
K439;Hèrnia ventral sense obstrucció ni gangrena
K440;Hèrnia diafragmàtica amb obstrucció sense gangrena
K441;Hèrnia diafragmàtica amb gangrena
K449;Hèrnia diafragmàtica sense obstrucció ni gangrena
K450;Altres hèrnies abdominals especificades amb obstrucció sense gangrena
K451;Altres hèrnies abdominals especificades amb gangrena
K458;Altres hèrnies abdominals especificades sense obstrucció ni gangrena
K460;Hèrnia abdominal no especificada amb obstrucció sense gangrena
K461;Hèrnia abdominal no especificada amb gangrena
K469;Hèrnia abdominal no especificada sense obstrucció ni gangrena
K500;Malaltia de Crohn d'intestí prim
K501;Malaltia de Crohn d'intestí gros
K508;Altres tipus de malaltia de Crohn
K509;Malaltia de Crohn no especificada
K510;Enterocolitis ulcerosa (crònica)
K511;Ileocolitis ulcerosa (crònica)
K512;Proctitis ulcerosa (crònica)
K513;Rectosigmoïditis ulcerosa (crònica)
K514;Pseudopoliposi de còlon
K515;Proctocolitis mucosa
K518;Altres tipus de colitis ulcerosa
K519;Colitis ulcerosa no especificada
K520;Gastroenteritis i colitis per radiació
K521;Gastroenteritis i colitis tòxiques
K522;Gastroenteritis i colitis al·lèrgiques i dietètiques
K528;Altres gastroenteritis i colitis no infeccioses especificades
K529;Gastroenteritis i colitis no infeccioses no especificades
K550;Trastorns vasculars aguts de l'intestí
K551;Trastorns vasculars crònics de l'intestí
K552;Angiodisplàsia de còlon
K558;Altres trastorns vasculars de l'intestí
K559;Trastorn vascular no especificat de l'intestí
K560;Ili paralític
K561;Intussuscepció
K562;Vòlvul
K563;Ili biliar
K564;Altres impaccions intestinals
K565;Adherències intestinals [bandes] amb obstrucció
K566;Altres obstruccions intestinals i obstruccions intestinals no especificades
K567;Ili no especificat
K570;Malaltia diverticular de l'intestí prim amb perforació i abscés
K571;Malaltia diverticular de l'intestí prim sense perforació ni abscés
K572;Malaltia diverticular de l'intestí gros amb perforació i abscés
K573;Malaltia diverticular de l'intestí gros sense perforació ni abscés
K574;Malaltia diverticular dels intestins prim i gros amb perforació i abscés
K575;Malaltia diverticular dels intestins prim i gros sense perforació ni abscés
K578;Malaltia diverticular de l'intestí, part no especificada, amb perforació i abscés
K579;Malaltia diverticular de l'intestí, part no especificada, sense perforació ni abscés
K580;Síndrome de l'intestí irritable amb diarrea
K589;Síndrome de l'intestí irritable sense diarrea
K590;Restrenyiment
K591;Diarrea funcional
K592;Intestí neurogènic no classificat a cap altre lloc
K593;Megacòlon no classificat a cap altre lloc
K594;Espasme anal
K598;Altres trastorns intestinals funcionals especificats
K599;Trastorn intestinal funcional no especificat
K600;Fissura anal aguda
K601;Fissura anal crònica
K602;Fissura anal no especificada
K603;Fístula anal
K604;Fístula rectal
K605;Fístula anorectal
K610;Abscés anal
K611;Abscés rectal
K612;Abscés anorectal
K613;Abscés isquiorectal
K614;Abscés intraesfinteral
K620;Pòlip anal
K621;Pòlip rectal
K622;Prolapse anal
K623;Prolapse rectal
K624;Estenosi d'anus i recte
K625;Hemorràgia d'anus i recte
K626;Úlcera d'anus i recte
K627;Proctitis per radiació
K628;Altres malalties especificades d'anus i recte
K629;Malaltia no especificada d'anus i recte
K630;Abscés intestinal
K631;Perforació de l'intestí (no traumàtica)
K632;Fístula intestinal
K633;Úlcera intestinal
K634;Enteroptosi
K635;Pòlip del còlon
K638;Altres malalties especificades de l'intestí
K639;Malaltia de l'intestí no especificada
K650;Peritonitis aguda
K658;Altres peritonitis
K659;Peritonitis no especificada
K660;Adherències peritoneals
K661;Hemoperitoneu
K668;Altres trastorns especificats del peritoneu
K669;Trastorn del peritoneu no especificat
K670;Peritonitis per clamídies (A74.8+)
K671;Peritonitis gonocòccica (A54.8+)
K672;Peritonitis sifilítica (A52.7+)
K673;Peritonitis tuberculosa (A18.3+)
K678;Altres trastorns del peritoneu en malalties infeccioses classificades en un altre lloc
K700;Degeneració grassa alcohòlica del fetge
K701;Hepatitis alcohòlica
K702;Fibrosi i esclerosi alcohòliques del fetge
K703;Cirrosi hepàtica alcohòlica
K704;Fallida hepàtica alcohòlica
K709;Hepatopatia alcohòlica no especificada
K710;Hepatopatia tòxica amb colèstasi
K711;Hepatopatia tòxica amb necrosi hepàtica
K712;Hepatopatia tòxica amb hepatitis aguda
K713;Hepatopatia tòxica amb hepatitis crònica persistent
K714;Hepatopatia tòxica amb hepatitis lobular crònica
K715;Hepatopatia tòxica amb hepatitis crònica activa
K716;Hepatopatia tòxica amb hepatitis no classificada a cap altre lloc
K717;Hepatopatia tòxica amb fibrosi i cirrosi hepàtiques
K718;Hepatopatia tòxica amb altres trastorns del fetge
K719;Hepatopatia tòxica no especificada
K720;Fallida hepàtica aguda i subaguda
K721;Fallida hepàtica crònica
K729;Fallida hepàtica no especificada
K730;Hepatitis crònica persistent no classificada a cap altre lloc
K731;Hepatitis lobular crònica no classificada a cap altre lloc
K732;Hepatitis crònica activa no classificada a cap altre lloc
K738;Altres hepatitis cròniques no classificades a cap altre lloc
K739;Hepatitis crònica no especificada
K740;Fibrosi hepàtica
K741;Esclerosi hepàtica
K742;Fibrosi hepàtica amb esclerosi hepàtica
K743;Cirrosi biliar primària
K744;Cirrosi biliar secundària
K745;Cirrosi biliar no especificada
K746;Altres cirrosis hepàtiques i cirrosis hepàtiques no especificades
K750;Abscés hepàtic
K751;Flebitis de la vena porta
K752;Hepatitis reactiva no especificada
K753;Hepatitis granulomatosa no classificada a cap altre lloc
K754;Hepatitis autoimmunitària
K758;Altres hepatopaties inflamatòries especificades
K759;Hepatopatia inflamatòria no especificada
K760;Degeneració grassa (canvi) de fetge no classificada a cap altre lloc
K761;Congestió passiva crònica de fetge
K762;Necrosi hepàtica hemorràgica central
K763;Infart hepàtic
K764;Peliosi hepàtica
K765;Malaltia venooclusiva hepàtica
K766;Hipertensió portal
K767;Síndrome hepatorenal
K768;Altres malalties del fetge especificades
K769;Hepatopatia no especificada
K770;Trastorns hepàtics en malalties infeccioses i parasitàries classificades en un altre lloc
K778;Trastorns hepàtics en altres malalties classificades en un altre lloc
K800;Càlcul de vesícula biliar amb colecistitis aguda
K801;Càlcul de vesícula biliar amb altres colecistitis
K802;Càlcul de vesícula biliar sense colecistitis
K803;Càlcul de conducte biliar amb colangitis
K804;Càlcul de conducte biliar amb colecistitis
K805;Càlcul de conducte biliar sense colangitis ni colecistitis
K808;Altres colelitiasis
K810;Colecistitis aguda
K811;Colecistitis crònica
K818;Altres colecistitis
K819;Colecistitis no especificada
K820;Obstrucció de vesícula biliar
K821;Hidrops de vesícula biliar
K822;Perforació de vesícula biliar
K823;Fístula de vesícula biliar
K824;Colesterolosi de vesícula biliar
K828;Altres malalties especificades de la vesícula biliar
K829;Malaltia no especificada de la vesícula biliar
K830;Colangitis
K831;Obstrucció de conducte biliar
K832;Perforació de conducte biliar
K833;Fístula de conducte biliar
K834;Espasme de l'esfínter d'Oddi
K835;Quist biliar
K838;Altres malalties especificades del tracte biliar
K839;Malaltia del tracte biliar no especificada
K850;Pancreatitis aguda idiopàtica
K851;Pancreatitis aguda biliar
K852;Pancreatitis aguda induïda per alcohol
K853;Pancreatitis aguda induïda per fàrmacs
K858;Altres pancreatitis agudes
K859;Pancreatitis aguda no especificada
K860;Pancreatitis crònica induïda per alcohol
K861;Altres pancreatitis cròniques
K862;Quist de pàncrees
K863;Pseudoquist de pàncrees
K868;Altres malalties del pàncrees especificades
K869;Malaltia del pàncrees no especificada
K870;Trastorns de la vesícula biliar i el tracte biliar en malalties classificades en un altre lloc
K871;Trastorns del pàncrees en malalties classificades en un altre lloc
K900;Malaltia celíaca
K901;Esprue tropical
K902;Síndrome de la nansa cega no classificada a cap altre lloc
K903;Esteatorrea pancreàtica
K904;Malabsorció per intolerància no classificada a cap altre lloc
K908;Altres malabsorcions intestinals
K909;Malabsorció intestinal no especificada
K910;Vòmits consecutius a cirurgia gastrointestinal
K911;Síndromes postcirurgia gàstrica
K912;Malabsorció postoperatòria no classificada a cap altre lloc
K913;Obstrucció intestinal postoperatòria
K914;Funcionament defectuós de colostomia i enterostomia
K915;Síndrome postcolecistectomia
K918;Altres trastorns de l'aparell digestiu posteriors a un procediment no classificats a cap altre lloc
K919;Trastorn no especificat de l'aparell digestiu posterior a un procediment
K920;Hematèmesi
K921;Melena
K922;Hemorràgia gastrointestinal no especificada
K928;Altres malalties especificades de l'aparell digestiu
K929;Malaltia de l'aparell digestiu no especificada
K930;Tuberculosi d'intestins, peritoneu i ganglis mesentèrics (A18.3+)
K931;Megacòlon en la malaltia de Chagas (B57.3+)
K938;Trastorns d'altres òrgans digestius especificats en malalties classificades en un altre lloc
L010;Impetigen (qualsevol microorganisme) (qualsevol localització)
L011;Impetiginització d'altres dermatosis
L020;Abscés i furóncol cutanis de la cara
L021;Abscés i furóncol cutanis del coll
L022;Abscés i furóncol cutanis del tronc
L023;Abscés i furóncol cutanis de la natja
L024;Abscés i furóncol cutanis de l'extremitat
L028;Abscés i furóncol cutanis d'altres localitzacions
L029;Abscés i furóncol cutanis no especificats
L030;Cel·lulitis de dits de la mà i dits del peu
L031;Cel·lulitis d'altres parts de l'extremitat
L032;Cel·lulitis de cara
L033;Cel·lulitis de tronc
L038;Cel·lulitis d'altres localitzacions
L039;Cel·lulitis no especificada
L040;Limfadenitis aguda de cara, cap i coll
L041;Limfadenitis aguda de tronc
L042;Limfadenitis aguda d'extremitat superior
L043;Limfadenitis aguda d'extremitat inferior
L048;Limfadenitis aguda d'altres localitzacions
L049;Limfadenitis aguda no especificada
L050;Quist pilonidal amb abscés
L059;Quist pilonidal sense abscés
L080;Piodèrmia
L081;Eritrasma
L088;Altres infeccions locals de la pell i el teixit subcutani especificades
L089;Infecció local de la pell i el teixit subcutani no especificada
L100;Pèmfig vulgar
L101;Pèmfig vegetant
L102;Pèmfig foliaci
L103;Pèmfig brasiler [fogo selvagem]
L104;Pèmfig eritematós
L105;Pèmfig induït per fàrmacs
L108;Altres pèmfigs
L109;Pèmfig no especificat
L110;Queratosi fol·licular adquirida
L111;Dermatosi acantolítica transitòria [Grover]
L118;Altres trastorns acantolítics especificats
L119;Trastorn acantolític no especificat
L120;Pemfigoide ampul·lar
L121;Pemfigoide cicatricial
L122;Malaltia ampul·lar crònica de la infància
L123;Epidermòlisi ampul·lar adquirida
L128;Altres pemfigoides
L129;Pemfigoide no especificat
L130;Dermatitis herpetiforme
L131;Dermatitis pustulosa subcorneal
L138;Altres trastorns ampul·lars especificats
L139;Trastorn ampul·lar no especificat
L200;Prurigen de Besnier
L208;Altres dermatitis atòpiques
L209;Dermatitis atòpica no especificada
L210;Seborrea capitis
L211;Dermatitis seborreica infantil
L218;Altres dermatitis seborreiques
L219;Dermatitis seborreica no especificada
L230;Dermatitis al·lèrgica de contacte provocada per metalls
L231;Dermatitis al·lèrgica de contacte provocada per adhesius
L232;Dermatitis al·lèrgica de contacte provocada per cosmètics
L233;Dermatitis al·lèrgica de contacte provocada per fàrmacs en contacte amb la pell
L234;Dermatitis al·lèrgica de contacte provocada per colorants
L235;Dermatitis al·lèrgica de contacte provocada per altres productes químics
L236;Dermatitis al·lèrgica de contacte provocada per aliments en contacte amb la pell
L237;Dermatitis al·lèrgica de contacte provocada per plantes, excepte les comestibles
L238;Dermatitis al·lèrgica de contacte provocada per altres agents
L239;Dermatitis al·lèrgica de contacte de causa no especificada
L240;Dermatitis irritativa de contacte provocada per detergents
L241;Dermatitis irritativa de contacte provocada per olis i greixos
L242;Dermatitis irritativa de contacte provocada per dissolvents
L243;Dermatitis irritativa de contacte provocada per cosmètics
L244;Dermatitis irritativa de contacte provocada per fàrmacs en contacte amb la pell
L245;Dermatitis irritativa de contacte provocada per altres productes químics
L246;Dermatitis irritativa de contacte provocada per aliments en contacte amb la pell
L247;Dermatitis irritativa de contacte provocada per plantes, excepte les comestibles
L248;Dermatitis irritativa de contacte provocada per altres agents
L249;Dermatitis irritativa de contacte de causa no especificada
L250;Dermatitis de contacte no especificada provocada per cosmètics
L251;Dermatitis de contacte no especificada provocada per fàrmacs en contacte amb la pell
L252;Dermatitis de contacte no especificada provocada per colorants
L253;Dermatitis de contacte no especificada provocada per altres productes químics
L254;Dermatitis de contacte no especificada provocada per aliments en contacte amb la pell
L255;Dermatitis de contacte no especificada provocada per plantes, excepte les comestibles
L258;Dermatitis de contacte no especificada provocada per altres agents
L259;Dermatitis de contacte no especificada de causa no especificada
L270;Erupció cutània generalitzada provocada per fàrmacs i medicaments per a identificar el fàrmac.
L271;Erupció cutània localitzada provocada per fàrmacs i medicaments per a identificar el fàrmac.
L272;Dermatitis provocada per aliments ingerits
L278;Dermatitis provocada per altres substàncies ingerides
L279;Dermatitis provocada per una substància ingerida no especificada
L280;Liquen simple crònic
L281;Prurigen nodular
L282;Altres prurigens
L290;Pruïja anal
L291;Pruïja escrotal
L292;Pruïja vulvar
L293;Pruïja anogenital no especificada
L298;Altres pruïges
L299;Pruïja no especificada
L300;Dermatitis nummular
L301;Dishidrosi [pomfòlix]
L302;Autosensibilització cutània
L303;Dermatitis infecciosa
L304;Eritema intertriginós
L305;Pitiriasi alba
L308;Altres dermatitis especificades
L309;Dermatitis no especificada
L400;Psoriasi vulgar
L401;Psoriasi pustulosa generalitzada
L402;Acrodermatitis contínua
L403;Pustulosi palmoplantar
L404;Psoriasi de gotes
L405;Psoriasi artropàtica (M07.0-M07.3*, M09.0**)
L408;Altres psoriasis
L409;Psoriasi no especificada
L410;Pitiriasi liquenoide i varioliforme aguda
L411;Pitiriasi liquenoide crònica
L412;Papulosi limfomatoide
L413;Parapsoriasi de plaques petites
L414;Parapsoriasi de plaques grans
L415;Parapsoriasi retiforme
L418;Altres parapsoriasis
L419;Parapsoriasi no especificada
L430;Liquen pla hipertròfic
L431;Liquen pla ampul·lar
L432;Reacció liquenoide per fàrmacs
L433;Liquen pla subagut (actiu)
L438;Altres líquens plans
L439;Liquen pla no especificat
L440;Pitiriasi rubra pilar
L441;Liquen nítid
L442;Liquen estriat
L443;Liquen roig moniliforme
L444;Acrodermatitis papulosa infantil [Giannotti-Crosti]
L448;Altres trastorns papuloescatosos especificats
L449;Trastorn papuloescatós no especificat
L500;Urticària al·lèrgica
L501;Urticària idiopàtica
L502;Urticària per fred i per calor
L503;Urticària dermogràfica
L504;Urticària vibratòria
L505;Urticària colinèrgica
L506;Urticària de contacte
L508;Altres urticàries
L509;Urticària no especificada
L510;Eritema multiforme no ampul·lar
L511;Eritema multiforme ampul·lar
L512;Necròlisi epidèrmica tòxica [Lyell]
L518;Altres eritemes multiformes
L519;Eritema multiforme no especificat
L530;Eritema tòxic
L531;Eritema anular centrífug
L532;Eritema marginat
L533;Altres eritemes figurats crònics
L538;Altres afeccions eritematoses especificades
L539;Afecció eritematosa no especificada
L540;Eritema marginat en febre reumàtica aguda (I00+)
L548;Eritema en altres malalties classificades en un altre lloc
L550;Cremada solar de primer grau
L551;Cremada solar de segon grau
L552;Cremada solar de tercer grau
L558;Altres cremades solars
L559;Cremada solar no especificada
L560;Resposta fototòxica a fàrmacs
L561;Resposta fotoal·lèrgica a fàrmacs
L562;Dermatitis per fotocontacte [dermatitis berloque]
L563;Urticària solar
L564;Erupció polimorfa lumínica
L568;Altres canvis a la pell aguts especificats provocats per radiació ultraviolada
L569;Canvi a la pell agut no especificat provocat per radiació ultraviolada
L570;Queratosi actínica
L571;Reticuloide actínic
L572;Cutis romboïdal de la nuca
L573;Pecilodèrmia de Civatte
L574;Cutis lax senil
L575;Granuloma actínic
L578;Altres canvis a la pell provocats per exposició crònica a radiació no ionitzant
L579;Canvis a la pell no especificats provocats per exposició crònica a radiació no ionitzant
L580;Radiodermatitis aguda
L581;Radiodermatitis crònica
L589;Radiodermatitis no especificada
L590;Eritema ab igne [dermatitis ab igne]
L598;Altres trastorns de la pell i el teixit subcutani especificats relacionats amb la radiació
L599;Trastorn de la pell i el teixit subcutani no especificat relacionat amb la radiació
L600;Ungla encarnada
L601;Onicòlisi
L602;Onicogrifosi
L603;Distròfia de l'ungla
L604;Línies de Beau
L605;Síndrome de les ungles grogues
L608;Altres trastorns de les ungles
L609;Trastorn de l'ungla no especificat
L620;Paquidermoperiostosi d'ungla de vidre de rellotge (M89.4+)
L628;Trastorns de les ungles en altres malalties classificades en un altre lloc
L630;Alopècia total (del cap)
L631;Alopècia universal
L632;Ofiasi
L638;Altres alopècies areates
L639;Alopècia areata no especificada
L640;Alopècia androgènica induïda per fàrmacs
L648;Altres alopècies androgèniques
L649;Alopècia androgènica no especificada
L650;Efluvi telogènic
L651;Efluvi anagènic
L652;Alopècia mucinosa
L658;Altres tipus de caiguda de cabells o pèls no cicatricial especificada
L659;Caiguda de cabells o pèls no cicatricial no especificada
L660;Pseudopelada
L661;Liquen planopilar
L662;Fol·liculitis decalvant
L663;Perifol·liculitis capitis abscedens
L664;Fol·liculitis uleritematosa reticulada
L668;Altres alopècies cicatricials
L669;Alopècia cicatricial no especificada
L670;Tricorrexi nodosa
L671;Variacions del color dels cabells i els pèls
L678;Altres anomalies del color i la tija dels cabells i els pèls
L679;Anomalia del color i la tija dels cabells i els pèls no especificada
L680;Hirsutisme
L681;Hipertricosi lanuginosa adquirida
L682;Hipertricosi localitzada
L683;Politríquia
L688;Altres hipertricosis
L689;Hipertricosi no especificada
L700;Acne vulgar
L701;Acne conglobata
L702;Acne varioliforme
L703;Acne tropical
L704;Acne infantil
L705;Acne excoriada de les dones joves
L708;Altres acnes
L709;Acne no especificada
L710;Dermatitis perioral
L711;Rinofima
L718;Altres rosàcies
L719;Rosàcia no especificada
L720;Quist epidèrmic
L721;Quist triquilemmal
L722;Esteatocistoma múltiple
L728;Altres quists fol·liculars de la pell i el teixit subcutani
L729;Quist fol·licular de la pell i el teixit subcutani no especificat
L730;Acne queloïdal
L731;Pseudofol·liculitis de la barba
L732;Hidroadenitis supurativa
L738;Altres trastorns fol·liculars especificats
L739;Trastorn fol·licular no especificat
L740;Miliària rubra
L741;Miliària cristal·lina
L742;Miliària profunda
L743;Miliària no especificada
L744;Anhidrosi
L748;Altres trastorns de les glàndules sudorípares eccrines
L749;Trastorn de les glàndules sudorípares eccrines no especificat
L750;Bromohidrosi
L751;Cromhidrosi
L752;Miliària apocrina
L758;Altres trastorns de les glàndules sudorípares apocrines
L759;Trastorn de les glàndules sudorípares apocrines no especificat
L810;Hiperpigmentació postinflamatòria
L811;Cloasma
L812;Pigues
L813;Taques de cafè amb llet
L814;Altres hiperpigmentacions melàniques
L815;Leucodèrmia no classificada a cap altre lloc
L816;Altres trastorns de disminució de la formació de melanina
L817;Dermatosi purpúrica pigmentada
L818;Altres trastorns especificats de la pigmentació
L819;Trastorn de la pigmentació no especificat
L850;Ictiosi adquirida
L851;Queratosi (queratodèrmia) palmoplantar adquirida
L852;Queratosi puntejada (palmoplantar)
L853;Xerosi del cutis
L858;Altres engruiximents epidèrmics especificats
L859;Engruiximent epidèrmic no especificat
L870;Queratosi fol·licular i parafol·licular penetrant del cutis [Kyrle]
L871;Col·lagenosi reactiva perforant
L872;Elastosi perforant serpiginosa
L878;Altres trastorns de l'eliminació transepidèrmica
L879;Trastorn de l'eliminació transepidèrmica no especificat
L900;Liquen esclerós i atròfic
L901;Anetodèrmia de Schweninger-Buzzi
L902;Anetodèrmia de Jadassohn-Pellizzari
L903;Atrofodèrmia de Pasini i Pierini
L904;Acrodermatitis atròfica crònica
L905;Cicatrius i fibrosi de la pell
L906;Estries atròfiques
L908;Altres trastorns atròfics de la pell
L909;Trastorn atròfic de la pell no especificat
L910;Cicatriu queloïdal
L918;Altres trastorns hipertròfics de la pell
L919;Trastorn hipertròfic de la pell no especificat
L920;Granuloma anular
L921;Necrobiosi lipoïdal no classificada a cap altre lloc
L922;Granuloma facial [granuloma eosinofílic de la pell]
L923;Granuloma de cos estrany de la pell i el teixit subcutani
L928;Altres trastorns granulomatosos de la pell i el teixit subcutani
L929;Trastorn granulomatós de la pell i el teixit subcutani no especificat
L930;Lupus eritematós discoide
L931;Lupus eritematós cutani subagut
L932;Altres lupus eritematosos locals
L940;Esclerodèrmia localitzada [morfea]
L941;Esclerodèrmia lineal
L942;Calcinosi cutània
L943;Esclerodactília
L944;Pàpules de Gottron
L945;Pecilodèrmia vascular atròfica
L946;Ainhum
L948;Altres trastorns localitzats especificats del teixit connectiu
L949;Trastorn localitzat del teixit connectiu no especificat
L950;Vasculitis livedoide
L951;Eritema elevat diüturn
L958;Altres vasculitis limitades a la pell
L959;Vasculitis limitada a la pell no especificada
L980;Granuloma piogen
L981;Dermatitis factícia
L982;Dermatosi neutrofílica febril [Sweet]
L983;Cel·lulitis eosinofílica [Wells]
L984;Úlcera crònica de la pell no classificada a cap altre lloc
L985;Mucinosi cutània
L986;Altres trastorns infiltratius de la pell i el teixit subcutani
L988;Altres trastorns especificats de la pell i el teixit subcutani
L989;Trastorn de la pell i el teixit subcutani no especificat
L990;Amiloïdosi cutània (E85.-+)
L998;Altres trastorns especificats de la pell i el teixit subcutani en
M000;Artritis i poliartritis estafilocòcciques
M0000;Artritis i poliartritis estafilocòcciques: Llocs múltiples
M0001;Artritis i poliartritis estafilocòcciques: Regió de l'espatlla
M0002;Artritis i poliartritis estafilocòcciques: Braç
M0003;Artritis i poliartritis estafilocòcciques: Avantbraç
M0004;Artritis i poliartritis estafilocòcciques: Mà
M0005;Artritis i poliartritis estafilocòcciques: Regió pèlvica i cuixa
M0006;Artritis i poliartritis estafilocòcciques: Cama
M0007;Artritis i poliartritis estafilocòcciques: Turmell i peu
M0008;Artritis i poliartritis estafilocòcciques: Altres llocs
M0009;Artritis i poliartritis estafilocòcciques: Lloc no especificat
M001;Artritis i poliartritis pneumocòcciques
M0010;Artritis i poliartritis pneumocòcciques: Llocs múltiples
M0011;Artritis i poliartritis pneumocòcciques: Regió de l'espatlla
M0012;Artritis i poliartritis pneumocòcciques: Braç
M0013;Artritis i poliartritis pneumocòcciques: Avantbraç
M0014;Artritis i poliartritis pneumocòcciques: Mà
M0015;Artritis i poliartritis pneumocòcciques: Regió pèlvica i cuixa
M0016;Artritis i poliartritis pneumocòcciques: Cama
M0017;Artritis i poliartritis pneumocòcciques: Turmell i peu
M0018;Artritis i poliartritis pneumocòcciques: Altres llocs
M0019;Artritis i poliartritis pneumocòcciques: Lloc no especificat
M002;Altres artritis i poliartritis estreptocòcciques
M0020;Altres artritis i poliartritis estreptocòcciques: Llocs múltiples
M0021;Altres artritis i poliartritis estreptocòcciques: Regió de l'espatlla
M0022;Altres artritis i poliartritis estreptocòcciques: Braç
M0023;Altres artritis i poliartritis estreptocòcciques: Avantbraç
M0024;Altres artritis i poliartritis estreptocòcciques: Mà
M0025;Altres artritis i poliartritis estreptocòcciques: Regió pèlvica i cuixa
M0026;Altres artritis i poliartritis estreptocòcciques: Cama
M0027;Altres artritis i poliartritis estreptocòcciques: Turmell i peu
M0028;Altres artritis i poliartritis estreptocòcciques: Altres llocs
M0029;Altres artritis i poliartritis estreptocòcciques: Lloc no especificat
M008;Artritis i poliartritis causades per altres agents bacterians especificats
M0080;Artritis i poliartritis causades per altres agents bacterians especificats: Llocs múltiples
M0081;Artritis i poliartritis causades per altres agents bacterians especificats: Regió de l'espatlla
M0082;Artritis i poliartritis causades per altres agents bacterians especificats: Braç
M0083;Artritis i poliartritis causades per altres agents bacterians especificats: Avantbraç
M0084;Artritis i poliartritis causades per altres agents bacterians especificats: Mà
M0085;Artritis i poliartritis causades per altres agents bacterians especificats: Regió pèlvica i cuixa
M0086;Artritis i poliartritis causades per altres agents bacterians especificats: Cama
M0087;Artritis i poliartritis causades per altres agents bacterians especificats: Turmell i peu
M0088;Artritis i poliartritis causades per altres agents bacterians especificats: Altres llocs
M0089;Artritis i poliartritis causades per altres agents bacterians especificats: Lloc no especificat
M009;Artritis piògena no especificada
M0090;Artritis piògena no especificada: Llocs múltiples
M0091;Artritis piògena no especificada: Regió de l'espatlla
M0092;Artritis piògena no especificada: Braç
M0093;Artritis piògena no especificada: Avantbraç
M0094;Artritis piògena no especificada: Mà
M0095;Artritis piògena no especificada: Regió pèlvica i cuixa
M0096;Artritis piògena no especificada: Cama
M0097;Artritis piògena no especificada: Turmell i peu
M0098;Artritis piògena no especificada: Altres llocs
M0099;Artritis piògena no especificada: Lloc no especificat
M010;Artritis meningocòccica (A39.8+)
M011;Artritis tuberculosa (A18.0+)
M012;Artritis en malaltia de Lyme (A69.2+)
M013;Artritis en altres malalties bacterianes classificades en un altre lloc
M014;Artritis per rubèola (B06.8+)
M015;Artritis en altres malalties víriques classificades en un altre lloc
M016;Artritis en micosis (B35-B49+)
M018;Artritis en altres malalties infeccioses i parasitàries classificades en un altre lloc
M020;Artropatia consecutiva a derivació intestinal
M021;Artropatia postdisentèrica
M022;Artropatia postimmunització
M023;Malaltia de Reiter
M028;Altres artropaties reactives
M029;Artropatia reactiva no especificada
M030;Artritis postmeningocòccica (A39.8+)
M031;Artropatia postinfecciosa en sífilis
M032;Altres artropaties postinfeccioses en malalties classificades en un altre lloc
M036;Artropatia reactiva en altres malalties classificades en un altre lloc
M050;Síndrome de Felty
M051;Malaltia pulmonar reumatoide (J99.0**)
M052;Vasculitis reumatoide
M053;Artritis reumatoide amb afectació d'altres òrgans, aparells i sistemes
M058;Altres artritis reumatoides seropositives
M059;Artritis reumatoide seropositiva no especificada
M060;Artritis reumatoide seronegativa
M061;Malaltia de Still iniciada en adults
M062;Bursitis reumatoide
M063;Nòdul reumatoide
M064;Poliartropatia inflamatòria
M068;Altres artritis reumatoides especificades
M069;Artritis reumatoide no especificada
M070;Artropatia psoriàsica interfalàngica distal (L40.5+)
M071;Artritis mutilant (L40.5+)
M072;Espondilitis psoriàsica (L40.5+)
M073;Altres artropaties psoriàsiques (L40.5+)
M074;Artropatia en malaltia de Crohn [enteritis regional] (K50.-+)
M075;Artropatia en colitis ulcerosa (K51.-+)
M076;Altres artropaties enteropàtiques
M080;Artritis reumatoide juvenil
M081;Espondilitis anquilosant juvenil
M082;Artritis juvenil amb inici sistèmic
M083;Poliartritis juvenil (seronegativa)
M084;Artritis juvenil oligoarticular
M088;Altres artritis juvenils
M089;Artritis juvenil no especificada
M090;Artritis juvenil en psoriasi (L40.5+)
M091;Artritis juvenil en malaltia de Crohn [enteritis regional] (K50.-+)
M092;Artritis juvenil en colitis ulcerosa (K51.-+)
M098;Artritis juvenil en altres malalties classificades en un altre lloc
M100;Gota idiopàtica
M101;Gota induïda per plom
M102;Gota induïda per fàrmacs
M103;Gota per deterioració de la funció renal
M104;Altres gotes secundàries
M109;Gota no especificada
M110;Malaltia per dipòsit de cristalls d'hidroxiapatita
M111;Condrocalcinosi familiar
M112;Altres condrocalcinosis
M118;Altres artropaties per cristalls especificades
M119;Artropatia per cristalls no especificada
M120;Artropatia postreumàtica crònica [Jaccoud]
M121;Malaltia de Kaixin-Bek [osteoartritis deformant endèmica]
M122;Sinovitis vil·lonodular (pigmentada)
M123;Reumatisme palindròmic
M124;Hidroartrosi intermitent
M125;Artropatia traumàtica
M128;Altres artropaties especificades no classificades a cap altre lloc
M130;Poliartritis no especificada
M131;Monoartritis no classificada a cap altre lloc
M138;Altres artritis especificades
M139;Artritis no especificada
M140;Artropatia gotosa per defectes enzimàtics i altres trastorns heriditaris
M141;Artropatia per dipòsit de cristalls en altres trastorns metabòlics
M142;Artropatia diabètica (E10-E14 amb el quart caràcter comú .6+)
M143;Dermatoartritis lipoïdal (E78.8+)
M144;Artropatia en amiloïdosi (E85.-+)
M145;Artropaties en altres trastorns endocrins, nutricionals i metabòlics
M146;Artropatia neuropàtica
M148;Artropaties en altres malalties especificades classificades en un altre lloc
M150;Atrosi (osteoartrosi) generalitzada primària
M151;Nodes de Heberden (amb artropatia)
M152;Nodes de Bouchard (amb artropatia)
M153;Artrosi múltiple secundària
M154;Artrosi (osteoartrosi) erosiva
M158;Altres poliartrosis
M159;Poliartrosi no especificada
M160;Coxartrosi primària bilateral
M161;Altres coxartrosis primàries
M162;Coxartrosi bilateral derivada de displàsia
M163;Altres coxartrosis displàstiques
M164;Coxartrosi posttraumàtica bilateral
M165;Altres coxartrosis posttraumàtiques
M166;Altres coxartrosis secundàries bilaterals
M167;Altres coxartrosis secundàries
M169;Coxartrosi no especificada
M170;Gonartrosi primària bilateral
M171;Altres gonartrosis primàries
M172;Gonartrosi posttraumàtica bilateral
M173;Altres gonartrosis posttraumàtiques
M174;Altres gonartrosis secundàries bilaterals
M175;Altres gonartrosis secundàries
M179;Gonartrosi no especificada
M180;Artrosi primària bilateral d'articulacions carpometacarpianes dels polzes
M181;Altres artrosis primàries d'articulació carpometacarpiana del polze
M182;Artrosi posttraumàtica bilateral d'articulacions carpometacarpianes dels polzes
M183;Altres artrosis posttraumàtiques d'articulació carpometacarpiana del polze
M184;Altres artrosis secundàries bilaterals d'articulacions carpometacarpianes dels polzes
M185;Altres artrosis secundàries d'articulació carpometacarpiana del polze
M189;Artrosi no especificada d'articulació carpometacarpiana del polze
M190;Artrosi primària d'altres articulacions
M191;Artrosi posttraumàtica d'altres articulacions
M192;Altres artrosis secundàries
M198;Altres artrosis especificades
M199;Artrosi no especificada
M200;Deformitat del -s dit -s de la mà
M201;Hàl·lux valg (adquirit)
M202;Hàl·lux rígid
M203;Altres deformitats d'hàl·lux (adquirides)
M204;Altres dits de martell del peu (adquirits)
M205;Altres deformitats de dit -s del peu (adquirides)
M206;Deformitat adquirida de dit -s del peu no especificada
M210;Deformitat valga no classificada a cap altre lloc
M211;Deformitat vara no classificada a cap altre lloc
M212;Deformitat de flexió
M213;Canell o peu caiguts (adquirits)
M214;Peu pla (adquirit)
M215;Mà d'urpa, mà de pinya, peu d'urpa i peu de pinya adquirits
M216;Altres deformitats adquirides del turmell i el peu
M217;Llargada desigual de les extremitats (adquirida)
M218;Altres deformitats adquirides especificades de les extremitats
M219;Deformitat adquirida no especificada d'una extremitat
M220;Luxació recidivant de ròtula
M221;Subluxació recidivant de ròtula
M222;Trastorns patel·lofemorals
M223;Altres desarranjaments de ròtula
M224;Condromalàcia de la ròtula
M228;Altres trastorns de la ròtula
M229;Trastorn de la ròtula no especificat
M230;Menisc quístic
M2300;Menisc quístic: Llocs múltiples
M2301;Menisc quístic: Lligament encreuat anterior banya anterior del menisc intern
M2302;Menisc quístic: Lligament colateral intern o altre encreuat posterior banya posterior del menisc intern
M2303;Menisc quístic: Lligament lateral intern o altres parts del menisc intern i parts  del menisc intern no especificades
M2304;Menisc quístic: Lligament lateral extern o banya anterior del menisc extern
M2305;Menisc quístic: Banya posterior del menisc extern
M2306;Menisc quístic: Altres parts del menisc extern i parts del menisc extern no  especificades
M2307;Menisc quístic: Lligament capsular
M2309;Menisc quístic: Lligament no especificat o part del menisc no especificada
M231;Menisc discoide (congènit)
M2310;Menisc discoide (congènit): Llocs múltiples
M2311;Menisc discoide (congènit): Lligament encreuat anterior banya anterior del menisc intern
M2312;Menisc discoide (congènit): Lligament colateral intern o altre encreuat posterior banya posterior del menisc intern
M2313;Menisc discoide (congènit): Lligament lateral intern o altres parts del menisc intern i parts  del menisc intern no especificades
M2314;Menisc discoide (congènit): Lligament lateral extern o banya anterior del menisc extern
M2315;Menisc discoide (congènit): Banya posterior del menisc extern
M2316;Menisc discoide (congènit): Altres parts del menisc extern i parts del menisc extern no  especificades
M2317;Menisc discoide (congènit): Lligament capsular
M2319;Menisc discoide (congènit): Lligament no especificat o part del menisc no especificada
M232;Desarranjament del menisc per esquinçament o lesió antics
M2320;Desarranjament del menisc per esquinçament o lesió antics: Llocs múltiples
M2321;Desarranjament del menisc per esquinçament o lesió antics: Lligament encreuat anterior banya anterior del menisc intern
M2322;Desarranjament del menisc per esquinçament o lesió antics: Lligament colateral intern o altre encreuat posterior banya
M2323;Desarranjament del menisc per esquinçament o lesió antics: Lligament lateral intern o altres parts del menisc intern i parts del menisc intern no especificades
M2324;Desarranjament del menisc per esquinçament o lesió antics: Lligament lateral extern o banya anterior del menisc extern
M2325;Desarranjament del menisc per esquinçament o lesió antics: Banya posterior del menisc extern
M2326;Desarranjament del menisc per esquinçament o lesió antics: Altres parts del menisc extern i parts del menisc extern no especificades
M2327;Desarranjament del menisc per esquinçament o lesió antics: Lligament capsular
M2329;Desarranjament del menisc per esquinçament o lesió antics: Lligament no especificat o part del menisc no especificada
M233;Altres desarranjaments de menisc
M2330;Altres desarranjaments de menisc: Llocs múltiples
M2331;Altres desarranjaments de menisc: Lligament encreuat anterior banya anterior del menisc intern
M2332;Altres desarranjaments de menisc: Lligament colateral intern o altre encreuat posterior banya posterior del menisc intern
M2333;Altres desarranjaments de menisc: Lligament lateral intern o altres parts del menisc intern i parts  del menisc intern no especificades
M2334;Altres desarranjaments de menisc: Lligament lateral extern o banya anterior del menisc extern
M2335;Altres desarranjaments de menisc: Banya posterior del menisc extern
M2336;Altres desarranjaments de menisc: Altres parts del menisc extern i parts del menisc extern no  especificades
M2337;Altres desarranjaments de menisc: Lligament capsular
M2339;Altres desarranjaments de menisc: Lligament no especificat o part del menisc no especificada
M234;Cos lliure articular en el genoll
M2340;Cos lliure articular en el genoll: Llocs múltiples
M2341;Cos lliure articular en el genoll: Lligament encreuat anterior banya anterior del menisc intern
M2342;Cos lliure articular en el genoll: Lligament colateral intern o altre encreuat posterior banya posterior del menisc intern
M2343;Cos lliure articular en el genoll: Lligament lateral intern o altres parts del menisc intern i parts  del menisc intern no especificades
M2344;Cos lliure articular en el genoll: Lligament lateral extern o banya anterior del menisc extern
M2345;Cos lliure articular en el genoll: Banya posterior del menisc extern
M2346;Cos lliure articular en el genoll: Altres parts del menisc extern i parts del menisc extern no  especificades
M2347;Cos lliure articular en el genoll: Lligament capsular
M2349;Cos lliure articular en el genoll: Lligament no especificat o part del menisc no especificada
M235;Inestabilitat crònica del genoll
M2350;Inestabilitat crònica del genoll: Llocs múltiples
M2351;Inestabilitat crònica del genoll: Lligament encreuat anterior banya anterior del menisc intern
M2352;Inestabilitat crònica del genoll: Lligament colateral intern o altre encreuat posterior banya posterior del menisc intern
M2353;Inestabilitat crònica del genoll: Lligament lateral intern o altres parts del menisc intern i parts  del menisc intern no especificades
M2354;Inestabilitat crònica del genoll: Lligament lateral extern o banya anterior del menisc extern
M2355;Inestabilitat crònica del genoll: Banya posterior del menisc extern
M2356;Inestabilitat crònica del genoll: Altres parts del menisc extern i parts del menisc extern no  especificades
M2357;Inestabilitat crònica del genoll: Lligament capsular
M2359;Inestabilitat crònica del genoll: Lligament no especificat o part del menisc no especificada
M236;Altres disrupcions espontànies de lligament -s del genoll
M2360;Altres disrupcions espontànies de lligament -s del genoll: Llocs múltiples
M2361;Altres disrupcions espontànies de lligament -s del genoll: Lligament encreuat anterior banya anterior del menisc intern
M2362;Altres disrupcions espontànies de lligament -s del genoll: Lligament colateral intern o altre encreuat posterior banya
M2363;Altres disrupcions espontànies de lligament -s del genoll: Lligament lateral intern o altres parts del menisc intern i parts  del menisc intern no especificades
M2364;Altres disrupcions espontànies de lligament -s del genoll: Lligament lateral extern o banya anterior del menisc extern
M2365;Altres disrupcions espontànies de lligament -s del genoll: Banya posterior del menisc extern
M2366;Altres disrupcions espontànies de lligament -s del genoll: Altres parts del menisc extern i parts del menisc extern no especificades
M2367;Altres disrupcions espontànies de lligament -s del genoll: Lligament capsular
M2369;Altres disrupcions espontànies de lligament -s del genoll: Lligament no especificat o part del menisc no especificada
M238;Altres desarranjaments interns del genoll
M2380;Altres desarranjaments interns del genoll: Llocs múltiples
M2381;Altres desarranjaments interns del genoll: Lligament encreuat anterior banya anterior del menisc intern
M2382;Altres desarranjaments interns del genoll: Lligament colateral intern o altre encreuat posterior banya posterior del menisc intern
M2383;Altres desarranjaments interns del genoll: Lligament lateral intern o altres parts del menisc intern i parts  del menisc intern no especificades
M2384;Altres desarranjaments interns del genoll: Lligament lateral extern o banya anterior del menisc extern
M2385;Altres desarranjaments interns del genoll: Banya posterior del menisc extern
M2386;Altres desarranjaments interns del genoll: Altres parts del menisc extern i parts del menisc extern no  especificades
M2387;Altres desarranjaments interns del genoll: Lligament capsular
M2389;Altres desarranjaments interns del genoll: Lligament no especificat o part del menisc no especificada
M239;Desarranjament intern del genoll no especificat
M2390;Desarranjament intern del genoll no especificat: Llocs múltiples
M2391;Desarranjament intern del genoll no especificat: Lligament encreuat anterior banya anterior del menisc intern
M2392;Desarranjament intern del genoll no especificat: Lligament colateral intern o altre encreuat posterior banya posterior
M2393;Desarranjament intern del genoll no especificat: Lligament lateral intern o altres parts del menisc intern i parts  del menisc intern no especificades
M2394;Desarranjament intern del genoll no especificat: Lligament lateral extern o banya anterior del menisc extern
M2395;Desarranjament intern del genoll no especificat: Banya posterior del menisc extern
M2396;Desarranjament intern del genoll no especificat: Altres parts del menisc extern i parts del menisc extern no  especificades
M2397;Desarranjament intern del genoll no especificat: Lligament capsular
M2399;Desarranjament intern del genoll no especificat: Lligament no especificat o part del menisc no especificada
M240;Cos lliure articular
M241;Altres trastorns del cartílag articular
M242;Trastorn de lligament
M243;Luxació i subluxació articulars patològiques no classificades a cap altre lloc
M244;Luxació i subluxació recidivants articulars
M245;Contractura articular
M246;Anquilosi articular
M247;Protrusió acetabular
M248;Altres desarranjaments articulars especificats no classificats a cap
M249;Desarranjament articular no especificat
M250;Hemartrosi
M251;Fístula articular
M252;Mobilitat articular paradoxal
M253;Altres tipus d'inestabilitat articular
M254;Embassament articular
M255;Dolor articular
M256;Rigidesa articular no classificada a cap altre lloc
M257;Osteòfit
M258;Altres trastorns articulars especificats
M259;Trastorn articular no especificat
M300;Poliarteritis nodosa
M301;Poliarteritis amb afectació pulmonar [Churg-Strauss]
M302;Poliarteritis juvenil
M303;Síndrome limfadenopàtica mucocutània [Kawasaki]
M308;Altres afeccions relacionades amb la poliarteritis nodosa
M310;Angiïtis per hipersensibilitat
M311;Microangiopatia trombòtica
M312;Granuloma letal de la línia mediana
M313;Granulomatosi de Wegener
M314;Síndrome de l'arc de l'aorta [Takayasu]
M315;Arteritis de cèl·lules gegants amb polimiàlgia reumàtica
M316;Altres arteritis de cèl·lules gegants
M317;Poliangiïtis microscòpica
M318;Altres vasculopaties necrosants especificades
M319;Vasculopatia necrosant no especificada
M320;Lupus eritematós sistèmic induït per fàrmacs
M321;Lupus eritematós sistèmic amb afectació d'òrgan o sistema
M328;Altres formes de lupus eritematós sistèmic
M329;Lupus eritematós sistèmic no especificat
M330;Dermatomiositis juvenil
M331;Altres dermatomiositis
M332;Polimiositis
M339;Dermatopolimiositis no especificada
M340;Esclerosi sistèmica progressiva
M341;Síndrome de CREST
M342;Esclerosi sistèmica induïda per fàrmacs i substàncies químiques
M348;Altres formes d'esclerosi sistèmica
M349;Esclerosi sistèmica no especificada
M350;Síndrome seca [Sjögren]
M351;Altres síndromes d'encavalcament
M352;Malaltia de Behçet
M353;Polimiàlgia reumàtica
M354;Fasciïtis difusa (eosinofílica)
M355;Fibrosclerosi multifocal
M356;Panniculitis recidivant [Weber-Christian]
M357;Laxitud articular
M358;Altres afectacions sistèmiques del teixit connectiu especificades
M359;Afectació sistèmica del teixit connectiu no especificada
M360;Dermatomiositis (dermatopolimiositis) en malaltia neoplàstica
M361;Artropatia en malaltia neoplàstica (C00-D48+)
M362;Artropatia hemofílica (D66-D68+)
M363;Artropatia en altres trastorns sanguinis (D50-D76+)
M364;Artropatia en reaccions d'hipersensibilitat classificades en un altre lloc
M368;Trastorns del teixit connectiu sistèmic en altres malalties classificades en un altre lloc
M400;Cifosi postural
M4000;Cifosi postural: Localitzacions múltiples de la columna vertebral
M4001;Cifosi postural: Regió occipitoatlantoaxial
M4002;Cifosi postural: Regió cervical
M4003;Cifosi postural: Regió cervicodorsal
M4004;Cifosi postural: Regió dorsal
M4005;Cifosi postural: Regió dorsolumbar
M4006;Cifosi postural: Regió lumbar
M4007;Cifosi postural: Regió lumbosacra
M4008;Cifosi postural: Regió sacra i sacrococcigeal
M4009;Cifosi postural: Localització no especificada
M401;Altres cifosis secundàries
M4010;Altres cifosis secundàries: Localitzacions múltiples de la columna vertebral
M4011;Altres cifosis secundàries: Regió occipitoatlantoaxial
M4012;Altres cifosis secundàries: Regió cervical
M4013;Altres cifosis secundàries: Regió cervicodorsal
M4014;Altres cifosis secundàries: Regió dorsal
M4015;Altres cifosis secundàries: Regió dorsolumbar
M4016;Altres cifosis secundàries: Regió lumbar
M4017;Altres cifosis secundàries: Regió lumbosacra
M4018;Altres cifosis secundàries: Regió sacra i sacrococcigeal
M4019;Altres cifosis secundàries: Localització no especificada
M402;Altres cifosis i cifosis no especificades
M4020;Altres cifosis i cifosis no especificades: Localitzacions múltiples de la columna vertebral
M4021;Altres cifosis i cifosis no especificades: Regió occipitoatlantoaxial
M4022;Altres cifosis i cifosis no especificades: Regió cervical
M4023;Altres cifosis i cifosis no especificades: Regió cervicodorsal
M4024;Altres cifosis i cifosis no especificades: Regió dorsal
M4025;Altres cifosis i cifosis no especificades: Regió dorsolumbar
M4026;Altres cifosis i cifosis no especificades: Regió lumbar
M4027;Altres cifosis i cifosis no especificades: Regió lumbosacra
M4028;Altres cifosis i cifosis no especificades: Regió sacra i sacrococcigeal
M4029;Altres cifosis i cifosis no especificades: Localització no especificada
M403;Lordosi lumbar posterior a una intervenció quirúrgica
M4030;Lordosi lumbar posterior a una intervenció quirúrgica: Localitzacions múltiples de la columna vertebral
M4031;Lordosi lumbar posterior a una intervenció quirúrgica: Regió occipitoatlantoaxial
M4032;Lordosi lumbar posterior a una intervenció quirúrgica: Regió cervical
M4033;Lordosi lumbar posterior a una intervenció quirúrgica: Regió cervicodorsal
M4034;Lordosi lumbar posterior a una intervenció quirúrgica: Regió dorsal
M4035;Lordosi lumbar posterior a una intervenció quirúrgica: Regió dorsolumbar
M4036;Lordosi lumbar posterior a una intervenció quirúrgica: Regió lumbar
M4037;Lordosi lumbar posterior a una intervenció quirúrgica: Regió lumbosacra
M4038;Lordosi lumbar posterior a una intervenció quirúrgica: Regió sacra i sacrococcigeal
M4039;Lordosi lumbar posterior a una intervenció quirúrgica: Localització no especificada
M404;Altres lordosis
M4040;Altres lordosis: Localitzacions múltiples de la columna vertebral
M4041;Altres lordosis: Regió occipitoatlantoaxial
M4042;Altres lordosis: Regió cervical
M4043;Altres lordosis: Regió cervicodorsal
M4044;Altres lordosis: Regió dorsal
M4045;Altres lordosis: Regió dorsolumbar
M4046;Altres lordosis: Regió lumbar
M4047;Altres lordosis: Regió lumbosacra
M4048;Altres lordosis: Regió sacra i sacrococcigeal
M4049;Altres lordosis: Localització no especificada
M405;Lordosi no especificada
M4050;Lordosi no especificada: Localitzacions múltiples de la columna vertebral
M4051;Lordosi no especificada: Regió occipitoatlantoaxial
M4052;Lordosi no especificada: Regió cervical
M4053;Lordosi no especificada: Regió cervicodorsal
M4054;Lordosi no especificada: Regió dorsal
M4055;Lordosi no especificada: Regió dorsolumbar
M4056;Lordosi no especificada: Regió lumbar
M4057;Lordosi no especificada: Regió lumbosacra
M4058;Lordosi no especificada: Regió sacra i sacrococcigeal
M4059;Lordosi no especificada: Localització no especificada
M410;Escoliosi idiopàtica infantil
M4100;Escoliosi idiopàtica infantil: Localitzacions múltiples de la columna vertebral
M4101;Escoliosi idiopàtica infantil: Regió occipitoatlantoaxial
M4102;Escoliosi idiopàtica infantil: Regió cervical
M4103;Escoliosi idiopàtica infantil: Regió cervicodorsal
M4104;Escoliosi idiopàtica infantil: Regió dorsal
M4105;Escoliosi idiopàtica infantil: Regió dorsolumbar
M4106;Escoliosi idiopàtica infantil: Regió lumbar
M4107;Escoliosi idiopàtica infantil: Regió lumbosacra
M4108;Escoliosi idiopàtica infantil: Regió sacra i sacrococcigeal
M4109;Escoliosi idiopàtica infantil: Localització no especificada
M411;Escoliosi idiopàtica juvenil
M4110;Escoliosi idiopàtica juvenil: Localitzacions múltiples de la columna vertebral
M4111;Escoliosi idiopàtica juvenil: Regió occipitoatlantoaxial
M4112;Escoliosi idiopàtica juvenil: Regió cervical
M4113;Escoliosi idiopàtica juvenil: Regió cervicodorsal
M4114;Escoliosi idiopàtica juvenil: Regió dorsal
M4115;Escoliosi idiopàtica juvenil: Regió dorsolumbar
M4116;Escoliosi idiopàtica juvenil: Regió lumbar
M4117;Escoliosi idiopàtica juvenil: Regió lumbosacra
M4118;Escoliosi idiopàtica juvenil: Regió sacra i sacrococcigeal
M4119;Escoliosi idiopàtica juvenil: Localització no especificada
M412;Altres escoliosis idiopàtiques
M4120;Altres escoliosis idiopàtiques: Localitzacions múltiples de la columna vertebral
M4121;Altres escoliosis idiopàtiques: Regió occipitoatlantoaxial
M4122;Altres escoliosis idiopàtiques: Regió cervical
M4123;Altres escoliosis idiopàtiques: Regió cervicodorsal
M4124;Altres escoliosis idiopàtiques: Regió dorsal
M4125;Altres escoliosis idiopàtiques: Regió dorsolumbar
M4126;Altres escoliosis idiopàtiques: Regió lumbar
M4127;Altres escoliosis idiopàtiques: Regió lumbosacra
M4128;Altres escoliosis idiopàtiques: Regió sacra i sacrococcigeal
M4129;Altres escoliosis idiopàtiques: Localització no especificada
M413;Escoliosi toracogènica
M4130;Escoliosi toracogènica: Localitzacions múltiples de la columna vertebral
M4131;Escoliosi toracogènica: Regió occipitoatlantoaxial
M4132;Escoliosi toracogènica: Regió cervical
M4133;Escoliosi toracogènica: Regió cervicodorsal
M4134;Escoliosi toracogènica: Regió dorsal
M4135;Escoliosi toracogènica: Regió dorsolumbar
M4136;Escoliosi toracogènica: Regió lumbar
M4137;Escoliosi toracogènica: Regió lumbosacra
M4138;Escoliosi toracogènica: Regió sacra i sacrococcigeal
M4139;Escoliosi toracogènica: Localització no especificada
M414;Escoliosi neuromuscular
M4140;Escoliosi neuromuscular: Localitzacions múltiples de la columna vertebral
M4141;Escoliosi neuromuscular: Regió occipitoatlantoaxial
M4142;Escoliosi neuromuscular: Regió cervical
M4143;Escoliosi neuromuscular: Regió cervicodorsal
M4144;Escoliosi neuromuscular: Regió dorsal
M4145;Escoliosi neuromuscular: Regió dorsolumbar
M4146;Escoliosi neuromuscular: Regió lumbar
M4147;Escoliosi neuromuscular: Regió lumbosacra
M4148;Escoliosi neuromuscular: Regió sacra i sacrococcigeal
M4149;Escoliosi neuromuscular: Localització no especificada
M415;Altres escoliosis secundàries
M4150;Altres escoliosis secundàries: Localitzacions múltiples de la columna vertebral
M4151;Altres escoliosis secundàries: Regió occipitoatlantoaxial
M4152;Altres escoliosis secundàries: Regió cervical
M4153;Altres escoliosis secundàries: Regió cervicodorsal
M4154;Altres escoliosis secundàries: Regió dorsal
M4155;Altres escoliosis secundàries: Regió dorsolumbar
M4156;Altres escoliosis secundàries: Regió lumbar
M4157;Altres escoliosis secundàries: Regió lumbosacra
M4158;Altres escoliosis secundàries: Regió sacra i sacrococcigeal
M4159;Altres escoliosis secundàries: Localització no especificada
M418;Altres formes d'escoliosi
M4180;Altres formes d'escoliosi: Localitzacions múltiples de la columna vertebral
M4181;Altres formes d'escoliosi: Regió occipitoatlantoaxial
M4182;Altres formes d'escoliosi: Regió cervical
M4183;Altres formes d'escoliosi: Regió cervicodorsal
M4184;Altres formes d'escoliosi: Regió dorsal
M4185;Altres formes d'escoliosi: Regió dorsolumbar
M4186;Altres formes d'escoliosi: Regió lumbar
M4187;Altres formes d'escoliosi: Regió lumbosacra
M4188;Altres formes d'escoliosi: Regió sacra i sacrococcigeal
M4189;Altres formes d'escoliosi: Localització no especificada
M419;Escoliosi no especificada
M4190;Escoliosi no especificada: Localitzacions múltiples de la columna vertebral
M4191;Escoliosi no especificada: Regió occipitoatlantoaxial
M4192;Escoliosi no especificada: Regió cervical
M4193;Escoliosi no especificada: Regió cervicodorsal
M4194;Escoliosi no especificada: Regió dorsal
M4195;Escoliosi no especificada: Regió dorsolumbar
M4196;Escoliosi no especificada: Regió lumbar
M4197;Escoliosi no especificada: Regió lumbosacra
M4198;Escoliosi no especificada: Regió sacra i sacrococcigeal
M4199;Escoliosi no especificada: Localització no especificada
M420;Osteocondrosi juvenil de la columna vertebral
M4200;Osteocondrosi juvenil de la columna vertebral: Localitzacions múltiples de la columna vertebral
M4201;Osteocondrosi juvenil de la columna vertebral: Regió occipitoatlantoaxial
M4202;Osteocondrosi juvenil de la columna vertebral: Regió cervical
M4203;Osteocondrosi juvenil de la columna vertebral: Regió cervicodorsal
M4204;Osteocondrosi juvenil de la columna vertebral: Regió dorsal
M4205;Osteocondrosi juvenil de la columna vertebral: Regió dorsolumbar
M4206;Osteocondrosi juvenil de la columna vertebral: Regió lumbar
M4207;Osteocondrosi juvenil de la columna vertebral: Regió lumbosacra
M4208;Osteocondrosi juvenil de la columna vertebral: Regió sacra i sacrococcigeal
M4209;Osteocondrosi juvenil de la columna vertebral: Localització no especificada
M421;Osteocondrosi de la columna vertebral de l'adult
M4210;Osteocondrosi de la columna vertebral de l'adult: Localitzacions múltiples de la columna vertebral
M4211;Osteocondrosi de la columna vertebral de l'adult: Regió occipitoatlantoaxial
M4212;Osteocondrosi de la columna vertebral de l'adult: Regió cervical
M4213;Osteocondrosi de la columna vertebral de l'adult: Regió cervicodorsal
M4214;Osteocondrosi de la columna vertebral de l'adult: Regió dorsal
M4215;Osteocondrosi de la columna vertebral de l'adult: Regió dorsolumbar
M4216;Osteocondrosi de la columna vertebral de l'adult: Regió lumbar
M4217;Osteocondrosi de la columna vertebral de l'adult: Regió lumbosacra
M4218;Osteocondrosi de la columna vertebral de l'adult: Regió sacra i sacrococcigeal
M4219;Osteocondrosi de la columna vertebral de l'adult: Localització no especificada
M429;Osteocondrosi de la columna vertebral no especificada
M4290;Osteocondrosi de la columna vertebral no especificada: Localitzacions múltiples de la columna vertebral
M4291;Osteocondrosi de la columna vertebral no especificada: Regió occipitoatlantoaxial
M4292;Osteocondrosi de la columna vertebral no especificada: Regió cervical
M4293;Osteocondrosi de la columna vertebral no especificada: Regió cervicodorsal
M4294;Osteocondrosi de la columna vertebral no especificada: Regió dorsal
M4295;Osteocondrosi de la columna vertebral no especificada: Regió dorsolumbar
M4296;Osteocondrosi de la columna vertebral no especificada: Regió lumbar
M4297;Osteocondrosi de la columna vertebral no especificada: Regió lumbosacra
M4298;Osteocondrosi de la columna vertebral no especificada: Regió sacra i sacrococcigeal
M4299;Osteocondrosi de la columna vertebral no especificada: Localització no especificada
M430;Espondilòlisi
M4300;Espondilòlisi: Localitzacions múltiples de la columna vertebral
M4301;Espondilòlisi: Regió occipitoatlantoaxial
M4302;Espondilòlisi: Regió cervical
M4303;Espondilòlisi: Regió cervicodorsal
M4304;Espondilòlisi: Regió dorsal
M4305;Espondilòlisi: Regió dorsolumbar
M4306;Espondilòlisi: Regió lumbar
M4307;Espondilòlisi: Regió lumbosacra
M4308;Espondilòlisi: Regió sacra i sacrococcigeal
M4309;Espondilòlisi: Localització no especificada
M431;Espondilolistesi
M4310;Espondilolistesi: Localitzacions múltiples de la columna vertebral
M4311;Espondilolistesi: Regió occipitoatlantoaxial
M4312;Espondilolistesi: Regió cervical
M4313;Espondilolistesi: Regió cervicodorsal
M4314;Espondilolistesi: Regió dorsal
M4315;Espondilolistesi: Regió dorsolumbar
M4316;Espondilolistesi: Regió lumbar
M4317;Espondilolistesi: Regió lumbosacra
M4318;Espondilolistesi: Regió sacra i sacrococcigeal
M4319;Espondilolistesi: Localització no especificada
M432;Altres fusions espinals
M4320;Altres fusions espinals: Localitzacions múltiples de la columna vertebral
M4321;Altres fusions espinals: Regió occipitoatlantoaxial
M4322;Altres fusions espinals: Regió cervical
M4323;Altres fusions espinals: Regió cervicodorsal
M4324;Altres fusions espinals: Regió dorsal
M4325;Altres fusions espinals: Regió dorsolumbar
M4326;Altres fusions espinals: Regió lumbar
M4327;Altres fusions espinals: Regió lumbosacra
M4328;Altres fusions espinals: Regió sacra i sacrococcigeal
M4329;Altres fusions espinals: Localització no especificada
M433;Subluxació atlantoaxial recidivant amb mielopatia
M4330;Subluxació atlantoaxial recidivant amb mielopatia: Localitzacions múltiples de la columna vertebral
M4331;Subluxació atlantoaxial recidivant amb mielopatia: Regió occipitoatlantoaxial
M4332;Subluxació atlantoaxial recidivant amb mielopatia: Regió cervical
M4333;Subluxació atlantoaxial recidivant amb mielopatia: Regió cervicodorsal
M4334;Subluxació atlantoaxial recidivant amb mielopatia: Regió dorsal
M4335;Subluxació atlantoaxial recidivant amb mielopatia: Regió dorsolumbar
M4336;Subluxació atlantoaxial recidivant amb mielopatia: Regió lumbar
M4337;Subluxació atlantoaxial recidivant amb mielopatia: Regió lumbosacra
M4338;Subluxació atlantoaxial recidivant amb mielopatia: Regió sacra i sacrococcigeal
M4339;Subluxació atlantoaxial recidivant amb mielopatia: Localització no especificada
M434;Altres subluxacions atlantoaxials recidivants
M4340;Altres subluxacions atlantoaxials recidivants: Localitzacions múltiples de la columna vertebral
M4341;Altres subluxacions atlantoaxials recidivants: Regió occipitoatlantoaxial
M4342;Altres subluxacions atlantoaxials recidivants: Regió cervical
M4343;Altres subluxacions atlantoaxials recidivants: Regió cervicodorsal
M4344;Altres subluxacions atlantoaxials recidivants: Regió dorsal
M4345;Altres subluxacions atlantoaxials recidivants: Regió dorsolumbar
M4346;Altres subluxacions atlantoaxials recidivants: Regió lumbar
M4347;Altres subluxacions atlantoaxials recidivants: Regió lumbosacra
M4348;Altres subluxacions atlantoaxials recidivants: Regió sacra i sacrococcigeal
M4349;Altres subluxacions atlantoaxials recidivants: Localització no especificada
M435;Altres subluxacions vertebrals recidivants
M4350;Altres subluxacions vertebrals recidivants: Localitzacions múltiples de la columna vertebral
M4351;Altres subluxacions vertebrals recidivants: Regió occipitoatlantoaxial
M4352;Altres subluxacions vertebrals recidivants: Regió cervical
M4353;Altres subluxacions vertebrals recidivants: Regió cervicodorsal
M4354;Altres subluxacions vertebrals recidivants: Regió dorsal
M4355;Altres subluxacions vertebrals recidivants: Regió dorsolumbar
M4356;Altres subluxacions vertebrals recidivants: Regió lumbar
M4357;Altres subluxacions vertebrals recidivants: Regió lumbosacra
M4358;Altres subluxacions vertebrals recidivants: Regió sacra i sacrococcigeal
M4359;Altres subluxacions vertebrals recidivants: Localització no especificada
M436;Torticoli
M4360;Torticoli: Localitzacions múltiples de la columna vertebral
M4361;Torticoli: Regió occipitoatlantoaxial
M4362;Torticoli: Regió cervical
M4363;Torticoli: Regió cervicodorsal
M4364;Torticoli: Regió dorsal
M4365;Torticoli: Regió dorsolumbar
M4366;Torticoli: Regió lumbar
M4367;Torticoli: Regió lumbosacra
M4368;Torticoli: Regió sacra i sacrococcigeal
M4369;Torticoli: Localització no especificada
M438;Altres dorsopaties deformants especificades
M4380;Altres dorsopaties deformants especificades: Localitzacions múltiples de la columna vertebral
M4381;Altres dorsopaties deformants especificades: Regió occipitoatlantoaxial
M4382;Altres dorsopaties deformants especificades: Regió cervical
M4383;Altres dorsopaties deformants especificades: Regió cervicodorsal
M4384;Altres dorsopaties deformants especificades: Regió dorsal
M4385;Altres dorsopaties deformants especificades: Regió dorsolumbar
M4386;Altres dorsopaties deformants especificades: Regió lumbar
M4387;Altres dorsopaties deformants especificades: Regió lumbosacra
M4388;Altres dorsopaties deformants especificades: Regió sacra i sacrococcigeal
M4389;Altres dorsopaties deformants especificades: Localització no especificada
M439;Dorsopatia deformant no especificada
M4390;Dorsopatia deformant no especificada: Localitzacions múltiples de la columna vertebral
M4391;Dorsopatia deformant no especificada: Regió occipitoatlantoaxial
M4392;Dorsopatia deformant no especificada: Regió cervical
M4393;Dorsopatia deformant no especificada: Regió cervicodorsal
M4394;Dorsopatia deformant no especificada: Regió dorsal
M4395;Dorsopatia deformant no especificada: Regió dorsolumbar
M4396;Dorsopatia deformant no especificada: Regió lumbar
M4397;Dorsopatia deformant no especificada: Regió lumbosacra
M4398;Dorsopatia deformant no especificada: Regió sacra i sacrococcigeal
M4399;Dorsopatia deformant no especificada: Localització no especificada
M450;Espondilitis anquilosant: Localitzacions múltiples de la columna vertebral
M451;Espondilitis anquilosant: Regió occipitoatlantoaxial
M452;Espondilitis anquilosant: Regió cervical
M453;Espondilitis anquilosant: Regió cervicodorsal
M454;Espondilitis anquilosant: Regió dorsal
M455;Espondilitis anquilosant: Regió dorsolumbar
M456;Espondilitis anquilosant: Regió lumbar
M457;Espondilitis anquilosant: Regió lumbosacra
M458;Espondilitis anquilosant: Regió sacra i sacrococcigeal
M459;Espondilitis anquilosant: Localització no especificada
M460;Entesopatia vertebral
M4600;Entesopatia vertebral: Localitzacions múltiples de la columna vertebral
M4601;Entesopatia vertebral: Regió occipitoatlantoaxial
M4602;Entesopatia vertebral: Regió cervical
M4603;Entesopatia vertebral: Regió cervicodorsal
M4604;Entesopatia vertebral: Regió dorsal
M4605;Entesopatia vertebral: Regió dorsolumbar
M4606;Entesopatia vertebral: Regió lumbar
M4607;Entesopatia vertebral: Regió lumbosacra
M4608;Entesopatia vertebral: Regió sacra i sacrococcigeal
M4609;Entesopatia vertebral: Localització no especificada
M461;Sacroiliïtis no classificada a cap altre lloc
M4610;Sacroiliïtis no classificada a cap altre lloc: Localitzacions múltiples de la columna vertebral
M4611;Sacroiliïtis no classificada a cap altre lloc: Regió occipitoatlantoaxial
M4612;Sacroiliïtis no classificada a cap altre lloc: Regió cervical
M4613;Sacroiliïtis no classificada a cap altre lloc: Regió cervicodorsal
M4614;Sacroiliïtis no classificada a cap altre lloc: Regió dorsal
M4615;Sacroiliïtis no classificada a cap altre lloc: Regió dorsolumbar
M4616;Sacroiliïtis no classificada a cap altre lloc: Regió lumbar
M4617;Sacroiliïtis no classificada a cap altre lloc: Regió lumbosacra
M4618;Sacroiliïtis no classificada a cap altre lloc: Regió sacra i sacrococcigeal
M4619;Sacroiliïtis no classificada a cap altre lloc: Localització no especificada
M462;Osteomielitis de vèrtebra
M4620;Osteomielitis de vèrtebra: Localitzacions múltiples de la columna vertebral
M4621;Osteomielitis de vèrtebra: Regió occipitoatlantoaxial
M4622;Osteomielitis de vèrtebra: Regió cervical
M4623;Osteomielitis de vèrtebra: Regió cervicodorsal
M4624;Osteomielitis de vèrtebra: Regió dorsal
M4625;Osteomielitis de vèrtebra: Regió dorsolumbar
M4626;Osteomielitis de vèrtebra: Regió lumbar
M4627;Osteomielitis de vèrtebra: Regió lumbosacra
M4628;Osteomielitis de vèrtebra: Regió sacra i sacrococcigeal
M4629;Osteomielitis de vèrtebra: Localització no especificada
M463;Infecció de disc intervertebral (piògena)
M4630;Infecció de disc intervertebral (piògena): Localitzacions múltiples de la columna vertebral
M4631;Infecció de disc intervertebral (piògena): Regió occipitoatlantoaxial
M4632;Infecció de disc intervertebral (piògena): Regió cervical
M4633;Infecció de disc intervertebral (piògena): Regió cervicodorsal
M4634;Infecció de disc intervertebral (piògena): Regió dorsal
M4635;Infecció de disc intervertebral (piògena): Regió dorsolumbar
M4636;Infecció de disc intervertebral (piògena): Regió lumbar
M4637;Infecció de disc intervertebral (piògena): Regió lumbosacra
M4638;Infecció de disc intervertebral (piògena): Regió sacra i sacrococcigeal
M4639;Infecció de disc intervertebral (piògena): Localització no especificada
M464;Discitis no especificada
M4640;Discitis no especificada: Localitzacions múltiples de la columna vertebral
M4641;Discitis no especificada: Regió occipitoatlantoaxial
M4642;Discitis no especificada: Regió cervical
M4643;Discitis no especificada: Regió cervicodorsal
M4644;Discitis no especificada: Regió dorsal
M4645;Discitis no especificada: Regió dorsolumbar
M4646;Discitis no especificada: Regió lumbar
M4647;Discitis no especificada: Regió lumbosacra
M4648;Discitis no especificada: Regió sacra i sacrococcigeal
M4649;Discitis no especificada: Localització no especificada
M465;Altres espondilopaties infeccioses
M4650;Altres espondilopaties infeccioses: Localitzacions múltiples de la columna vertebral
M4651;Altres espondilopaties infeccioses: Regió occipitoatlantoaxial
M4652;Altres espondilopaties infeccioses: Regió cervical
M4653;Altres espondilopaties infeccioses: Regió cervicodorsal
M4654;Altres espondilopaties infeccioses: Regió dorsal
M4655;Altres espondilopaties infeccioses: Regió dorsolumbar
M4656;Altres espondilopaties infeccioses: Regió lumbar
M4657;Altres espondilopaties infeccioses: Regió lumbosacra
M4658;Altres espondilopaties infeccioses: Regió sacra i sacrococcigeal
M4659;Altres espondilopaties infeccioses: Localització no especificada
M468;Altres espondilopaties inflamatòries especificades
M4680;Altres espondilopaties inflamatòries especificades: Localitzacions múltiples de la columna vertebral
M4681;Altres espondilopaties inflamatòries especificades: Regió occipitoatlantoaxial
M4682;Altres espondilopaties inflamatòries especificades: Regió cervical
M4683;Altres espondilopaties inflamatòries especificades: Regió cervicodorsal
M4684;Altres espondilopaties inflamatòries especificades: Regió dorsal
M4685;Altres espondilopaties inflamatòries especificades: Regió dorsolumbar
M4686;Altres espondilopaties inflamatòries especificades: Regió lumbar
M4687;Altres espondilopaties inflamatòries especificades: Regió lumbosacra
M4688;Altres espondilopaties inflamatòries especificades: Regió sacra i sacrococcigeal
M4689;Altres espondilopaties inflamatòries especificades: Localització no especificada
M469;Espondilopatia inflamatòria no especificada
M4690;Espondilopatia inflamatòria no especificada: Localitzacions múltiples de la columna vertebral
M4691;Espondilopatia inflamatòria no especificada: Regió occipitoatlantoaxial
M4692;Espondilopatia inflamatòria no especificada: Regió cervical
M4693;Espondilopatia inflamatòria no especificada: Regió cervicodorsal
M4694;Espondilopatia inflamatòria no especificada: Regió dorsal
M4695;Espondilopatia inflamatòria no especificada: Regió dorsolumbar
M4696;Espondilopatia inflamatòria no especificada: Regió lumbar
M4697;Espondilopatia inflamatòria no especificada: Regió lumbosacra
M4698;Espondilopatia inflamatòria no especificada: Regió sacra i sacrococcigeal
M4699;Espondilopatia inflamatòria no especificada: Localització no especificada
M470;Síndromes de compressió de l'artèria espinal anterior i l'artèria vertebral (G99.2*)
M4700;Síndromes de compressió de l'artèria espinal anterior i l'artèria vertebral (G99.2*): Localitzacions múltiples de la columna vertebral
M4701;Síndromes de compressió de l'artèria espinal anterior i l'artèria vertebral (G99.2*): Regió occipitoatlantoaxial
M4702;Síndromes de compressió de l'artèria espinal anterior i l'artèria vertebral (G99.2*): Regió cervical
M4703;Síndromes de compressió de l'artèria espinal anterior i l'artèria vertebral (G99.2*): Regió cervicodorsal
M4704;Síndromes de compressió de l'artèria espinal anterior i l'artèria vertebral (G99.2*): Regió dorsal
M4705;Síndromes de compressió de l'artèria espinal anterior i l'artèria vertebral (G99.2*): Regió dorsolumbar
M4706;Síndromes de compressió de l'artèria espinal anterior i l'artèria vertebral (G99.2*): Regió lumbar
M4707;Síndromes de compressió de l'artèria espinal anterior i l'artèria vertebral (G99.2*): Regió lumbosacra
M4708;Síndromes de compressió de l'artèria espinal anterior i l'artèria vertebral (G99.2*): Regió sacra i sacrococcigeal
M4709;Síndromes de compressió de l'artèria espinal anterior i l'artèria vertebral (G99.2*): Localització no especificada
M471;Altres espondilosis amb mielopatia
M4710;Altres espondilosis amb mielopatia: Localitzacions múltiples de la columna vertebral
M4711;Altres espondilosis amb mielopatia: Regió occipitoatlantoaxial
M4712;Altres espondilosis amb mielopatia: Regió cervical
M4713;Altres espondilosis amb mielopatia: Regió cervicodorsal
M4714;Altres espondilosis amb mielopatia: Regió dorsal
M4715;Altres espondilosis amb mielopatia: Regió dorsolumbar
M4716;Altres espondilosis amb mielopatia: Regió lumbar
M4717;Altres espondilosis amb mielopatia: Regió lumbosacra
M4718;Altres espondilosis amb mielopatia: Regió sacra i sacrococcigeal
M4719;Altres espondilosis amb mielopatia: Localització no especificada
M472;Altres espondilosis amb radiculopatia
M4720;Altres espondilosis amb radiculopatia: Localitzacions múltiples de la columna vertebral
M4721;Altres espondilosis amb radiculopatia: Regió occipitoatlantoaxial
M4722;Altres espondilosis amb radiculopatia: Regió cervical
M4723;Altres espondilosis amb radiculopatia: Regió cervicodorsal
M4724;Altres espondilosis amb radiculopatia: Regió dorsal
M4725;Altres espondilosis amb radiculopatia: Regió dorsolumbar
M4726;Altres espondilosis amb radiculopatia: Regió lumbar
M4727;Altres espondilosis amb radiculopatia: Regió lumbosacra
M4728;Altres espondilosis amb radiculopatia: Regió sacra i sacrococcigeal
M4729;Altres espondilosis amb radiculopatia: Localització no especificada
M478;Altres espondilosis
M4780;Altres espondilosis: Localitzacions múltiples de la columna vertebral
M4781;Altres espondilosis: Regió occipitoatlantoaxial
M4782;Altres espondilosis: Regió cervical
M4783;Altres espondilosis: Regió cervicodorsal
M4784;Altres espondilosis: Regió dorsal
M4785;Altres espondilosis: Regió dorsolumbar
M4786;Altres espondilosis: Regió lumbar
M4787;Altres espondilosis: Regió lumbosacra
M4788;Altres espondilosis: Regió sacra i sacrococcigeal
M4789;Altres espondilosis: Localització no especificada
M479;Espondilosi no especificada
M4790;Espondilosi no especificada: Localitzacions múltiples de la columna vertebral
M4791;Espondilosi no especificada: Regió occipitoatlantoaxial
M4792;Espondilosi no especificada: Regió cervical
M4793;Espondilosi no especificada: Regió cervicodorsal
M4794;Espondilosi no especificada: Regió dorsal
M4795;Espondilosi no especificada: Regió dorsolumbar
M4796;Espondilosi no especificada: Regió lumbar
M4797;Espondilosi no especificada: Regió lumbosacra
M4798;Espondilosi no especificada: Regió sacra i sacrococcigeal
M4799;Espondilosi no especificada: Localització no especificada
M480;Estenosi raquídia
M4800;Estenosi raquídia: Localitzacions múltiples de la columna vertebral
M4801;Estenosi raquídia: Regió occipitoatlantoaxial
M4802;Estenosi raquídia: Regió cervical
M4803;Estenosi raquídia: Regió cervicodorsal
M4804;Estenosi raquídia: Regió dorsal
M4805;Estenosi raquídia: Regió dorsolumbar
M4806;Estenosi raquídia: Regió lumbar
M4807;Estenosi raquídia: Regió lumbosacra
M4808;Estenosi raquídia: Regió sacra i sacrococcigeal
M4809;Estenosi raquídia: Localització no especificada
M481;Hiperostosi anquilosant [Forestier]
M4810;Hiperostosi anquilosant [Forestier]: Localitzacions múltiples de la columna vertebral
M4811;Hiperostosi anquilosant [Forestier]: Regió occipitoatlantoaxial
M4812;Hiperostosi anquilosant [Forestier]: Regió cervical
M4813;Hiperostosi anquilosant [Forestier]: Regió cervicodorsal
M4814;Hiperostosi anquilosant [Forestier]: Regió dorsal
M4815;Hiperostosi anquilosant [Forestier]: Regió dorsolumbar
M4816;Hiperostosi anquilosant [Forestier]: Regió lumbar
M4817;Hiperostosi anquilosant [Forestier]: Regió lumbosacra
M4818;Hiperostosi anquilosant [Forestier]: Regió sacra i sacrococcigeal
M4819;Hiperostosi anquilosant [Forestier]: Localització no especificada
M482;Artrosi interespinosa lumbar
M4820;Artrosi interespinosa lumbar: Localitzacions múltiples de la columna vertebral
M4821;Artrosi interespinosa lumbar: Regió occipitoatlantoaxial
M4822;Artrosi interespinosa lumbar: Regió cervical
M4823;Artrosi interespinosa lumbar: Regió cervicodorsal
M4824;Artrosi interespinosa lumbar: Regió dorsal
M4825;Artrosi interespinosa lumbar: Regió dorsolumbar
M4826;Artrosi interespinosa lumbar: Regió lumbar
M4827;Artrosi interespinosa lumbar: Regió lumbosacra
M4828;Artrosi interespinosa lumbar: Regió sacra i sacrococcigeal
M4829;Artrosi interespinosa lumbar: Localització no especificada
M483;Espondilopatia traumàtica
M4830;Espondilopatia traumàtica: Localitzacions múltiples de la columna vertebral
M4831;Espondilopatia traumàtica: Regió occipitoatlantoaxial
M4832;Espondilopatia traumàtica: Regió cervical
M4833;Espondilopatia traumàtica: Regió cervicodorsal
M4834;Espondilopatia traumàtica: Regió dorsal
M4835;Espondilopatia traumàtica: Regió dorsolumbar
M4836;Espondilopatia traumàtica: Regió lumbar
M4837;Espondilopatia traumàtica: Regió lumbosacra
M4838;Espondilopatia traumàtica: Regió sacra i sacrococcigeal
M4839;Espondilopatia traumàtica: Localització no especificada
M484;Fractura de vèrtebra per sobrecàrrega
M4840;Fractura de vèrtebra per sobrecàrrega: Localitzacions múltiples de la columna vertebral
M4841;Fractura de vèrtebra per sobrecàrrega: Regió occipitoatlantoaxial
M4842;Fractura de vèrtebra per sobrecàrrega: Regió cervical
M4843;Fractura de vèrtebra per sobrecàrrega: Regió cervicodorsal
M4844;Fractura de vèrtebra per sobrecàrrega: Regió dorsal
M4845;Fractura de vèrtebra per sobrecàrrega: Regió dorsolumbar
M4846;Fractura de vèrtebra per sobrecàrrega: Regió lumbar
M4847;Fractura de vèrtebra per sobrecàrrega: Regió lumbosacra
M4848;Fractura de vèrtebra per sobrecàrrega: Regió sacra i sacrococcigeal
M4849;Fractura de vèrtebra per sobrecàrrega: Localització no especificada
M485;Aixafament vertebral no classificat a cap altre lloc
M4850;Aixafament vertebral no classificat a cap altre lloc: Localitzacions múltiples de la columna vertebral
M4851;Aixafament vertebral no classificat a cap altre lloc: Regió occipitoatlantoaxial
M4852;Aixafament vertebral no classificat a cap altre lloc: Regió cervical
M4853;Aixafament vertebral no classificat a cap altre lloc: Regió cervicodorsal
M4854;Aixafament vertebral no classificat a cap altre lloc: Regió dorsal
M4855;Aixafament vertebral no classificat a cap altre lloc: Regió dorsolumbar
M4856;Aixafament vertebral no classificat a cap altre lloc: Regió lumbar
M4857;Aixafament vertebral no classificat a cap altre lloc: Regió lumbosacra
M4858;Aixafament vertebral no classificat a cap altre lloc: Regió sacra i sacrococcigeal
M4859;Aixafament vertebral no classificat a cap altre lloc: Localització no especificada
M488;Altres espondilopaties especificades
M4880;Altres espondilopaties especificades: Localitzacions múltiples de la columna vertebral
M4881;Altres espondilopaties especificades: Regió occipitoatlantoaxial
M4882;Altres espondilopaties especificades: Regió cervical
M4883;Altres espondilopaties especificades: Regió cervicodorsal
M4884;Altres espondilopaties especificades: Regió dorsal
M4885;Altres espondilopaties especificades: Regió dorsolumbar
M4886;Altres espondilopaties especificades: Regió lumbar
M4887;Altres espondilopaties especificades: Regió lumbosacra
M4888;Altres espondilopaties especificades: Regió sacra i sacrococcigeal
M4889;Altres espondilopaties especificades: Localització no especificada
M489;Espondilopatia no especificada
M4890;Altres espondilopaties especificades: Localitzacions múltiples de la columna vertebral
M4891;Altres espondilopaties especificades: Regió occipitoatlantoaxial
M4892;Altres espondilopaties especificades: Regió cervical
M4893;Altres espondilopaties especificades: Regió cervicodorsal
M4894;Altres espondilopaties especificades: Regió dorsal
M4895;Altres espondilopaties especificades: Regió dorsolumbar
M4896;Altres espondilopaties especificades: Regió lumbar
M4897;Altres espondilopaties especificades: Regió lumbosacra
M4898;Altres espondilopaties especificades: Regió sacra i sacrococcigeal
M4899;Altres espondilopaties especificades: Localització no especificada
M490;Tuberculosi espinal (A18.0+)
M4900;Tuberculosi espinal (A18.0+): Localitzacions múltiples de la columna vertebral
M4901;Tuberculosi espinal (A18.0+): Regió occipitoatlantoaxial
M4902;Tuberculosi espinal (A18.0+): Regió cervical
M4903;Tuberculosi espinal (A18.0+): Regió cervicodorsal
M4904;Tuberculosi espinal (A18.0+): Regió dorsal
M4905;Tuberculosi espinal (A18.0+): Regió dorsolumbar
M4906;Tuberculosi espinal (A18.0+): Regió lumbar
M4907;Tuberculosi espinal (A18.0+): Regió lumbosacra
M4908;Tuberculosi espinal (A18.0+): Regió sacra i sacrococcigeal
M4909;Tuberculosi espinal (A18.0+): Localització no especificada
M491;Espondilitis brucel·lar (A23.-+)
M4910;Espondilitis brucel·lar (A23.-+): Localitzacions múltiples de la columna vertebral
M4911;Espondilitis brucel·lar (A23.-+): Regió occipitoatlantoaxial
M4912;Espondilitis brucel·lar (A23.-+): Regió cervical
M4913;Espondilitis brucel·lar (A23.-+): Regió cervicodorsal
M4914;Espondilitis brucel·lar (A23.-+): Regió dorsal
M4915;Espondilitis brucel·lar (A23.-+): Regió dorsolumbar
M4916;Espondilitis brucel·lar (A23.-+): Regió lumbar
M4917;Espondilitis brucel·lar (A23.-+): Regió lumbosacra
M4918;Espondilitis brucel·lar (A23.-+): Regió sacra i sacrococcigeal
M4919;Espondilitis brucel·lar (A23.-+): Localització no especificada
M492;Espondilitis enterobacteriana (A01-A04+)
M4920;Espondilitis enterobacteriana (A01-A04+): Localitzacions múltiples de la columna vertebral
M4921;Espondilitis enterobacteriana (A01-A04+): Regió occipitoatlantoaxial
M4922;Espondilitis enterobacteriana (A01-A04+): Regió cervical
M4923;Espondilitis enterobacteriana (A01-A04+): Regió cervicodorsal
M4924;Espondilitis enterobacteriana (A01-A04+): Regió dorsal
M4925;Espondilitis enterobacteriana (A01-A04+): Regió dorsolumbar
M4926;Espondilitis enterobacteriana (A01-A04+): Regió lumbar
M4927;Espondilitis enterobacteriana (A01-A04+): Regió lumbosacra
M4928;Espondilitis enterobacteriana (A01-A04+): Regió sacra i sacrococcigeal
M4929;Espondilitis enterobacteriana (A01-A04+): Localització no especificada
M493;Espondilopatia en altres malalties infeccioses i parasitàries classificades en un altre lloc
M4930;Espondilopatia en altres malalties infeccioses i parasitàries classificades en un altre lloc: Localitzacions múltiples de la columna vertebral
M4931;Espondilopatia en altres malalties infeccioses i parasitàries classificades en un altre lloc: Regió occipitoatlantoaxial
M4932;Espondilopatia en altres malalties infeccioses i parasitàries classificades en un altre lloc: Regió cervical
M4933;Espondilopatia en altres malalties infeccioses i parasitàries classificades en un altre lloc: Regió cervicodorsal
M4934;Espondilopatia en altres malalties infeccioses i parasitàries classificades en un altre lloc: Regió dorsal
M4935;Espondilopatia en altres malalties infeccioses i parasitàries classificades en un altre lloc: Regió dorsolumbar
M4936;Espondilopatia en altres malalties infeccioses i parasitàries classificades en un altre lloc: Regió lumbar
M4937;Espondilopatia en altres malalties infeccioses i parasitàries classificades en un altre lloc: Regió lumbosacra
M4938;Espondilopatia en altres malalties infeccioses i parasitàries classificades en un altre lloc: Regió sacra i sacrococcigeal
M4939;Espondilopatia en altres malalties infeccioses i parasitàries classificades en un altre lloc: Localització no especificada
M494;Espondilopatia neuropàtica
M4940;Espondilopatia neuropàtica: Localitzacions múltiples de la columna vertebral
M4941;Espondilopatia neuropàtica: Regió occipitoatlantoaxial
M4942;Espondilopatia neuropàtica: Regió cervical
M4943;Espondilopatia neuropàtica: Regió cervicodorsal
M4944;Espondilopatia neuropàtica: Regió dorsal
M4945;Espondilopatia neuropàtica: Regió dorsolumbar
M4946;Espondilopatia neuropàtica: Regió lumbar
M4947;Espondilopatia neuropàtica: Regió lumbosacra
M4948;Espondilopatia neuropàtica: Regió sacra i sacrococcigeal
M4949;Espondilopatia neuropàtica: Localització no especificada
M495;Aixafament vertebral en malalties classificades en un altre lloc
M4950;Aixafament vertebral en malalties classificades en un altre lloc: Localitzacions múltiples de la columna vertebral
M4951;Aixafament vertebral en malalties classificades en un altre lloc: Regió occipitoatlantoaxial
M4952;Aixafament vertebral en malalties classificades en un altre lloc: Regió cervical
M4953;Aixafament vertebral en malalties classificades en un altre lloc: Regió cervicodorsal
M4954;Aixafament vertebral en malalties classificades en un altre lloc: Regió dorsal
M4955;Aixafament vertebral en malalties classificades en un altre lloc: Regió dorsolumbar
M4956;Aixafament vertebral en malalties classificades en un altre lloc: Regió lumbar
M4957;Aixafament vertebral en malalties classificades en un altre lloc: Regió lumbosacra
M4958;Aixafament vertebral en malalties classificades en un altre lloc: Regió sacra i sacrococcigeal
M4959;Aixafament vertebral en malalties classificades en un altre lloc: Localització no especificada
M498;Espondilopatia en altres malalties classificades en un altre lloc
M4980;Espondilopatia en altres malalties classificades en un altre lloc: Localitzacions múltiples de la columna vertebral
M4981;Espondilopatia en altres malalties classificades en un altre lloc: Regió occipitoatlantoaxial
M4982;Espondilopatia en altres malalties classificades en un altre lloc: Regió cervical
M4983;Espondilopatia en altres malalties classificades en un altre lloc: Regió cervicodorsal
M4984;Espondilopatia en altres malalties classificades en un altre lloc: Regió dorsal
M4985;Espondilopatia en altres malalties classificades en un altre lloc: Regió dorsolumbar
M4986;Espondilopatia en altres malalties classificades en un altre lloc: Regió lumbar
M4987;Espondilopatia en altres malalties classificades en un altre lloc: Regió lumbosacra
M4988;Espondilopatia en altres malalties classificades en un altre lloc: Regió sacra i sacrococcigeal
M4989;Espondilopatia en altres malalties classificades en un altre lloc: Localització no especificada
M500;Trastorn de disc cervical amb mielopatia (G99.2*)
M501;Trastorn de disc cervical amb radiculopatia
M502;Altres desplaçaments de disc cervical
M503;Altres degeneracions de disc cervical
M508;Altres trastorns de disc cervical
M509;Trastorn de disc cervical no especificat
M510;Trastorns de disc lumbar i d'altres discos intervertebrals amb mielopatia (G99.2*)
M511;Trastorns de disc lumbar i d'altres discos intervertebrals amb radiculopatia (G55.1*)
M512;Altres desplaçaments de disc intervertebral especificats
M513;Altres degeneracions de disc intervertebral especificades
M514;Nodes de Schmorl
M518;Altres trastorns de disc intervertebral especificats
M519;Trastorn de disc intervertebral no especificat
M530;Síndrome craniocervical
M5300;Síndrome craniocervical: Localitzacions múltiples de la columna vertebral
M5301;Síndrome craniocervical: Regió occipitoatlantoaxial
M5302;Síndrome craniocervical: Regió cervical
M5303;Síndrome craniocervical: Regió cervicodorsal
M5304;Síndrome craniocervical: Regió dorsal
M5305;Síndrome craniocervical: Regió dorsolumbar
M5306;Síndrome craniocervical: Regió lumbar
M5307;Síndrome craniocervical: Regió lumbosacra
M5308;Síndrome craniocervical: Regió sacra i sacrococcigeal
M5309;Síndrome craniocervical: Localització no especificada
M531;Síndrome cervicobraquial
M5310;Síndrome cervicobraquial: Localitzacions múltiples de la columna vertebral
M5311;Síndrome cervicobraquial: Regió occipitoatlantoaxial
M5312;Síndrome cervicobraquial: Regió cervical
M5313;Síndrome cervicobraquial: Regió cervicodorsal
M5314;Síndrome cervicobraquial: Regió dorsal
M5315;Síndrome cervicobraquial: Regió dorsolumbar
M5316;Síndrome cervicobraquial: Regió lumbar
M5317;Síndrome cervicobraquial: Regió lumbosacra
M5318;Síndrome cervicobraquial: Regió sacra i sacrococcigeal
M5319;Síndrome cervicobraquial: Localització no especificada
M532;Inestabilitats vertebrals
M5320;Inestabilitats vertebrals: Localitzacions múltiples de la columna vertebral
M5321;Inestabilitats vertebrals: Regió occipitoatlantoaxial
M5322;Inestabilitats vertebrals: Regió cervical
M5323;Inestabilitats vertebrals: Regió cervicodorsal
M5324;Inestabilitats vertebrals: Regió dorsal
M5325;Inestabilitats vertebrals: Regió dorsolumbar
M5326;Inestabilitats vertebrals: Regió lumbar
M5327;Inestabilitats vertebrals: Regió lumbosacra
M5328;Inestabilitats vertebrals: Regió sacra i sacrococcigeal
M5329;Inestabilitats vertebrals: Localització no especificada
M533;Trastorns sacrococcigeals no classificats a cap altre lloc
M5330;Trastorns sacrococcigeals no classificats a cap altre lloc: Localitzacions múltiples de la columna vertebral
M5331;Trastorns sacrococcigeals no classificats a cap altre lloc: Regió occipitoatlantoaxial
M5332;Trastorns sacrococcigeals no classificats a cap altre lloc: Regió cervical
M5333;Trastorns sacrococcigeals no classificats a cap altre lloc: Regió cervicodorsal
M5334;Trastorns sacrococcigeals no classificats a cap altre lloc: Regió dorsal
M5335;Trastorns sacrococcigeals no classificats a cap altre lloc: Regió dorsolumbar
M5336;Trastorns sacrococcigeals no classificats a cap altre lloc: Regió lumbar
M5337;Trastorns sacrococcigeals no classificats a cap altre lloc: Regió lumbosacra
M5338;Trastorns sacrococcigeals no classificats a cap altre lloc: Regió sacra i sacrococcigeal
M5339;Trastorns sacrococcigeals no classificats a cap altre lloc: Localització no especificada
M538;Altres dorsopaties especificades
M5380;Altres dorsopaties especificades: Localitzacions múltiples de la columna vertebral
M5381;Altres dorsopaties especificades: Regió occipitoatlantoaxial
M5382;Altres dorsopaties especificades: Regió cervical
M5383;Altres dorsopaties especificades: Regió cervicodorsal
M5384;Altres dorsopaties especificades: Regió dorsal
M5385;Altres dorsopaties especificades: Regió dorsolumbar
M5386;Altres dorsopaties especificades: Regió lumbar
M5387;Altres dorsopaties especificades: Regió lumbosacra
M5388;Altres dorsopaties especificades: Regió sacra i sacrococcigeal
M5389;Altres dorsopaties especificades: Localització no especificada
M539;Dorsopatia no especificada
M5390;Dorsopatia no especificada: Localitzacions múltiples de la columna vertebral
M5391;Dorsopatia no especificada: Regió occipitoatlantoaxial
M5392;Dorsopatia no especificada: Regió cervical
M5393;Dorsopatia no especificada: Regió cervicodorsal
M5394;Dorsopatia no especificada: Regió dorsal
M5395;Dorsopatia no especificada: Regió dorsolumbar
M5396;Dorsopatia no especificada: Regió lumbar
M5397;Dorsopatia no especificada: Regió lumbosacra
M5398;Dorsopatia no especificada: Regió sacra i sacrococcigeal
M5399;Dorsopatia no especificada: Localització no especificada
M540;Panniculitis que afecta les regions del coll i l'esquena
M5400;Panniculitis que afecta les regions del coll i l'esquena: Localitzacions múltiples de la columna vertebral
M5401;Panniculitis que afecta les regions del coll i l'esquena: Regió occipitoatlantoaxial
M5402;Panniculitis que afecta les regions del coll i l'esquena: Regió cervical
M5403;Panniculitis que afecta les regions del coll i l'esquena: Regió cervicodorsal
M5404;Panniculitis que afecta les regions del coll i l'esquena: Regió dorsal
M5405;Panniculitis que afecta les regions del coll i l'esquena: Regió dorsolumbar
M5406;Panniculitis que afecta les regions del coll i l'esquena: Regió lumbar
M5407;Panniculitis que afecta les regions del coll i l'esquena: Regió lumbosacra
M5408;Panniculitis que afecta les regions del coll i l'esquena: Regió sacra i sacrococcigeal
M5409;Panniculitis que afecta les regions del coll i l'esquena: Localització no especificada
M541;Radiculopatia
M5410;Radiculopatia: Localitzacions múltiples de la columna vertebral
M5411;Radiculopatia: Regió occipitoatlantoaxial
M5412;Radiculopatia: Regió cervical
M5413;Radiculopatia: Regió cervicodorsal
M5414;Radiculopatia: Regió dorsal
M5415;Radiculopatia: Regió dorsolumbar
M5416;Radiculopatia: Regió lumbar
M5417;Radiculopatia: Regió lumbosacra
M5418;Radiculopatia: Regió sacra i sacrococcigeal
M5419;Radiculopatia: Localització no especificada
M542;Cervicàlgia
M5420;Cervicàlgia: Localitzacions múltiples de la columna vertebral
M5421;Cervicàlgia: Regió occipitoatlantoaxial
M5422;Cervicàlgia: Regió cervical
M5423;Cervicàlgia: Regió cervicodorsal
M5424;Cervicàlgia: Regió dorsal
M5425;Cervicàlgia: Regió dorsolumbar
M5426;Cervicàlgia: Regió lumbar
M5427;Cervicàlgia: Regió lumbosacra
M5428;Cervicàlgia: Regió sacra i sacrococcigeal
M5429;Cervicàlgia: Localització no especificada
M543;Ciàtica
M5430;Ciàtica: Localitzacions múltiples de la columna vertebral
M5431;Ciàtica: Regió occipitoatlantoaxial
M5432;Ciàtica: Regió cervical
M5433;Ciàtica: Regió cervicodorsal
M5434;Ciàtica: Regió dorsal
M5435;Ciàtica: Regió dorsolumbar
M5436;Ciàtica: Regió lumbar
M5437;Ciàtica: Regió lumbosacra
M5438;Ciàtica: Regió sacra i sacrococcigeal
M5439;Ciàtica: Localització no especificada
M544;Lumbago amb ciàtica
M5440;Lumbago amb ciàtica: Localitzacions múltiples de la columna vertebral
M5441;Lumbago amb ciàtica: Regió occipitoatlantoaxial
M5442;Lumbago amb ciàtica: Regió cervical
M5443;Lumbago amb ciàtica: Regió cervicodorsal
M5444;Lumbago amb ciàtica: Regió dorsal
M5445;Lumbago amb ciàtica: Regió dorsolumbar
M5446;Lumbago amb ciàtica: Regió lumbar
M5447;Lumbago amb ciàtica: Regió lumbosacra
M5448;Lumbago amb ciàtica: Regió sacra i sacrococcigeal
M5449;Lumbago amb ciàtica: Localització no especificada
M545;Lumbàlgia
M5450;Lumbàlgia: Localitzacions múltiples de la columna vertebral
M5451;Lumbàlgia: Regió occipitoatlantoaxial
M5452;Lumbàlgia: Regió cervical
M5453;Lumbàlgia: Regió cervicodorsal
M5454;Lumbàlgia: Regió dorsal
M5455;Lumbàlgia: Regió dorsolumbar
M5456;Lumbàlgia: Regió lumbar
M5457;Lumbàlgia: Regió lumbosacra
M5458;Lumbàlgia: Regió sacra i sacrococcigeal
M5459;Lumbàlgia: Localització no especificada
M546;Dolor de la columna dorsal
M5460;Dolor de la columna dorsal: Localitzacions múltiples de la columna vertebral
M5461;Dolor de la columna dorsal: Regió occipitoatlantoaxial
M5462;Dolor de la columna dorsal: Regió cervical
M5463;Dolor de la columna dorsal: Regió cervicodorsal
M5464;Dolor de la columna dorsal: Regió dorsal
M5465;Dolor de la columna dorsal: Regió dorsolumbar
M5466;Dolor de la columna dorsal: Regió lumbar
M5467;Dolor de la columna dorsal: Regió lumbosacra
M5468;Dolor de la columna dorsal: Regió sacra i sacrococcigeal
M5469;Dolor de la columna dorsal: Localització no especificada
M548;Altres dorsàlgies
M5480;Altres dorsàlgies: Localitzacions múltiples de la columna vertebral
M5481;Altres dorsàlgies: Regió occipitoatlantoaxial
M5482;Altres dorsàlgies: Regió cervical
M5483;Altres dorsàlgies: Regió cervicodorsal
M5484;Altres dorsàlgies: Regió dorsal
M5485;Altres dorsàlgies: Regió dorsolumbar
M5486;Altres dorsàlgies: Regió lumbar
M5487;Altres dorsàlgies: Regió lumbosacra
M5488;Altres dorsàlgies: Regió sacra i sacrococcigeal
M5489;Altres dorsàlgies: Localització no especificada
M549;Dorsàlgia no especificada
M5490;Dorsàlgia no especificada: Localitzacions múltiples de la columna vertebral
M5491;Dorsàlgia no especificada: Regió occipitoatlantoaxial
M5492;Dorsàlgia no especificada: Regió cervical
M5493;Dorsàlgia no especificada: Regió cervicodorsal
M5494;Dorsàlgia no especificada: Regió dorsal
M5495;Dorsàlgia no especificada: Regió dorsolumbar
M5496;Dorsàlgia no especificada: Regió lumbar
M5497;Dorsàlgia no especificada: Regió lumbosacra
M5498;Dorsàlgia no especificada: Regió sacra i sacrococcigeal
M5499;Dorsàlgia no especificada: Localització no especificada
M600;Miositis infecciosa
M601;Miositis intersticial
M602;Granuloma de cos estrany dels teixits tous no classificat a cap altre lloc
M608;Altres miositis
M609;Miositis no especificada
M610;Miositis ossificant traumàtica
M611;Miositis ossificant progressiva
M612;Calcificació i ossificació de múscul paralítiques
M613;Calcificació i ossificació de músculs associades a cremades
M614;Altres calcificacions de múscul
M615;Altres ossificacions de múscul
M619;Calcificació i ossificació de múscul no especificades
M620;Diàstasi muscular
M621;Altres ruptures musculars (no traumàtiques)
M622;Infart isquèmic muscular
M623;Síndrome d'immobilitat (paraplègica)
M624;Contractura muscular
M625;Desgast i atròfia musculars no classificats a cap altre lloc
M626;Distensió muscular
M628;Altres trastorns musculars especificats
M629;Trastorn muscular no especificat
M630;Miositis en malalties bacterianes classificades en un altre lloc
M631;Miositis en infeccions protozoàries i parasitàries classificades en un altre lloc
M632;Miositis en altres malalties infeccioses classificades en un altre lloc
M633;Miositis en sarcoïdosi (D86.8+)
M638;Altres trastorns musculars en malalties classificades en un altre lloc
M650;Abscés de beina tendinosa
M651;Altres sinovitis (tenosinovitis) infeccioses
M652;Tendinitis calcificant
M653;Dit de ressort
M654;Tenosinovitis de l'estiloide radial [De Quervain]
M658;Altres sinovitis i tenosinovitis
M659;Sinovitis i tenosinovitis no especificades
M660;Ruptura de quist popliti
M661;Ruptura sinovial
M662;Ruptura espontània de tendons extensors
M663;Ruptura espontània de tendons flexors
M664;Ruptura espontània d'altres tendons
M665;Ruptura espontània de tendó no especificat
M670;Tendó d'Aquil·les curt (adquirit)
M671;Altres contractures tendinoses (beina)
M672;Hipertròfia sinovial no classificada a cap altre lloc
M673;Sinovitis transitòria
M674;Ganglió
M678;Altres trastorns especificats de la membrana sinovial i els tendons
M679;Trastorn no especificat de la membrana sinovial i els tendons
M680;Sinovitis i tenosinovitis en malalties bacterianes classificades en un altre lloc
M688;Altres trastorns de la membrana sinovial i els tendons en malalties classificades en un altre lloc
M700;Sinovitis crepitant crònica de la mà i el canell
M701;Bursitis de la mà
M702;Bursitis olecraniana
M703;Altres bursitis del colze
M704;Bursitis prerotular
M705;Altres bursitis del genoll
M706;Bursitis trocanteriana
M707;Altres bursitis del maluc
M708;Altres trastorns dels teixits tous relacionats amb l'ús, l'ús excessiu i la pressió
M709;Trastorn no especificat dels teixits tous relacionat amb l'ús, l'ús excessiu i la pressió
M710;Abscés de bossa sinovial
M711;Altres bursitis infeccioses
M712;Quist sinovial de la fossa poplítia [Baker]
M713;Altres quists de les bosses sinovials
M714;Dipòsit de calci a les bosses sinovials
M715;Altres bursitis no classificades a cap altre lloc
M718;Altres bursopaties especificades
M719;Bursopatia no especificada
M720;Fibromatosi de la fàscia palmar [Dupuytren]
M721;Coixinets dels artells
M722;Fibromatosi de la fàscia plantar
M724;Fibromatosi pseudosarcomatosa
M726;Fasciïtis necrosant
M728;Altres trastorns fibroblàstics
M729;Trastorn fibroblàstic no especificat
M730;Bursitis gonocòccica (A54.4+)
M731;Bursitis sifilítica (A52.7+)
M738;Altres trastorns dels teixits tous en malalties classificades en un altre lloc
M750;Capsulitis adhesiva de l'espatlla
M751;Síndrome del manegot dels rotatoris
M752;Tendinitis bicipital
M753;Tendinitis calcificant de l'espatlla
M754;Síndrome de pinçament subacromial de l'espatlla
M755;Bursitis de l'espatlla
M758;Altres lesions d'espatlla
M759;Lesió d'espatlla no especificada
M760;Tendinitis glútia
M761;Tendinitis del psoes
M762;Esperó de la cresta ilíaca
M763;Síndrome de fricció de la banda iliotibial
M764;Bursitis del lligament lateral intern del genoll [Pellegrini-Stieda]
M765;Tendinitis rotular
M766;Tendinitis aquil·liana
M767;Tendinitis peroneal
M768;Altres entesitis de l'extremitat inferior, excloent el peu
M769;Entesitis d'extremitat inferior no especificada
M770;Epicondilitis medial
M771;Epicondilitis externa
M772;Periartritis del canell
M773;Esperó del calcani
M774;Metatarsàlgia
M775;Altres entesitis del peu
M778;Altres entesitis no classificades a cap altre lloc
M779;Entesitis no especificada
M790;Reumatisme no especificat
M791;Miàlgia
M792;Neuràlgia i neuritis no especificades
M793;Panniculitis no especificada
M794;Hipertròfia del coixinet adipós (subrotular)
M795;Cos estrany residual en els teixits tous
M796;Dolor de les extremitats
M797;Fibromiàlgia
M798;Altres trastorns dels teixits tous especificats
M799;Trastorn dels teixits tous no especificat
M800;Osteoporosi postmenopàusica amb fractura patològica
M801;Osteoporosi postooforectomia amb fractura patològica
M802;Osteoporosi per inactivitat amb fractura patològica
M803;Osteoporosi per malabsorció postoperatòria amb fractura patològica
M804;Osteoporosi induïda per fàrmacs amb fractura patològica
M805;Osteoporosi idiopàtica amb fractura patològica
M808;Altres osteoporosis amb fractura patològica
M809;Osteoporosi no especificada amb fractura patològica
M810;Osteoporosi postmenopàusica
M811;Osteoporosi postooforectomia
M812;Osteoporosi per inactivitat
M813;Osteoporosi per malabsorció postoperatòria
M814;Osteoporosi induïda per fàrmacs
M815;Osteoporosi idiopàtica
M816;Osteoporosi localitzada [Lequesne]
M818;Altres osteoporosis
M819;Osteoporosi no especificada
M820;Osteoporosi en mielomatosi múltiple (C90.0+)
M821;Osteoporosi en trastorns endocrins (E00-E34+)
M828;Osteoporosi en altres malalties classificades en un altre lloc
M830;Osteomalàcia puerperal
M831;Osteomalàcia senil
M832;Osteomalàcia de l'adult per malabsorció
M833;Osteomalàcia de l'adult per malnutrició
M834;Malaltia òssia per alumini
M835;Altres osteomalàcies induïdes per fàrmacs en adults
M838;Altres osteomalàcies de l'adult
M839;Osteomalàcia de l'adult no especificada
M840;Consolidació defectuosa de fractura
M841;No-consolidació de fractura [pseudoartrosi]
M842;Consolidació retardada de fractura
M843;Fractura per sobrecàrrega no classificada a cap altre lloc
M844;Fractura patològica no classificada a cap altre lloc
M848;Altres trastorns de la continuïtat òssia
M849;Trastorns de la continuïtat òssia no especificats
M850;Displàsia fibrosa (monostòtica)
M851;Fluorosi òssia
M852;Hiperostosi cranial
M853;Osteïtis condensant
M854;Quist ossi solitari
M855;Quist ossi aneurismàtic
M856;Altres quists ossis
M858;Altres trastorns especificats de la densitat i l'estructura òssies
M859;Trastorn no especificat de la densitat i l'estructura òssies
M860;Osteomielitis hematogènica aguda
M861;Altres osteomielitis agudes
M862;Osteomielitis subaguda
M863;Osteomielitis multifocal crònica
M864;Osteomielitis crònica amb fístula de drenatge
M865;Altres osteomielitis hematogèniques cròniques
M866;Altres osteomielitis cròniques
M868;Altres osteomielitis
M869;Osteomielitis no especificada
M870;Necrosi asèptica idiopàtica de l'os
M871;Osteonecrosi induïda per fàrmacs
M872;Osteonecrosi per traumatisme anterior
M873;Altres osteonecrosis secundàries
M878;Altres osteonecrosis
M879;Osteonecrosi no especificada
M880;Malaltia de Paget del crani
M888;Malaltia de Paget d'altres ossos
M889;Malaltia de Paget d'os no especificat
M890;Algoneurodistròfia
M891;Aturada epifisial
M892;Altres trastorns de desenvolupament i creixement ossis
M893;Hipertròfia òssia
M894;Altres osteoartropaties hipertròfiques
M895;Osteòlisi
M896;Osteopatia després de poliomielitis
M898;Altres trastorns ossis especificats
M899;Trastorn ossi no especificat
M900;Tuberculosi d'os (A18.0+)
M901;Periostitis en altres malalties infeccioses classificades en un altre lloc
M902;Osteopatia en altres malalties infeccioses classificades en un altre lloc
M903;Osteonecrosi en osteoartropatia barotraumàtica (T70.3+)
M904;Osteonecrosi per hemoglobinopatia (D50-D64+)
M905;Osteonecrosi en altres malalties classificades en un altre lloc
M906;Osteïtis deformant en malaltia neoplàstica (C00-D48+)
M907;Fractura òssia en malaltia neoplàstica (C00-D48+)
M908;Osteopatia en altres malalties classificades en un altre lloc
M910;Osteocondrosi juvenil de la pelvis
M911;Oteocondrosi juvenil del cap del fèmur [Legg-Calvé-Perthes]
M912;Coxa plana
M913;Pseudocoxàlgia
M918;Altres osteocondrosis juvenils del maluc i la pelvis
M919;Osteocondrosi juvenil del maluc i la pelvis no especificada
M920;Osteocondrosi juvenil de l'húmer
M921;Osteocondrosi juvenil del radi i el cúbit
M922;Osteocondrosi juvenil de la mà
M923;Altres osteocondrosis juvenils de l'extremitat superior
M924;Osteocondrosi juvenil de la ròtula
M925;Osteocondrosi juvenil de la tíbia i el peroné
M926;Osteocondrosi juvenil del tars
M927;Osteocondrosi juvenil del metatars
M928;Altres osteocondrosis juvenils especificades
M929;Osteocondrosi juvenil no especificada
M930;Epifisiòlisi femoral superior (no traumàtica)
M931;Malaltia de Kienböck de l'adult
M932;Osteocondritis dissecant
M938;Altres osteocondropaties especificades
M939;Osteocondropatia no especificada
M940;Síndrome de l'articulació condrocostal [Tietze]
M941;Policondritis recidivant
M942;Condromalàcia
M943;Condròlisi
M948;Altres trastorns del cartílag especificats
M949;Trastorn de cartlag no especifiat
M950;Deformitat adquirida del nas
M951;Orella de coliflor
M952;Altres deformitats adquirides del cap
M953;Deformitat adquirida del coll
M954;Deformitat adquirida del tòrax i les costelles
M955;Deformitat adquirida de la pelvis
M958;Altres deformitats adquirides especificades del sistema musculoesquelètic
M959;Deformitat adquirida del sistema musculoesquelètic no especificada
M960;Pseudoartrosi després de fusió o artròdesi
M961;Síndrome postlaminectomia no classificada a cap altre lloc
M962;Cifosi postirradiació
M963;Cifosi postlaminectomia
M964;Lordosi postoperatòria
M965;Escoliosi postirradiació
M966;Fractura òssia consecutiva a inserció d'implant ortopèdic, pròtesi articular o placa òssia
M968;Altres trastorns musculoesquelètics posteriors a un procediment
M969;Trastorn musculoesquètic no especificat posterior a un procediment
M990;Disfunció segmentària i somàtica
M9900;Disfunció segmentària i somàtica: Regió cefàlica (occipitocervical)
M9901;Disfunció segmentària i somàtica: Regió cervical (cervicodorsal)
M9902;Disfunció segmentària i somàtica: Regió dorsal (dorsolumbar)
M9903;Disfunció segmentària i somàtica: Regió lumbar (lumbosacra)
M9904;"Disfunció segmentària i somàtica: Regió sacra (sacrococcigeal; sacroilíaca)"
M9905;"Disfunció segmentària i somàtica: Regió pelviana (maluc; púbica)"
M9906;Disfunció segmentària i somàtica: Extremitat inferior
M9907;"Disfunció segmentària i somàtica: Extremitat superior (acromioclavicular; esternoclavicular)"
M9908;"Disfunció segmentària i somàtica: Caixa toràcica (condrocostal; costovertebral; esternocostal)"
M9909;Disfunció segmentària i somàtica: Abdomen i altres
M991;Subluxació vertebral
M9910;Subluxació vertebral: Regió cefàlica (occipitocervical)
M9911;Subluxació vertebral: Regió cervical (cervicodorsal)
M9912;Subluxació vertebral: Regió dorsal (dorsolumbar)
M9913;Subluxació vertebral: Regió lumbar (lumbosacra)
M9914;"Subluxació vertebral: Regió sacra (sacrococcigeal; sacroilíaca)"
M9915;"Subluxació vertebral: Regió pelviana (maluc; púbica)"
M9916;Subluxació vertebral: Extremitat inferior
M9917;"Subluxació vertebral: Extremitat superior (acromioclavicular; esternoclavicular)"
M9918;"Subluxació vertebral: Caixa toràcica (condrocostal; costovertebral; esternocostal)"
M9919;Subluxació vertebral: Abdomen i altres
M992;Estenosi per subluxació de canal raquidi
M9920;Estenosi per subluxació de canal raquidi: Regió cefàlica (occipitocervical)
M9921;Estenosi per subluxació de canal raquidi: Regió cervical (cervicodorsal)
M9922;Estenosi per subluxació de canal raquidi: Regió dorsal (dorsolumbar)
M9923;Estenosi per subluxació de canal raquidi: Regió lumbar (lumbosacra)
M9924;"Estenosi per subluxació de canal raquidi: Regió sacra (sacrococcigeal; sacroilíaca)"
M9925;"Estenosi per subluxació de canal raquidi: Regió pelviana (maluc; púbica)"
M9926;Estenosi per subluxació de canal raquidi: Extremitat inferior
M9927;"Estenosi per subluxació de canal raquidi: Extremitat superior (acromioclavicular; esternoclavicular)"
M9928;"Estenosi per subluxació de canal raquidi: Caixa toràcica (condrocostal; costovertebral; esternocostal)"
M9929;Estenosi per subluxació de canal raquidi: Abdomen i altres
M993;Estenosi òssia de canal raquidi
M9930;Estenosi òssia de canal raquidi: Regió cefàlica (occipitocervical)
M9931;Estenosi òssia de canal raquidi: Regió cervical (cervicodorsal)
M9932;Estenosi òssia de canal raquidi: Regió dorsal (dorsolumbar)
M9933;Estenosi òssia de canal raquidi: Regió lumbar (lumbosacra)
M9934;"Estenosi òssia de canal raquidi: Regió sacra (sacrococcigeal; sacroilíaca)"
M9935;"Estenosi òssia de canal raquidi: Regió pelviana (maluc; púbica)"
M9936;Estenosi òssia de canal raquidi: Extremitat inferior
M9937;"Estenosi òssia de canal raquidi: Extremitat superior (acromioclavicular; esternoclavicular)"
M9938;"Estenosi òssia de canal raquidi: Caixa toràcica (condrocostal; costovertebral; esternocostal)"
M9939;Estenosi òssia de canal raquidi: Abdomen i altres
M994;Estenosi del canal raquidi per teixit connectiu
M9940;Estenosi del canal raquidi per teixit connectiu: Regió cefàlica (occipitocervical)
M9941;Estenosi del canal raquidi per teixit connectiu: Regió cervical (cervicodorsal)
M9942;Estenosi del canal raquidi per teixit connectiu: Regió dorsal (dorsolumbar)
M9943;Estenosi del canal raquidi per teixit connectiu: Regió lumbar (lumbosacra)
M9944;"Estenosi del canal raquidi per teixit connectiu: Regió sacra (sacrococcigeal; sacroilíaca)"
M9945;"Estenosi del canal raquidi per teixit connectiu: Regió pelviana (maluc; púbica)"
M9946;Estenosi del canal raquidi per teixit connectiu: Extremitat inferior
M9947;"Estenosi del canal raquidi per teixit connectiu: Extremitat superior (acromioclavicular; esternoclavicular)"
M9948;"Estenosi del canal raquidi per teixit connectiu: Caixa toràcica (condrocostal; costovertebral; esternocostal)"
M9949;Estenosi del canal raquidi per teixit connectiu: Abdomen i altres
M995;Estenosi del canal raquidi per disc intervertebral
M9950;Estenosi del canal raquidi per disc intervertebral: Regió cefàlica (occipitocervical)
M9951;Estenosi del canal raquidi per disc intervertebral: Regió cervical (cervicodorsal)
M9952;Estenosi del canal raquidi per disc intervertebral: Regió dorsal (dorsolumbar)
M9953;Estenosi del canal raquidi per disc intervertebral: Regió lumbar (lumbosacra)
M9954;"Estenosi del canal raquidi per disc intervertebral: Regió sacra (sacrococcigeal; sacroilíaca)"
M9955;"Estenosi del canal raquidi per disc intervertebral: Regió pelviana (maluc; púbica)"
M9956;Estenosi del canal raquidi per disc intervertebral: Extremitat inferior
M9957;"Estenosi del canal raquidi per disc intervertebral: Extremitat superior (acromioclavicular; esternoclavicular)"
M9958;"Estenosi del canal raquidi per disc intervertebral: Caixa toràcica (condrocostal; costovertebral; esternocostal)"
M9959;Estenosi del canal raquidi per disc intervertebral: Abdomen i altres
M996;Estenosi òssia i estenosi per subluxació de forats intervertebrals
M9960;Estenosi òssia i estenosi per subluxació de forats intervertebrals: Regió cefàlica (occipitocervical)
M9961;Estenosi òssia i estenosi per subluxació de forats intervertebrals: Regió cervical (cervicodorsal)
M9962;Estenosi òssia i estenosi per subluxació de forats intervertebrals: Regió dorsal (dorsolumbar)
M9963;Estenosi òssia i estenosi per subluxació de forats intervertebrals: Regió lumbar (lumbosacra)
M9964;"Estenosi òssia i estenosi per subluxació de forats intervertebrals: Regió sacra (sacrococcigeal; sacroilíaca)"
M9965;"Estenosi òssia i estenosi per subluxació de forats intervertebrals: Regió pelviana (maluc; púbica)"
M9966;Estenosi òssia i estenosi per subluxació de forats intervertebrals: Extremitat inferior
M9967;"Estenosi òssia i estenosi per subluxació de forats intervertebrals: Extremitat superior (acromioclavicular; esternoclavicular)"
M9968;"Estenosi òssia i estenosi per subluxació de forats intervertebrals: Caixa toràcica (condrocostal; costovertebral; esternocostal)"
M9969;Estenosi òssia i estenosi per subluxació de forats intervertebrals: Abdomen i altres
M997;Estenosi per teixit connectiu i disc de forats intervertebrals
M9970;Estenosi per teixit connectiu i disc de forats intervertebrals: Regió cefàlica (occipitocervical)
M9971;Estenosi per teixit connectiu i disc de forats intervertebrals: Regió cervical (cervicodorsal)
M9972;Estenosi per teixit connectiu i disc de forats intervertebrals: Regió dorsal (dorsolumbar)
M9973;Estenosi per teixit connectiu i disc de forats intervertebrals: Regió lumbar (lumbosacra)
M9974;"Estenosi per teixit connectiu i disc de forats intervertebrals: Regió sacra (sacrococcigeal; sacroilíaca)"
M9975;"Estenosi per teixit connectiu i disc de forats intervertebrals: Regió pelviana (maluc; púbica)"
M9976;Estenosi per teixit connectiu i disc de forats intervertebrals: Extremitat inferior
M9977;"Estenosi per teixit connectiu i disc de forats intervertebrals: Extremitat superior (acromioclavicular; esternoclavicular)"
M9978;"Estenosi per teixit connectiu i disc de forats intervertebrals: Caixa toràcica (condrocostal; costovertebral; esternocostal)"
M9979;Estenosi per teixit connectiu i disc de forats intervertebrals: Abdomen i altres
M998;Altres lesions biomecàniques
M9980;Altres lesions biomecàniques: Regió cefàlica (occipitocervical)
M9981;Altres lesions biomecàniques: Regió cervical (cervicodorsal)
M9982;Altres lesions biomecàniques: Regió dorsal (dorsolumbar)
M9983;Altres lesions biomecàniques: Regió lumbar (lumbosacra)
M9984;"Altres lesions biomecàniques: Regió sacra (sacrococcigeal; sacroilíaca)"
M9985;"Altres lesions biomecàniques: Regió pelviana (maluc; púbica)"
M9986;Altres lesions biomecàniques: Extremitat inferior
M9987;"Altres lesions biomecàniques: Extremitat superior (acromioclavicular; esternoclavicular)"
M9988;"Altres lesions biomecàniques: Caixa toràcica (condrocostal; costovertebral; esternocostal)"
M9989;Altres lesions biomecàniques: Abdomen i altres
M999;Lesió biomecànica no especificada
M9990;Lesió biomecànica no especificada: Regió cefàlica (occipitocervical)
M9991;Lesió biomecànica no especificada: Regió cervical (cervicodorsal)
M9992;Lesió biomecànica no especificada: Regió dorsal (dorsolumbar)
M9993;Lesió biomecànica no especificada: Regió lumbar (lumbosacra)
M9994;"Lesió biomecànica no especificada: Regió sacra (sacrococcigeal; sacroilíaca)"
M9995;"Lesió biomecànica no especificada: Regió pelviana (maluc; púbica)"
M9996;Lesió biomecànica no especificada: Extremitat inferior
M9997;"Lesió biomecànica no especificada: Extremitat superior (acromioclavicular; esternoclavicular)"
M9998;"Lesió biomecànica no especificada: Caixa toràcica (condrocostal; costovertebral; esternocostal)"
M9999;Lesió biomecànica no especificada: Abdomen i altres
N000;Síndrome nefrítica aguda: Anomalia glomerular menor
N001;Síndrome nefrítica aguda: Lesions glomerulars focals i segmentàries
N002;Síndrome nefrítica aguda: Glomerulonefritis membranosa difusa
N003;Síndrome nefrítica aguda: Glomerulonefritis proliferativa mesangial difusa
N004;Síndrome nefrítica aguda: Glomerulonefritis proliferativa endocapil·lar difusa
N005;Síndrome nefrítica aguda: Glomerulonefritis mesangiocapil·lar difusa
N006;Síndrome nefrítica aguda: Malaltia per dipòsits densos
N007;Síndrome nefrítica aguda: Glomerulonefritis de mitges llunes difusa
N008;Síndrome nefrítica aguda: Altres
N009;Síndrome nefrítica aguda: No especificada
N010;Síndrome nefrítica ràpidament progressiva: Anomalia glomerular menor
N011;Síndrome nefrítica ràpidament progressiva: Lesions glomerulars focals i segmentàries
N012;Síndrome nefrítica ràpidament progressiva: Glomerulonefritis membranosa difusa
N013;Síndrome nefrítica ràpidament progressiva: Glomerulonefritis proliferativa mesangial difusa
N014;Síndrome nefrítica ràpidament progressiva: Glomerulonefritis proliferativa endocapil·lar difusa
N015;Síndrome nefrítica ràpidament progressiva: Glomerulonefritis mesangiocapil·lar difusa
N016;Síndrome nefrítica ràpidament progressiva: Malaltia per dipòsits densos
N017;Síndrome nefrítica ràpidament progressiva: Glomerulonefritis de mitges llunes difusa
N018;Síndrome nefrítica ràpidament progressiva: Altres
N019;Síndrome nefrítica ràpidament progressiva: No especificada
N020;Hematúria recurrent i persistent: Anomalia glomerular menor
N021;Hematúria recurrent i persistent: Lesions glomerulars focals i segmentàries
N022;Hematúria recurrent i persistent: Glomerulonefritis membranosa difusa
N023;Hematúria recurrent i persistent: Glomerulonefritis proliferativa mesangial difusa
N024;Hematúria recurrent i persistent: Glomerulonefritis proliferativa endocapil·lar difusa
N025;Hematúria recurrent i persistent: Glomerulonefritis mesangiocapil·lar difusa
N026;Hematúria recurrent i persistent: Malaltia per dipòsits densos
N027;Hematúria recurrent i persistent: Glomerulonefritis de mitges llunes difusa
N028;Hematúria recurrent i persistent: Altres
N029;Hematúria recurrent i persistent: No especificada
N030;Síndrome nefrítica crònica: Anomalia glomerular menor
N031;Síndrome nefrítica crònica: Lesions glomerulars focals i segmentàries
N032;Síndrome nefrítica crònica: Glomerulonefritis membranosa difusa
N033;Síndrome nefrítica crònica: Glomerulonefritis proliferativa mesangial difusa
N034;Síndrome nefrítica crònica: Glomerulonefritis proliferativa endocapil·lar difusa
N035;Síndrome nefrítica crònica: Glomerulonefritis mesangiocapil·lar difusa
N036;Síndrome nefrítica crònica: Malaltia per dipòsits densos
N037;Síndrome nefrítica crònica: Glomerulonefritis de mitges llunes difusa
N038;Síndrome nefrítica crònica: Altres
N039;Síndrome nefrítica crònica: No especificada
N040;Síndrome nefròtica: Anomalia glomerular menor
N041;Síndrome nefròtica: Lesions glomerulars focals i segmentàries
N042;Síndrome nefròtica: Glomerulonefritis membranosa difusa
N043;Síndrome nefròtica: Glomerulonefritis proliferativa mesangial difusa
N044;Síndrome nefròtica: Glomerulonefritis proliferativa endocapil·lar difusa
N045;Síndrome nefròtica: Glomerulonefritis mesangiocapil·lar difusa
N046;Síndrome nefròtica: Malaltia per dipòsits densos
N047;Síndrome nefròtica: Glomerulonefritis de mitges llunes difusa
N048;Síndrome nefròtica: Altres
N049;Síndrome nefròtica: No especificada
N050;Síndrome nefrítica no especificada: Anomalia glomerular menor
N051;Síndrome nefrítica no especificada: Lesions glomerulars focals i segmentàries
N052;Síndrome nefrítica no especificada: Glomerulonefritis membranosa difusa
N053;Síndrome nefrítica no especificada: Glomerulonefritis proliferativa mesangial difusa
N054;Síndrome nefrítica no especificada: Glomerulonefritis proliferativa endocapil·lar difusa
N055;Síndrome nefrítica no especificada: Glomerulonefritis mesangiocapil·lar difusa
N056;Síndrome nefrítica no especificada: Malaltia per dipòsits densos
N057;Síndrome nefrítica no especificada: Glomerulonefritis de mitges llunes difusa
N058;Síndrome nefrítica no especificada: Altres
N059;Síndrome nefrítica no especificada: No especificada
N060;Proteïnúria aïllada amb lesió morfològica especificada: Anomalia glomerular menor
N061;Proteïnúria aïllada amb lesió morfològica especificada: Lesions glomerulars focals i segmentàries
N062;Proteïnúria aïllada amb lesió morfològica especificada: Glomerulonefritis membranosa difusa
N063;Proteïnúria aïllada amb lesió morfològica especificada: Glomerulonefritis proliferativa mesangial difusa
N064;Proteïnúria aïllada amb lesió morfològica especificada: Glomerulonefritis proliferativa endocapil·lar difusa
N065;Proteïnúria aïllada amb lesió morfològica especificada: Glomerulonefritis mesangiocapil·lar difusa
N066;Proteïnúria aïllada amb lesió morfològica especificada: Malaltia per dipòsits densos
N067;Proteïnúria aïllada amb lesió morfològica especificada: Glomerulonefritis de mitges llunes difusa
N068;Proteïnúria aïllada amb lesió morfològica especificada: Altres
N069;Proteïnúria aïllada amb lesió morfològica especificada: No especificada
N070;Nefropatia hereditària no classificada a cap altre lloc: Anomalia glomerular menor
N071;Nefropatia hereditària no classificada a cap altre lloc: Lesions glomerulars focals i segmentàries
N072;Nefropatia hereditària no classificada a cap altre lloc: Glomerulonefritis membranosa difusa
N073;Nefropatia hereditària no classificada a cap altre lloc: Glomerulonefritis proliferativa mesangial difusa
N074;Nefropatia hereditària no classificada a cap altre lloc: Glomerulonefritis proliferativa endocapil·lar difusa
N075;Nefropatia hereditària no classificada a cap altre lloc: Glomerulonefritis mesangiocapil·lar difusa
N076;Nefropatia hereditària no classificada a cap altre lloc: Malaltia per dipòsits densos
N077;Nefropatia hereditària no classificada a cap altre lloc: Glomerulonefritis de mitges llunes difusa
N078;Nefropatia hereditària no classificada a cap altre lloc: Altres
N079;Nefropatia hereditària no classificada a cap altre lloc: No especificada
N080;Trastorns glomerulars en malalties infeccioses i parasitàries
N081;Trastorns glomerulars en malalties neoplàstiques
N082;Trastorns glomerulars en malalties de la sang i en trastorns que afecten el mecanisme immunitari
N083;Trastorns glomerulars en diabetis mellitus (E10-E14 amb el quart caràcter comú .2+)
N084;Trastorns glomerulars en altres malalties endocrines, nutricionals i metabòliques
N085;Trastorns glomerulars en trastorns del teixit connectiu sistèmic
N088;Trastorns glomerulars en altres malalties classificades en un altre lloc
N110;Pielonefritis no obstructiva crònica associada a reflux
N111;Pielonefritis obstructiva crònica
N118;Altres nefritis tubulointersticials cròniques
N119;Nefritis tubulointersticial crònica no especificada
N130;Hidronefrosi amb obstrucció de la unió ureteropelviana
N131;Hidronefrosi amb estenosi ureteral no classificada a cap altre lloc
N132;Hidronefrosi amb obstrucció calculosa renal i ureteral
N133;Altres hidronefrosis i hidronefrosis no especificades
N134;Hidrourèter
N135;Colzada i estenosi de l'urèter sense hidronefrosi
N136;Pionefrosi
N137;Uropatia associada a reflux vesicoureteral
N138;Altres uropaties obstructives i per reflux
N139;Uropatia obstructiva i uropatia per reflux no especificades
N140;Nefropatia per analgèsics
N141;Nefropatia induïda per altres drogues, fàrmacs i productes biològics
N142;Nefropatia induïda per droga, fàrmac o producte biològic no especificats
N143;Nefropatia induïda per metalls pesants
N144;Nefropatia tòxica no classificada a cap altre lloc
N150;Nefropatia balcànica
N151;Abscés renal i abscés perirenal
N158;Altres nefropaties tubulointersticials especificades
N159;Nefropatia tubulointersticial no especificada
N160;Trastorns tubulointersticials renals en malalties infeccioses i parasitàries classificades en un altre lloc
N161;Trastorns tubulointersticials renals en malalties neoplàstiques
N162;Trastorns tubulointersticials renals en malalties de la sang i en trastorns que afecten el mecanisme immunitari
N163;Trastorns tubulointersticials renals en malalties metabòliques
N164;Trastorns tubulointersticials renals en trastorns del teixit connectiu sistèmic
N165;Trastorns tubulointersticials renals en rebuig de trasplantament
N168;Trastorns tubulointersticials renals en altres malalties classificades en un altre lloc
N170;Fallida renal aguda amb necrosi tubular
N171;Fallida renal aguda amb necrosi cortical aguda
N172;Fallida renal aguda amb necrosi medul·lar
N178;Altres fallides renals agudes
N179;Fallida renal aguda no especificada
N180;Malaltia renal terminal
N188;Altres fallides renals cròniques
N189;Fallida renal crònica no especificada
N200;Càlcul renal
N201;Càlcul ureteral
N202;Càlcul renal amb càlcul ureteral
N209;Càlcul urinari no especificat
N210;Càlcul vesical
N211;Càlcul uretral
N218;Altres càlculs de les vies urinàries inferiors
N219;Càlcul de les vies urinàries inferiors no especificat
N220;Càlcul urinari en esquistosomosi [bilharziosi] (B65.-+)
N228;Càlcul del tracte urinari en altres malalties classificades en un altre lloc
N250;Osteodistròfia renal
N251;Diabetis insípida nefrogènica
N258;Altres trastorns a conseqüència de la funció tubular renal deteriorada
N259;Trastorn a conseqüència de la funció tubular renal deteriorada no especificat
N270;Ronyó petit unilateral
N271;Ronyó petit bilateral
N279;Ronyó petit no especificat
N280;Isquèmia i infart renals
N281;Quist renal adquirit
N288;Altres trastorns especificats del ronyó i l'urèter
N289;Trastorn del ronyó i l'urèter no especificat
N290;Sífilis renal tardana (A52.7+)
N291;Altres trastorns del ronyó i l'urèter en malalties infeccioses i parasitàries classificades en un altre lloc
N298;Altres trastorns del ronyó i l'urèter en altres malalties classificades en un altre lloc
N300;Cistitis aguda
N301;Cistitis intersticial (crònica)
N302;Altres cistitis cròniques
N303;Trigonitis
N304;Cistitis per irradiació
N308;Altres cistitis
N309;Cistitis no especificada
N310;Bufeta neurogènica desinhibida no classificada a cap altre lloc
N311;Bufeta neurogènica reflexa no classificada a cap altre lloc
N312;Bufeta neurogènica flàccida no classificada a cap altre lloc
N318;Altres disfuncions neuromusculars de la bufeta urinària
N319;Disfunció neuromuscular de la bufeta urinària no especificada
N320;Obstrucció del coll de la bufeta urinària
N321;Fístula vesicointestinal
N322;Fístula vesical no classificada a cap altre lloc
N323;Diverticle vesical
N324;Ruptura no traumàtica de la bufeta urinària
N328;Altres trastorns de la bufeta urinària especificats
N329;Trastorn de la bufeta urinària no especificat
N330;Cistitis tuberculosa (A18.1+)
N338;Trastorns de la bufeta urinària en altres malalties classificades en un altre lloc
N340;Abscés uretral
N341;Uretritis no especificada
N342;Altres uretritis
N343;Síndrome uretral no especificada
N350;Estenosi uretral posttraumàtica
N351;Estenosi uretral postinfecciosa no classificada a cap altre lloc
N358;Altres estenosis uretrals
N359;Estenosi uretral no especificada
N360;Fístula uretral
N361;Diverticle uretral
N362;Carúncula uretral
N363;Prolapse de la mucosa uretral
N368;Altres trastorns de la uretra especificats
N369;Trastorn de la uretra no especificat
N370;Uretritis en malalties classificades en un altre lloc
N378;Altres trastorns de la uretra en malalties classificades en un altre lloc
N390;Infecció del tracte urinari de localització no especificada
N391;Proteïnúria persistent no especificada
N392;Proteïnúria ortostàtica no especificada
N393;Incontinència d'esforç
N394;Altres incontinències urinàries especificades
N398;Altres trastorns de l'aparell urinari especificats
N399;Trastorn de l'aparell urinari no especificat
N410;Prostatitis aguda
N411;Prostatitis crònica
N412;Abscés prostàtic
N413;Prostatocistitis
N418;Altres malalties inflamatòries de la pròstata
N419;Malaltia inflamatòria de la pròstata no especificada
N420;Càlcul prostàtic
N421;Congestió i hemorràgia prostàtiques
N422;Atròfia prostàtica
N428;Altres trastorns de la pròstata especificats
N429;Trastorn de la pròstata no especificat
N430;Hidrocele enquistada
N431;Hidrocele infectada
N432;Altres hidroceles
N433;Hidrocele no especificada
N434;Espermatocele
N450;Orquitis, epididimitis i epididimoorquitis amb abscés
N459;Orquitis, epididimitis i epididimoorquitis sense abscés
N480;Leucoplàsia peniana
N481;Balanopostitis
N482;Altres trastorns inflamatoris del penis
N483;Priapisme
N484;Impotència d'origen orgànic
N485;Úlcera del penis
N486;Induració plàstica del penis
N488;Altres trastorns del penis especificats
N489;Trastorn del penis no especificat
N490;Trastorns inflamatoris de la vesícula seminal
N491;Trastorns inflamatoris del cordó espermàtic, la túnica vaginal i el conducte deferent
N492;Trastorns inflamatoris de l'escrot
N498;Trastorns inflamatoris d'altres òrgans genitals masculins
N499;Trastorn inflamatori d'òrgan genital masculí no especificat
N500;Atròfia testicular
N501;Trastorns vasculars dels òrgans genitals masculins
N508;Altres trastorns especificats dels òrgans genitals masculins
N509;Trastorn dels òrgans genitals masculins no especificat
N510;Trastorns de la pròstata en malalties classificades en un altre lloc
N511;Trastorns del testicle i l'epidídim en malalties classificades en un altre lloc
N512;Balanitis en malalties classificades en un altre lloc
N518;Altres trastorns dels òrgans genitals masculins en malalties classificades en un altre lloc
N600;Quist solitari de mama
N601;Mastopatia quística difusa
N602;Fibroadenosi mamària
N603;Fibrosclerosi mamària
N604;Èctasi del conducte mamari
N608;Altres displàsies mamàries benignes
N609;Displàsia mamària benigna no especificada
N640;Fissura i fístula del mugró
N641;Necrosi grassa de la mama
N642;Atròfia mamària
N643;Galactorrea no associada al part
N644;Mastodínia
N645;Altres signes i símptomes mamaris
N648;Altres trastorns mamaris especificats
N649;Trastorn mamari no especificat
N700;Salpingitis i ooforitis agudes
N701;Salpingitis i ooforitis cròniques
N709;Salpingitis i ooforitis no especificades
N710;Malaltia inflamatòria uterina aguda
N711;Malaltia inflamatòria uterina crònica
N719;Malaltia inflamatòria uterina no especificada
N730;Parametritis i cel·lulitis pelviana agudes
N731;Parametritis i cel·lulitis pelviana cròniques
N732;Parametritis i cel·lulitis pelviana no especificades
N733;Peritonitis pelviana femenina aguda
N734;Peritonitis pelviana femenina crònica
N735;Peritonitis pelviana femenina no especificada
N736;Adherències peritoneals pelvianes femenines
N738;Altres malalties inflamatòries pelvianes femenines especificades
N739;Malaltia inflamatòria pelviana femenina no especificada
N740;Infecció tuberculosa del coll uterí (A18.1+)
N741;Malaltia inflamatòria pelviana femenina tuberculosa (A18.1+)
N742;Malaltia inflamatòria pelviana femenina sifilítica (A51.4+, A52.7+)
N743;Malaltia inflamatòria pelviana femenina gonocòccica (A54.2+)
N744;Malaltia inflamatòria pelviana femenina per clamídies (A56.1+)
N748;Trastorns inflamatoris pelvians femenins en altres malalties classificades en un altre lloc
N750;Quist de la glàndula de Bartholin
N751;Abscés de la glàndula de Bartholin
N758;Altres malalties de la glàndula de Bartholin
N759;Malaltia de la glàndula de Bartholin no especificada
N760;Vaginitis aguda
N761;Vaginitis subaguda i crònica
N762;Vulvitis aguda
N763;Vulvitis subaguda i crònica
N764;Abscés vulvar
N765;Ulceració vaginal
N766;Ulceració vulvar
N768;Altres inflamacions especificades de la vagina i la vulva
N770;Ulceració vulvar en malalties infeccioses i parasitàries classificades en un altre lloc
N771;Vaginitis, vulvitis i vulvovaginitis en malalties infeccioses i parasitàries classificades en un altre lloc
N778;Inflamació i ulceració vulvovaginals en altres malalties classificades en un altre lloc
N800;Endometriosi uterina
N801;Endometriosi ovàrica
N802;Endometriosi de la trompa de Fal·lopi
N803;Endometriosi del peritoneu pelvià
N804;Endometriosi del septe rectovaginal i la vagina
N805;Endometriosi intestinal
N806;Endometriosi en cicatriu cutània
N808;Altres endometriosis
N809;Endometriosi no especificada
N810;Uretrocele femenina
N811;Cistocele
N812;Prolapse uterovaginal incomplet
N813;Prolapse uterovaginal complet
N814;Prolapse uterovaginal no especificat
N815;Enterocele vaginal
N816;Rectocele
N818;Altres prolapses genitals femenins
N819;Prolapse genital femení no especificat
N820;Fístula vesicovaginal
N821;Altres fístules urogenitals en la dona
N822;Fístula de vagina a intestí prim
N823;Fístula de vagina a intestí gros
N824;Altres fístules enterogenitals en la dona
N825;Fístules genitocutànies en la dona
N828;Altres fístules del tracte genital femení
N829;Fístula del tracte genital femení no especificada
N830;Quist fol·licular de l'ovari
N831;Quist del cos luti
N832;Altres quists ovàrics i quists ovàrics no especificats
N833;Atròfia adquirida de l'ovari i la trompa de Fal·lopi
N834;Prolapse i hèrnia de l'ovari i la trompa de Fal·lopi
N835;Torsió de l'ovari, el pedicle ovàric i la trompa de Fal·lopi
N836;Hematosàlpinx
N837;Hematoma del lligament ample
N838;Altres trastorns no inflamatoris de l'ovari, la trompa de Fal·lopi i el lligament ample
N839;Trastorn no inflamatori de l'ovari, la trompa de Fal·lopi i el lligament ample no especificat
N840;Pòlip del cos uterí
N841;Pòlip del coll uterí
N842;Pòlip vaginal
N843;Pòlip vulvar
N848;Pòlip d'altres parts del tracte genital femení
N849;Pòlip del tracte genital femení no especificat
N850;Hiperplàsia glandular endometrial
N851;Hiperplàsia adenomatosa endometrial
N852;Hipertròfia uterina
N853;Subinvolució de l'úter
N854;Malposició de l'úter
N855;Inversió uterina
N856;Sinèquies intrauterines
N857;Hematomètria
N858;Altres trastorns no inflamatoris de l'úter especificats
N859;Trastorn no inflamatori de l'úter no especificat
N870;Displàsia lleu del coll uterí
N871;Displàsia moderada del coll uterí
N872;Displàsia greu del coll uterí no classificada a cap altre lloc
N879;Displàsia del coll uterí no especificada
N880;Leucoplàsia del coll uterí
N881;Laceració antiga del coll uterí
N882;Estretor i estenosi del coll uterí
N883;Incompetència del coll uterí
N884;Elongació hipertròfica del coll uterí
N888;Altres trastorns no inflamatoris del coll uterí especificats
N889;Trastorn no inflamatori del coll uterí no especificat
N890;Displàsia lleu de la vagina
N891;Displàsia moderada de la vagina
N892;Displàsia greu de la vagina no classificada a cap altre lloc
N893;Displàsia de la vagina no especificada
N894;Leucoplàsia vaginal
N895;Estenosi i atrèsia de la vagina
N896;Anell himenal estret
N897;Hematocolpos
N898;Altres trastorns no inflamatoris de la vagina especificats
N899;Trastorn no inflamatori de la vagina no especificat
N900;Displàsia lleu de la vulva
N901;Displàsia moderada de la vulva
N902;Displàsia greu de la vulva no classificada a cap altre lloc
N903;Displàsia de la vulva no especificada
N904;Leucoplàsia vulvar
N905;Atròfia vulvar
N906;Hipertròfia vulvar
N907;Quist vulvar
N908;Altres trastorns no inflamatoris de la vulva i el perineu especificats
N909;Trastorn no inflamatori de la vulva i el perineu no especificat
N910;Amenorrea primària
N911;Amenorrea secundària
N912;Amenorrea no especificada
N913;Oligomenorrea primària
N914;Oligomenorrea secundària
N915;Oligomenorrea no especificada
N920;Menstruació excessiva i freqüent amb cicle regular
N921;Menstruació excessiva i freqüent amb cicle irregular
N922;Menstruació excessiva en la pubertat
N923;Hemorràgia d'ovulació
N924;Hemorràgia excessiva en el període premenopàusic
N925;Altres menstruacions irregulars especificades
N926;Menstruació irregular no especificada
N930;Hemorràgia postcoital i per contacte
N938;Altres hemorràgies uterines i vaginals anòmales especificades
N939;Hemorràgia uterina i vaginal anòmales no especificades
N940;Dolor de l'ovulació
N941;Disparèunia
N942;Vaginisme
N943;Síndrome de tensió premenstrual
N944;Dismenorrea primària
N945;Dismenorrea secundària
N946;Dismenorrea no especificada
N948;Altres afeccions especificades associades als òrgans genitals femenins i al cicle menstrual
N949;Afecció no especificada associada als òrgans genitals femenins i el cicle menstrual
N950;Hemorràgia postmenopàusica
N951;Estats menopàusics i climatèrics femenins
N952;Vaginitis atròfica postmenopàusica
N953;Estats associats a la menopausa artificial
N958;Altres trastorns menopàusics i perimenopàusics especificats
N959;Trastorn menopàusic i trastorn perimenopàusic no especificats
N970;Infertilitat femenina associada a anovulació
N971;Infertilitat femenina d'origen tubari
N972;Infertilitat femenina d'origen uterí
N973;Infertilitat femenina d'origen cervical
N974;Infertilitat femenina associada a factors masculins
N978;Infertilitat femenina d'altres d'orígens
N979;Infertilitat femenina no especificada
N980;Infecció associada a la inseminació artificial
N981;Hiperestimulació ovàrica
N982;Complicacions de la temptativa d'introducció d'ou fecundat consecutiva a fecundació in vitro
N983;Complicacions de la temptativa d'introducció d'embrió en transferència embrionària
N988;Altres complicacions associades a la reproducció assistida
N989;Complicació associada a la reproducció assistida no especificada
N990;Fallida renal posterior a un procediment
N991;Estenosi uretral posterior a un procediment
N992;Adherències vaginals postoperatòries
N993;Prolapse de la volta de la vagina després d'una histerectomia
N994;Adherències peritoneals pelvianes posteriors a un procediment
N995;Funcionament defectuós d'estoma extern del tracte urinari
N998;Altres trastorns de l'aparell genitourinari posteriors a un procediment
N999;Trastorn de l'aparell genitourinari no especificat posterior a un procediment
O000;Embaràs abdominal
O001;Embaràs tubari
O002;Embaràs ovàric
O008;Altres embarassos ectòpics
O009;Embaràs ectòpic no especificat
O010;Mola hidatiforme completa
O011;Mola hidatiforme incompleta i parcial
O019;Mola hidatiforme no especificada
O020;Ou malmès i mola no hidatiforme
O021;Avortament diferit
O028;Altres productes anòmals de concepció especificats
O029;Productes anòmals de concepció no especificats
O030;Avortament espontani: Incomplet, complicat per infecció pelviana i del tracte genital
O031;Avortament espontani: Incomplet, complicat per hemorràgia retardada o excessiva
O032;Avortament espontani: Incomplet, complicat per embòlia
O033;Avortament espontani: Incomplet, amb altres complicacions i complicacions no especificades
O034;Avortament espontani: Incomplet, sense complicacions
O035;Avortament espontani: Complet o no especificat, complicat per infecció pelviana i del tracte genital
O036;Avortament espontani: Complet o no especificat, complicat per hemorràgia retardada o excessiva
O037;Avortament espontani: Complet o no especificat, complicat per embòlia
O038;Avortament espontani: Complet o no especificat, amb altres complicacions i complicacions no especificades
O039;Avortament espontani: Complet o no especificat, sense complicació
O040;Avortament provocat mèdic: Incomplet, complicat per infecció pelviana i del tracte genital
O041;Avortament provocat mèdic: Incomplet, complicat per hemorràgia retardada o excessiva
O042;Avortament provocat mèdic: Incomplet, complicat per embòlia
O043;Avortament provocat mèdic: Incomplet, amb altres complicacions i complicacions no especificades
O044;Avortament provocat mèdic: Incomplet, sense complicacions
O045;Avortament provocat mèdic: Complet o no especificat, complicat per infecció pelviana i del tracte genital
O046;Avortament provocat mèdic: Complet o no especificat, complicat per hemorràgia retardada o excessiva
O047;Avortament provocat mèdic: Complet o no especificat, complicat per embòlia
O048;Avortament provocat mèdic: Complet o no especificat, amb altres complicacions i complicacions no especificades
O049;Avortament provocat mèdic: Complet o no especificat, sense complicació
O050;Altres avortaments: Incomplet, complicat per infecció pelviana i del tracte genital
O051;Altres avortaments: Incomplet, complicat per hemorràgia retardada o excessiva
O052;Altres avortaments: Incomplet, complicat per embòlia
O053;Altres avortaments: Incomplet, amb altres complicacions i complicacions no especificades
O054;Altres avortaments: Incomplet, sense complicacions
O055;Altres avortaments: Complet o no especificat, complicat per infecció pelviana i del tracte genital
O056;Altres avortaments: Complet o no especificat, complicat per hemorràgia retardada o excessiva
O057;Altres avortaments: Complet o no especificat, complicat per embòlia
O058;Altres avortaments: Complet o no especificat, amb altres complicacions i complicacions no especificades
O059;Altres avortaments: Complet o no especificat, sense complicació
O060;Avortament no especificat: Incomplet, complicat per infecció pelviana i del tracte genital
O061;Avortament no especificat: Incomplet, complicat per hemorràgia retardada o excessiva
O062;Avortament no especificat: Incomplet, complicat per embòlia
O063;Avortament no especificat: Incomplet, amb altres complicacions i complicacions no especificades
O064;Avortament no especificat: Incomplet, sense complicacions
O065;Avortament no especificat: Complet o no especificat, complicat per infecció pelviana i del tracte genital
O066;Avortament no especificat: Complet o no especificat, complicat per hemorràgia retardada o excessiva
O067;Avortament no especificat: Complet o no especificat, complicat per embòlia
O068;Avortament no especificat: Complet o no especificat, amb altres complicacions i complicacions no especificades
O069;Avortament no especificat: Complet o no especificat, sense complicació
O070;Avortament provocat mèdic fallit, complicat per infecció pelviana i del tracte genital
O071;Avortament provocat mèdic fallit, complicat per hemorràgia retardada o excessiva
O072;Avortament provocat mèdic fallit, complicat per embòlia
O073;Avortament provocat mèdic fallit, amb altres complicacions i complicacions no especificades
O074;Avortament provocat mèdic fallit, sense complicació
O075;Altres temptatives fallides d'avortament i temptativa fallida d'avortament no especificada, complicades per infecció pelviana i del tracte genital
O076;Altres temptatives fallides d'avortament i temptativa fallida
O077;Altres temptatives fallides d'avortament i temptativa fallida d'avortament no especificada, complicades per embòlia
O078;Altres temptatives fallides d'avortament i temptativa fallida d'avortament no especificada, amb altres complicacions i complicacions no especificades
O079;Altres temptatives fallides d'avortament i temptativa fallida d'avortament no especificada, sense complicacions
O080;Infecció pelviana i del tracte genital consecutives a avortament i embaràs ectòpic i embaràs molar
O081;Hemorràgia retardada o excessiva consecutiva a avortament i embaràs ectòpic i embaràs molar
O082;Embòlia consecutiva a avortament i embaràs ectòpic i embaràs molar
O083;Xoc consecutiu a avortament i embaràs ectòpic i embaràs molar
O084;Fallida renal consecutiva a avortament i embaràs ectòpic i embaràs molar
O085;Trastorns metabòlics consecutius a avortament i embaràs ectòpic i embaràs molar
O086;Lesió d'òrgans i teixits pelvians consecutiva a avortament i embaràs ectòpic i embaràs molar
O087;Altres complicacions venoses consecutives a avortament i embaràs ectòpic i embaràs molar
O088;Altres complicacions venoses consecutives a avortament i embaràs ectòpic i embaràs molar
O089;Complicació consecutiva a avortament i embaràs ectòpic i embaràs molar no especificada
O100;Hipertensió essencial preexistent que complica l'embaràs, el part i el puerperi
O101;Cardiopatia hipertensiva preexistent que complica l'embaràs, el part i el puerperi
O102;Malaltia renal hipertensiva preexistent que complica l'embaràs, el part i el puerperi
O103;Cardiopatia hipertensiva preexistent i malaltia renal hipertensiva preexistent que compliquen l'embaràs, el part i el puerperi
O104;Hipertensió secundària preexistent que complica l'embaràs, el part i el puerperi
O109;Hipertensió preexistent no especificada que complica l'embaràs, el part i el puerperi
O120;Edema gestacional
O121;Proteïnúria gestacional
O122;Edema gestacional amb proteïnúria
O140;Preeclàmpsia moderada
O141;Preeclàmpsia greu
O149;Preeclàmpsia no especificada
O150;Eclàmpsia en l'embaràs
O151;Eclàmpsia en el treball de part
O152;Eclàmpsia en el puerperi
O159;Eclàmpsia no especificada pel que fa al període
O200;Amenaça d'avortament
O208;Altres hemorràgies al començament de l'embaràs
O209;Hemorràgia al començament de l'embaràs no especificada
O210;Hiperèmesi gravídica lleu
O211;Hiperèmesi gravídica amb alteració metabòlica
O212;Vòmits tardans de l'embaràs
O218;Altres vòmits que compliquen l'embaràs
O219;Vòmits no especificats de l'embaràs
O220;Venes varicoses d'extremitat inferior en l'embaràs
O221;Varices genitals en l'embaràs
O222;Tromboflebitis superficial en l'embaràs
O223;Flebotrombosi profunda en l'embaràs
O224;Hemorroides en l'embaràs
O225;Trombosi venosa cerebral en l'embaràs
O228;Altres complicacions venoses en l'embaràs
O229;Complicació venosa en l'embaràs no especificada
O230;Infeccions del ronyó en l'embaràs
O231;Infeccions de la bufeta urinària en l'embaràs
O232;Infeccions de la uretra en l'embaràs
O233;Infeccions d'altres parts del tracte urinari en l'embaràs
O234;Infecció no especificada del tracte urinari en l'embaràs
O235;Infeccions del tracte genital en l'embaràs
O239;Altres infeccions del tracte genitourinari en l'embaràs i infecció del tracte genitourinari no especificada en l'embaràs
O240;Diabetis mellitus en l'embaràs: Diabetis mellitus insulinodependent preexistent
O241;Diabetis mellitus en l'embaràs: Diabetis mellitus no insulinodependent preexistent
O242;Diabetis mellitus en l'embaràs: Diabetis mellitus preexistent relacionada amb malnutrició
O243;Diabetis mellitus en l'embaràs: Diabetis mellitus preexistent no especificada
O244;Diabetis mellitus apareguda durant l'embaràs
O249;Diabetis mellitus en l'embaràs no especificada
O260;Augment excessiu de pes en l'embaràs
O261;Poc augment de pes en l'embaràs
O262;Assistència mèdica en l'embaràs per a l'avortadora habitual
O263;Dispositiu contraceptiu intrauterí retingut en l'embaràs
O264;Herpes gestacional
O265;Síndrome d'hipotensió materna
O266;Trastorns hepàtics en l'embaràs, el part i el puerperi
O267;Subluxació de la símfisi (púbica) en l'embaràs, el part i el puerperi
O268;Altres afeccions relacionades amb l'embaràs especificades
O269;Afecció relacionada amb l'embaràs no especificada
O280;Resultat hemàtic anòmal en cribratge prenatal de la mare
O281;Resultat bioquímic anòmal en cribratge prenatal de la mare
O282;Resultat citològic anòmal en cribratge prenatal de la mare
O283;Resultat ultrasònic anòmal en cribratge prenatal de la mare
O284;Resultat radiològic anòmal en cribratge prenatal de la mare
O285;Resultat cromosòmic anòmal i resultat genètic anòmal en cribratge prenatal de la mare
O288;Altres resultats anòmals en cribratge prenatal de la mare
O289;Resultat anòmal en cribratge prenatal de la mare, no especificat
O290;Complicacions pulmonars en l'anestèsia durant l'embaràs
O291;Complicacions cardíaques en l'anestèsia durant l'embaràs
O292;Complicacions del sistema nerviós central en l'anestèsia durant l'embaràs
O293;Reacció tòxica a anestèsia local durant l'embaràs
O294;Cefalàlgia induïda per anestèsia espinal i anestèsia epidural durant l'embaràs
O295;Altres complicacions de l'anestèsia espinal i l'anestèsia epidural durant l'embaràs
O296;Intubació fallida o complicada durant l'embaràs
O298;Altres complicacions de l'anestèsia durant l'embaràs
O299;Complicació de l'anestèsia durant l'embaràs, no especificada problemes en el part
O300;Embaràs de bessons
O301;Embaràs triple
O302;Embaràs quàdruple
O308;Altres gestacions múltiples
O309;Gestació múltiple no especificada
O310;Fetus papiraci
O311;Continuació de l'embaràs després d'avortament d'un o més fetus
O312;Continuació de l'embaràs després de mort intrauterina d'un o més fetus
O318;Altres complicacions específiques de la gestació múltiple
O320;Assistència materna per situació inestable
O321;Assistència materna per presentació de natges
O322;Assistència materna per situació transversa i situació obliqua
O323;Assistència materna per presentació de cara, presentació frontal i presentació de mentó
O324;Assistència materna per cap alt a terme
O325;Assistència materna per gestació múltiple amb presentació anòmala d'un o més fetus
O326;Assistència materna per presentació composta
O328;Assistència materna per altres presentacions anòmales del fetus
O329;Assistència materna per presentació anòmala del fetus no especificada
O330;Assistència materna per desproporció provocada per deformitat dels ossos pelvians materns
O331;Assistència materna per desproporció provocada per pelvis uniformement reduïda
O332;Assistència materna per desproporció provocada per estenosi de la zona superior de la pelvis
O333;Assistència materna per desproporció provocada per estenosi de la zona inferior de la pelvis
O334;Assistència materna per desproporció d'origen mixt matern i fetal
O335;Assistència materna per desproporció provocada per fetus anormalment gros
O336;Assistència materna per desproporció provocada per fetus hidrocefàlic
O337;Assistència materna per desproporció provocada per altres deformitats fetals
O338;Assistència materna per desproporció d'un altre origen
O339;Assistència materna per desproporció no especificada
O340;Assistència materna per malformació congènita de l'úter
O341;Assistència materna per tumor del cos uterí
O342;Assistència materna provocada per cicatriu uterina de cirurgia prèvia
O343;Assistència materna per incompetència cervical
O344;Assistència materna per altres anomalies del coll uterí
O345;Assistència materna per altres anomalies de l'úter gràvid
O346;Assistència materna per anomalia de la vagina
O347;Assistència materna per anomalia de la vulva i el perineu
O348;Assistència materna per altres anomalies dels òrgans pelvians
O349;Assistència materna per anomalia d'òrgan pelvià no especificada
O350;Assistència materna per malformació del sistema nerviós central del fetus (sospitada)
O351;Assistència materna per anomalia cromosòmica del fetus (sospitada)
O352;Assistència materna per malaltia hereditària del fetus (sospitada)
O353;Assistència materna per dany (sospitat) del fetus per malaltia vírica de la mare
O354;Assistència materna per dany (sospitat) del fetus provocat per l'alcohol
O355;Assistència materna per dany (sospitat) del fetus provocat per drogues
O356;Assistència materna per dany (sospitat) del fetus provocat per radiació
O357;Assistència materna per dany (sospitat) del fetus provocat per altres procediments mèdics
O358;Assistència materna per altres anomalies fetals i danys fetals (sospitats)
O359;Assistència materna per altres anomalies fetals i danys fetals (sospitats) no especificats
O360;Assistència mèdica per isoimmunització rhesus
O361;Assistència materna per altres tipus d'isoimmunització
O362;Assistència materna per hidrop fetal
O363;Assistència materna per signes d'hipòxia fetal
O364;Assistència materna per mort intrauterina
O365;Assistència materna per creixement deficient del fetus sospitada
O366;Assistència materna per creixement excessiu del fetus conegut o sospitat
O367;Assistència materna per fetus viable en embaràs abdominal
O368;Assistència materna per altres problemes fetals especificats
O369;Assistència materna per problema fetal no especificat
O410;Oligohidramni
O411;Infecció del sac àmnic i les membranes àmniques
O418;Altres trastorns especificats del líquid àmnic i les membranes àmniques
O419;Trastorn del líquid àmnic i les membranes àmniques no especificat
O420;Ruptura prematura de les membranes, inici del treball de part durant les 24 hores següents
O421;Ruptura prematura de les membranes, inici del treball de part després de 24 hores
O422;Ruptura prematura de les membranes, treball de part retardat per teràpia
O429;Ruptura prematura de les membranes no especificada
O430;Síndromes de transfusió placentària
O431;Malformació de la placenta
O438;Altres trastorns de la placenta
O439;Trastorn de la placenta no especificat
O440;Placenta prèvia especificada com a sense hemorràgia
O441;Placenta prèvia amb hemorràgia
O450;Despreniment prematur de la placenta amb defecte de la coagulació
O458;Altres tipus de despreniment prematur de la placenta
O459;Despreniment prematur de la placenta no especificat
O460;Hemorràgia prepart amb defecte de la coagulació
O468;Altres tipus d'hemorràgia prepart
O469;Hemorràgia prepart no especificada
O470;Part fals abans de 37 setmanes completes de gestació
O471;Part fals durant o després de 37 setmanes completes de gestació
O479;Part fals no especificat
O600;Treball de part preterme sense part
O601;Treball de part preterme amb part preterme
O602;Treball de part preterme amb part a terme
O610;Inducció mèdica fallida del treball de part
O611;Inducció instrumental fallida del treball de part
O618;Altra inducció del treball de part fallida
O619;Inducció del treball de part fallida no especificada
O620;Contraccions primàries inadequades
O621;Inèrcia uterina secundària
O622;Altres inèrcies uterines
O623;Part precipitat
O624;Contraccions uterines hipertòniques, incoordinades i prolongades
O628;Altres anomalies de les contraccions uterines
O629;Anomalia de les contraccions uterines no especificada
O630;Primer període (dilatació) prolongat (del part)
O631;Segon període (expulsiu) prolongat (del part)
O632;Part retardat del segon bessó, el trigemin, etc.
O639;Part prolongat no especificat
O640;Obstrucció del part provocada per rotació incompleta del cap fetal
O641;Obstrucció del part provocada per presentació de natges
O642;Obstrucció del part provocada per presentació de cara
O643;Obstrucció del part provocada per presentació frontal
O644;Obstrucció del part provocada per presentació d'espatlla
O645;Obstrucció del part provocada per presentació composta
O648;Obstrucció del part provocada per altres situacions i presentacions anòmales del fetus
O649;Obstrucció del part provocada per situació i presentació anòmales del fetus no especificades
O650;Obstrucció del part provocada per deformitat pelviana
O651;Obstrucció del part provocada per pelvis uniformement reduïda
O652;Obstrucció del part provocada per estenosi de la zona superior de la pelvis
O653;Obstrucció del part provocada per estenosi de la zona inferior de la pelvis i estenosi de la zona mitjana de la pelvis
O654;Obstrucció del part provocada per desproporció fetopelviana no especificada
O655;Obstrucció del part provocada per anomalia dels òrgans pelvians materns
O658;Obstrucció del part provocada per altres anomalies pelvianes maternes
O659;Obstrucció del part provocada per anomalia pelviana materna no especificada
O660;Obstrucció del part provocada per distòcia d'espatlla
O661;Obstrucció del part provocada per bessons travats
O662;Obstrucció del part provocada per fetus anormalment gros
O663;Obstrucció del part provocada per altres anomalies del fetus
O664;Intent de part fallit no especificat
O665;Aplicació fallida de fòrceps i extractor de ventosa no especificada
O668;Altres obstruccions del part especificades
O669;Obstrucció del part no especificada
O670;Hemorràgia intrapart amb defecte de la coagulació
O678;Altres tipus d'hemorràgia intrapart
O679;Hemorràgia intrapart no especificada
O680;Treball de part i part complicats per freqüència cardíaca fetal anòmala
O681;Treball de part i part complicats per meconi en el líquid àmnic
O682;Treball de part i part complicats per freqüència cardíaca fetal anòmala amb meconi en el líquid àmnic
O683;Treball de part i part complicats per evidència bioquímica de sofriment fetal
O688;Treball de part i part complicats per altres evidències de sofriment fetal
O689;Treball de part i part complicats per sofriment fetal no especificat
O690;Treball de part i part complicats per prolapse del cordó
O691;Treball de part i part complicats per cordó al voltant del coll, amb compressió
O692;Treball de part i part complicats per altres embulls del cordó
O693;Treball de part i part complicats per cordó curt
O694;Treball de part i part complicats per vasos previs
O695;Treball de part i part complicats per lesió vascular del cordó
O698;Treball de part i part complicats per altres complicacions del cordó
O699;Treball de part i part complicats per complicació de cordó no especificada
O700;Laceració perineal de primer grau durant el part
O701;Laceració perineal de segon grau durant el part
O702;Laceració perineal de tercer grau durant el part
O703;Laceració perineal de quart grau durant el part
O709;Laceració perineal durant el part no especificada
O710;Ruptura de l'úter abans de l'inici del part
O711;Ruptura de l'úter durant el part
O712;Inversió uterina postpart
O713;Laceració obstètrica del coll uterí
O714;Laceració vaginal alta obstètrica, únicament
O715;Altres lesions obstètriques dels òrgans pelvians
O716;Traumatisme obstètric de les articulacions i els lligaments pelvians
O717;Hematoma obstètric de la pelvis
O718;Altres traumatismes obstètrics especificats
O719;Traumatisme obstètric no especificat
O720;Hemorràgia del tercer període
O721;Altres hemorràgies postpart immediates
O722;Hemorràgia postpart retardada i secundària
O723;Defectes de la coagulació postpart
O730;Retenció de placenta sense hemorràgia
O731;Retenció de fragments de placenta i membranes sense hemorràgia
O740;Pneumonitis per aspiració provocada per l'anestèsia durant el treball de part i el part
O741;Altres complicacions pulmonars de l'anestèsia durant el treball de part i el part
O742;Complicacions cardíaques provocades per l'anestèsia durant el treball de part i el part
O743;Complicacions del sistema nerviós central provocades per l'anestèsia durant el treball de part i el part
O744;Reacció tòxica a anestèsia local durant el treball de part i el part
O745;Cefalàlgia induïda per anestèsia espinal i anestèsia epidural durant el treball de part i el part
O746;Altres complicacions de l'anestèsia espinal i l'anestèsia epidural durant el treball de part i el part
O747;Intubació fallida o complicada durant el treball de part i el part
O748;Altres complicacions provocades per l'anestèsia durant el treball de part i el part
O749;Complicació no especificada provocada per l'anestèsia durant el treball de part i el part
O750;Destret matern durant el treball de part i el part
O751;Xoc durant o com a conseqüència del treball de part i el part
O752;Pirèxia durant el treball de part no classificada a cap altre lloc
O753;Altres infeccions durant el treball de part
O754;Altres complicacions de la cirurgia i els procediments obstètrics
O755;Part retardat després de la ruptura artificial de les membranes
O756;Part retardat després de la ruptura espontània o no especificada de les membranes
O757;Part vaginal consecutiu a cesària prèvia
O758;Altres complicacions especificades del treball de part i el part
O759;Complicació del treball de part i el part no especificada
O800;Part espontani amb presentació de vèrtex
O801;Part de natges espontani
O808;Altres parts espontanis d'un únic nadó
O809;Part espontani d'un únic nadó no especificat
O810;Part amb fòrceps baix
O811;Part amb fòrceps mitjà
O812;Part amb fòrceps mitjà amb rotació
O813;Altres parts amb fòrceps i parts amb fòrceps no especificats
O814;Part amb extractor de ventosa
O815;Part mitjançant combinació de fòrceps i extractor de ventosa
O820;Part per cesària electiva
O821;Part per cesària d'urgència
O822;Histerectomia en part per cesària
O828;Altres parts únics per cesària
O829;Part per cesària no especificat
O830;Extracció de natges
O831;Altres parts de natges assistits
O832;Altres parts assistits manualment
O833;Part de fetus viable en embaràs abdominal
O834;Intervenció destructiva per a facilitar el part
O838;Altres parts únics assistits especificats
O839;Part únic assistit no especificat
O840;Part múltiple, tots espontanis
O841;Part múltiple, tots mitjançant fòrceps i extractor de ventosa
O842;Part múltiple, tots per cesària
O848;Altres parts múltiples
O849;Part múltiple no especificat
O860;Infecció de ferida quirúrgica obstètrica
O861;Altres infeccions del tracte genital consecutives al part
O862;Infecció del tracte urinari consecutiva al part
O863;Altres infeccions del tracte genitourinari consecutives al part
O864;Pirèxia d'origen desconegut consecutiva al part
O868;Altres infeccions puerperals especificades
O870;Tromboflebitis superficial en el puerperi
O871;Flebotrombosi profunda en el puerperi
O872;Hemorroides en el puerperi
O873;Trombosi venosa cerebral en el puerperi
O878;Altres complicacions venoses en el puerperi
O879;Complicació venosa en el puerperi no especificada
O880;Embòlia gasosa obstètrica
O881;Embòlia de líquid àmnic
O882;Embòlia obstètrica per coàgul de sang
O883;Embòlia pièmica i sèptica obstètrica
O888;Altres embòlies obstètriques
O890;Complicacions pulmonars de l'anestèsia durant el puerperi
O891;Complicacions cardíaques de l'anestèsia durant el puerperi
O892;Complicacions del sistema nerviós central de l'anestèsia durant el puerperi
O893;Reacció tòxica a anestèsia local durant el puerperi
O894;Cefalàlgia induïda per anestèsia espinal i anestèsia epidural durant el puerperi
O895;Altres complicacions de l'anestèsia espinal i l'anestèsia epidural durant el puerperi
O896;Intubació fallida o complicada durant el puerperi
O898;Altres complicacions de l'anestèsia durant el puerperi
O899;Complicació de l'anestèsia durant el puerperi no especificada
O900;Dehiscència de ferida de cesària
O901;Dehiscència de ferida obstètrica perineal
O902;Hematoma de ferida obstètrica
O903;Miocardiopatia en el puerperi
O904;Fallida renal aguda postpart
O905;Tiroïditis postpart
O908;Altres complicacions del puerperi no classificades a cap altre lloc
O909;Complicació del puerperi no especificada
O910;Infecció del mugró associada al part
O911;Abscés mamari associat al part
O912;Mastitis no purulenta associada al part
O920;Mugró retret associat al part
O921;Mugró clivellat associat al part
O922;Altres trastorns mamaris i trastorns mamaris no especificats associats al part
O923;Agalàctia
O924;Hipogalàctia
O925;Supressió de la lactació
O926;Galactorrea
O927;Altres trastorns i trastorns no especificats de la lactació
O980;Tuberculosi que complica l'embaràs, el part i el puerperi
O981;Sífilis que complica l'embaràs, el part i el puerperi
O982;Gonorrea que complica l'embaràs, el part i el puerperi
O983;Altres infeccions que es transmeten sobretot sexualment i que compliquen l'embaràs, el part i el puerperi
O984;Hepatitis vírica que complica l'embaràs, el part i el puerperi
O985;Altres malalties víriques que compliquen l'embaràs, el part i el puerperi
O986;Protozoosis que compliquen l'embaràs, el part i el puerperi
O988;Altres malalties infeccioses i parasitàries maternes que compliquen l'embaràs, el part i el puerperi
O989;Malalties infeccioses i parasitàries maternes no especificades que compliquen l'embaràs, el part i el puerperi
O990;Anèmia que complica l'embaràs, el part i el puerperi
O991;Altres malalties de la sang i els òrgans hematopoètics i determinats trastorns que impliquen el mecanisme immunitari que compliquen l'embaràs, el part i el puerperi
O992;Malalties endocrines, nutricionals i metabòliques que compliquen l'embaràs, el part i el puerperi
O993;Trastorns mentals i malalties del sistema nerviós que compliquen l'embaràs, el part i el puerperi
O994;Malalties de l'aparell circulatori que compliquen l'embaràs, el part i el puerperi
O995;Malalties de l'aparell respiratori que compliquen l'embaràs, el part i el puerperi
O996;Malalties de l'aparell digestiu que compliquen l'embaràs, el part i el puerperi
O997;Malalties de la pell i el teixit subcutani que compliquen l'embaràs, el part i el puerperi
O998;Altres malalties i afeccions especificades que compliquen l'embaràs, el part i el puerperi
P000;Fetus i nadó afectats per trastorns hipertensius de la mare
P001;Fetus i nadó afectats per malalties renals i del tracte urinari de la mare
P002;Fetus i nadó afectats per malalties infeccioses i parasitàries de la mare
P003;Fetus i nadó afectats per altres malalties de l'aparell circulatori i respiratori de la mare
P004;Fetus i nadó afectats per trastorns nutricionals de la mare
P005;Fetus i nadó afectats per lesió de la mare
P006;Fetus i nadó afectats per intervenció quirúrgica de la mare
P007;Fetus i nadó afectats per altres procediments mèdics de la mare no classificats a cap altre lloc
P008;Fetus i nadó afectats per altres afeccions maternes
P009;Fetus i nadó afectats per afecció materna no especificada
P010;Fetus i nadó afectats per incompetència del coll uterí
P011;Fetus i nadó afectats per ruptura prematura de les membranes
P012;Fetus i nadó afectats per oligohidramni
P013;Fetus i nadó afectats per polihidramni
P014;Fetus i nadó afectats per embaràs ectòpic
P015;Fetus i nadó afectats per embaràs múltiple
P016;Fetus i nadó afectats per mort materna
P017;Fetus i nadó afectats per presentació anòmala abans del treball de part
P018;Fetus i nadó afectats per altres complicacions maternes de l'embaràs
P019;Fetus i nadó afectats per complicacions maternes de l'embaràs no especificades
P020;Fetus i nadó afectats per placenta prèvia
P021;Fetus i nadó afectats per altres formes de despreniment de placenta i hemorràgia
P022;Fetus i nadó afectats per altres anomalies morfològiques i funcionals de placenta i anomalies morfològiques i funcionals de placenta no especificades
P023;Fetus i nadó afectats per síndromes de transfusió placentària entre bessons o un altre tipus de transfusió transplacentària
P024;Fetus i nadó afectats per prolapse de cordó umbilical
P025;Fetus i nadó afectats per altres tipus de compressió del cordó umbilical
P026;Fetus i nadó afectats per altres afeccions del cordó umbilical i afeccions del cordó umbilical no especificades
P027;Fetus i nadó afectats per corioamnionitis
P028;Fetus i nadó afectats per altres anomalies de les membranes
P029;Fetus i nadó afectats per anomalia de les membranes no especificada
P030;Fetus i nadó afectats per part i extracció de natges
P031;Fetus i nadó afectats per altres presentacions anòmales, situacions anòmales i desproporcions durant el treball de part i el part
P032;Fetus i nadó afectats per part amb fòrceps
P033;Fetus i nadó afectats per part mitjançant extractor de ventosa
P034;Fetus i nadó afectats per part amb cesària
P035;Fetus i nadó afectats per part precipitat
P036;Fetus i nadó afectats per contraccions uterines anòmales
P038;Fetus i nadó afectats per altres complicacions del treball de part i el part especificades
P039;Fetus i nadó afectats per complicació del treball de part i el part no especificada
P040;Fetus i nadó afectats per anestèsia i analgèsia de la mare en l'embaràs, el treball de part i el part
P041;Fetus i nadó afectats per altres tipus de medicació de la mare
P042;Fetus i nadó afectats per consum de tabac de la mare
P043;Fetus i nadó afectats per consum d'alcohol de la mare
P044;Fetus i nadó afectats pel consum matern de substàncies addictives
P045;Fetus i nadó afectats per consum matern de substàncies químiques nutricionals
P046;Fetus i nadó afectats per exposició de la mare a substàncies químiques ambientals
P048;Fetus i nadó afectats per altres influències nocives de la mare
P049;Fetus i nadó afectats per influència nociva no especificada de la mare
P050;Fetus que pesa poc en relació amb l'edat gestacional desè percentil per a l'edat gestacional.
P051;Fetus petit en relació amb l'edat gestacional percentil per a l'edat gestacional.
P052;Malnutrició fetal sense menció de fetus que és petit o que pesa poc en relació amb l'edat gestacional
P059;Creixement fetal lent no especificat
P070;Pes extremament baix en néixer
P071;Altres tipus de pes baix en néixer
P072;Immaduresa extrema
P073;Altres nadons preterme
P080;Grandària excepcional del nadó
P081;Altres nadons amb pes excessiu en relació amb l'edat gestacional independentment del temps de gestació.
P082;Nadó postterme sense pes excessiu en relació amb l'edat gestacional completes o més (294 dies o més) sense grandària o pes excessius en relació amb l'edat gestacional
P100;Hemorràgia subdural provocada per lesió durant el part
P101;Hemorràgia cerebral provocada per lesió durant el part
P102;Hemorràgia intraventricular provocada per lesió durant el part
P103;Hemorràgia subaracnoïdal provocada per lesió durant el part
P104;Esquinçament tentorial provocat per lesió durant el part
P108;Altres laceracions i hemorràgies intracranials provocades per lesió durant el part
P109;Laceració i hemorràgia intracranials provocades per lesió durant el part no especificades
P110;Edema cerebral provocat per lesió durant el part
P111;Altres tipus de lesió encefàlica especificada provocada per lesió durant el part
P112;Lesió encefàlica no especificada provocada per lesió durant el part
P113;Lesió de nervi facial durant el part
P114;Lesió d'altres nervis cranials durant el part
P115;Lesió de columna vertebral i medul·la espinal durant el part
P119;Lesió del sistema nerviós central durant el part no especificada
P120;Cefalohematoma provocat per lesió durant el part
P121;Bony provocat per lesió durant el part
P122;Hemorràgia subaponeuròtica epicranial provocada per lesió durant el part
P123;Equimosi del cuir cabellut provocada per lesió durant el part
P124;Lesió del cuir cabellut del nadó per o durant el monitoratge
P128;Altres lesions del cuir cabellut durant el part
P129;Lesió del cuir cabellut durant el part no especificada
P130;Fractura cranial provocada per lesió durant el part
P131;Altres lesions cranials durant el part
P132;Lesió del fèmur durant el part
P133;Lesió d'altres ossos llargs durant el part
P134;Fractura de clavícula provocada per lesió durant el part
P138;Lesions d'altres parts de l'esquelet durant el part
P139;Lesió de l'esquelet durant el part no especificada
P140;Paràlisi d'Erb provocada per lesió durant el part
P141;Paràlisi de Klumpke provocada per lesió durant el part
P142;Paràlisi de nervi frènic provocada per lesió durant el part
P143;Altres lesions de plexe braquial durant el part
P148;Lesions d'altres parts del sistema nerviós perifèric durant el part
P149;Lesió del sistema nerviós perifèric durant el part no especificada
P150;Lesió del fetge durant el part
P151;Lesió de la melsa durant el part
P152;Lesió esternomastoïdal provocada durant el part
P153;Lesió de l'ull durant el part
P154;Lesió de la cara durant el part
P155;Lesió dels genitals externs durant el part
P156;Necrosi de teixit adipós subcutani provocada per lesió durant el part
P158;Altres lesions durant el part especificades
P159;Lesió durant el part no especificada
P200;Hipòxia intrauterina notada per primera vegada abans de l'inici del treball de part
P201;Hipòxia intrauterina notada per primera vegada durant el treball de part i el part
P209;Hipòxia intrauterina no especificada
P210;Asfíxia greu durant el part
P211;Asfíxia lleu i moderada durant el part
P219;Asfíxia durant el part no especificada
P220;Síndrome del destret respiratori del nadó
P221;Taquipnea transitòria del nadó
P228;Altres tipus de destret respiratori del nadó
P229;Destret respiratori del nadó no especificat
P230;Pneumònia congènita provocada per agent víric
P231;Pneumònia congènita provocada per Chlamydia
P232;Pneumònia congènita provocada per estafilococs
P233;Pneumònia congènita provocada per estreptococs, grup B
P234;Pneumònia congènita provocada per Escherichia coli
P235;Pneumònia congènita provocada per Pseudomonas
P236;Pneumònia congènita provocada per altres agents bacterians
P238;Pneumònia congènita provocada per altres microorganismes
P239;Pneumònia congènita no especificada
P240;Aspiració neonatal de meconi
P241;Aspiració neonatal de líquid àmnic i mocs
P242;Aspiració neonatal de sang
P243;Aspiració neonatal de llet i aliments regurgitats
P248;Altres síndromes d'aspiració neonatal
P249;Síndrome no especificada d'aspiració neonatal
P250;Emfisema intersticial originat en el període perinatal
P251;Pneumotòrax originat en el període perinatal
P252;Pneumatomediastí originat en el període perinatal
P253;Pneumatopericardi originat en el període perinatal
P258;Altres afeccions relacionades amb l'emfisema intersticial originades durant el període perinatal
P260;Hemorràgia traqueobronquial originada en el període perinatal
P261;Hemorràgia pulmonar massiva originada en el període perinatal
P268;Altres hemorràgies pulmonars originades en el període perinatal
P269;Hemorràgia pulmonar originada en el període perinatal no especificada
P270;Síndrome de Wilson-Mikity
P271;Displàsia broncopulmonar originada en el període perinatal
P278;Altres malalties respiratòries cròniques originades en el període perinatal
P279;Malaltia respiratòria crònica originada en el període perinatal no especificada
P280;Atelèctasi primària del nadó
P281;Altres atelèctasis del nadó i atelèctasi del nadó no especificada
P282;Atacs cianòtics del nadó
P283;Apnea del son primària del nadó
P284;Altres tipus d'apnees del nadó
P285;Fallida respiratòria del nadó
P288;Altres afeccions respiratòries del nadó especificades
P289;Afecció respiratòria del nadó no especificada
P290;Insuficiència cardíaca neonatal
P291;Arítmia cardíaca neonatal
P292;Hipertensió neonatal
P293;Circulació fetal persistent
P294;Isquèmia miocardíaca transitòria del nadó
P298;Altres trastorns cardiovasculars originats en el període perinatal
P299;Trastorn cardiovascular originat en el període perinatal no especificat
P350;Síndrome rubeolar congènita
P351;Infecció congènita per citomegalovirus
P352;Infecció congènita per herpesvirus [herpes simple]
P353;Hepatitis vírica congènita
P358;Altres malalties víriques congènites
P359;Malaltia vírica congènita no especificada
P360;Septicèmia del nadó causada per estreptococs, grup B
P361;Sèpsia del nadó provocada per altres estreptococs i estreptococs no especificats
P362;Sèpsia del nadó provocada per Staphylococcus aureus
P363;Sèpsia del nadó provocada per altres estafilococs i estafilococs no especificats
P364;Sèpsia del nadó provocada per Escherichia coli
P365;Sèpsia del nadó provocada per anaerobis
P368;Altres tipus de sèpsia bacteriana del nadó
P369;Sèpsia bacteriana del nadó no especificada
P370;Tuberculosi congènita
P371;Toxoplasmosi congènita
P372;Listeriosi neonatal (disseminada)
P373;Paludisme [malària] congènit produït per Plasmodium falciparum
P374;Altres tipus de paludisme [malària] congènit
P375;Candidosi neonatal
P378;Altres malalties infeccioses i parasitàries congènites especificades
P379;Malaltia infecciosa i parasitària congènita no especificada
P390;Mastitis infecciosa neonatal
P391;Conjuntivitis i dacriocistitis neonatals
P392;Infecció intraàmnica del fetus no classificada a cap altre lloc
P393;Infecció neonatal del tracte urinari
P394;Infecció cutània neonatal
P398;Altres infeccions específiques del període perinatal especificades
P399;Infecció específica del període perinatal no especificada
P500;Pèrdua de sang fetal per vasos previs
P501;Pèrdua de sang fetal per ruptura del cordó
P502;Pèrdua de sang fetal per placenta
P503;Hemorràgia entre bessons
P504;Hemorràgia en la circulació materna
P505;Pèrdua de sang fetal per tall del cordó umbilical de l'altre bessó
P508;Altres tipus de pèrdua de sang fetal
P509;Pèrdua de sang fetal no especificada
P510;Hemorràgia umbilical massiva del nadó
P518;Altres tipus d'hemorràgia umbilical del nadó
P519;Hemorràgia umbilical del nadó no especificada
P520;Hemorràgia intraventricular (no traumàtica), grau 1, del fetus i el nadó
P521;Hemorràgia intraventricular (no traumàtica), grau 2, del fetus i el nadó
P522;Hemorràgia intraventricular (no traumàtica), grau 3, del fetus i el nadó
P523;Hemorràgia intraventricular (no traumàtica) del fetus i el nadó no especificada
P524;Hemorràgia intracerebral (no traumàtica) del fetus i el nadó
P525;Hemorràgia subaracnoïdal (no traumàtica) del fetus i el nadó
P526;Hemorràgia cerebel·losa (no traumàtica) i de la fossa posterior del fetus i el nadó
P528;Altres tipus d'hemorràgia intracranial (no traumàtica) del fetus i el nadó
P529;Hemorràgia intracranial (no traumàtica) del fetus i el nadó no especificada
P540;Hematèmesi neonatal
P541;Melena neonatal
P542;Hemorràgia rectal neonatal
P543;Altres tipus d'hemorràgia gastrointestinal neonatal
P544;Hemorràgia suprarenal neonatal
P545;Hemorràgia cutània neonatal
P546;Hemorràgia vaginal neonatal
P548;Altres tipus d'hemorràgia neonatal especificada
P549;Hemorràgia neonatal no especificada
P550;Isoimmunització Rh del fetus i el nadó
P551;Isoimmunització AB0 del fetus i el nadó
P558;Altres tipus de malaltia hemolítica del fetus i el nadó
P559;Malaltia hemolítica del fetus i el nadó no especificada
P560;Hidrop fetal provocat per isoimmunització
P569;Hidrop fetal provocat per altres tipus de malaltia hemolítica i per malaltia hemolítica no especificada
P570;Kernicterus per isoimmunització
P578;Altres tipus de kernicterus especificat
P579;Kernicterus no especificat
P580;Icterícia neonatal provocada per hematoma
P581;Icterícia neonatal provocada per hemorràgia
P582;Icterícia neonatal provocada per infecció
P583;Icterícia neonatal provocada per policitèmia
P584;Icterícia neonatal provocada per toxines o fàrmacs transmesos per la mare o administrats al nadó
P585;Icterícia neonatal provocada per sang materna deglutida
P588;Icterícia neonatal provocada per altres tipus d'hemòlisi excessiva especificada
P589;Icterícia neonatal provocada per hemòlisi excessiva no especificada
P590;Icterícia neonatal associada a part preterme
P591;Síndrome de bilis espessa
P592;Icterícia neonatal per altres tipus de dany hepatocel·lular i dany hepatocel·lular no especificat
P593;Icterícia neonatal per inhibidor de la llet materna
P598;Icterícia neonatal per altres causes especificades
P599;Icterícia neonatal no especificada
P610;Trombocitopènia neonatal transitòria
P611;Policitèmia del nadó
P612;Anèmia de la prematuritat
P613;Anèmia congènita per pèrdua de sang fetal
P614;Altres tipus d'anèmia congènita no classificades a cap altre lloc
P615;Neutropènia neonatal transitòria
P616;Altres tipus de trastorns de la coagulació neonatals transitoris
P618;Altres tipus de trastorns hematològics perinatals especificats
P619;Trastorn hematològic perinatal no especificat
P700;Síndrome del nadó de mare amb diabetis gestacional
P701;Síndrome de l'infant de mare diabètica
P702;Diabetis mellitus neonatal
P703;Hipoglucèmia neonatal iatrogènica
P704;Altres tipus d'hipoglucèmia neonatal
P708;Altres tipus de trastorn transitori del metabolisme dels carbohidrats del fetus i el nadó
P709;Trastorn transitori del metabolisme dels carbohidrats del fetus i el nadó no especificat
P710;Hipocalcèmia del nadó per llet de vaca
P711;Altres tipus d'hipocalcèmia neonatal
P712;Hipomagnesèmia neonatal
P713;Tetània neonatal sense dèficit de magnesi o calci
P714;Hipoparatiroïdisme neonatal transitori
P718;Altres trastorns neonatals transitoris del metabolisme del calci i el magnesi
P719;Trastorn neonatal transitori no especificat del metabolisme del calci i el magnesi
P720;Goll neonatal no classificat a cap altre lloc
P721;Hipertiroïdisme neonatal transitori
P722;Altres trastorns neonatals transitoris de la funció tiroïdal no classificats a cap altre lloc
P728;Altres trastorns endocrins neonatals transitoris especificats
P729;Trastorn endocrí neonatal transitori no especificat
P740;Acidosi metabòlica tardana del nadó
P741;Deshidratació del nadó
P742;Alteracions de l'equilibri de sodi del nadó
P743;Alteracions de l'equilibri de potassi del nadó
P744;Altres alteracions electrolítiques transitòries del nadó
P745;Tirosinèmia transitòria del nadó
P748;Altres alteracions metabòliques transitòries del nadó
P749;Alteració metabòlica transitòria del nadó no especificada
P760;Síndrome del tap de meconi
P761;Ili transitori del nadó
P762;Obstrucció intestinal provocada per llet espessa
P768;Altres tipus d'obstrucció intestinal del nadó especificada
P769;Obstrucció intestinal del nadó no especificada
P780;Perforació intestinal perinatal
P781;Altres tipus de peritonitis neonatal
P782;Hematèmesi i melena neonatals per sang materna deglutida
P783;Diarrea neonatal no infecciosa
P788;Altres trastorns perinatals de l'aparell digestiu especificats
P789;Trastorn perinatal no especificat de l'aparell digestiu el fetus i el nadó
P800;Síndrome de lesió per fred
P808;Altres hipotèrmies del nadó
P809;Hipotèrmia del nadó no especificada
P810;Hipertèrmia ambiental del nadó
P818;Altres alteracions especificades de la regulació de la temperatura en el nadó
P819;Alteració no especificada de la regulació de la temperatura en el nadó
P830;Esclerema dels nadons
P831;Eritema tòxic dels nadons
P832;Hidrop fetal no provocat per malaltia hemolítica
P833;Altres edemes específics del fetus i el nadó i edema específic del fetus i el nadó no especificat
P834;Ingurgitació mamària del nadó
P835;Hidrocele congènita
P836;Pòlip umbilical del nadó
P838;Altres afeccions del tegument específiques del fetus i el nadó especificades
P839;Afecció del tegument específica del fetus i el nadó no especificada
P910;Isquèmia cerebral neonatal
P911;Quists periventriculars adquirits del nadó
P912;Leucomalàcia cerebral neonatal
P913;Irritabilitat cerebral neonatal
P914;Depressió cerebral neonatal
P915;Coma neonatal
P916;Encefalopatia hipòxica isquèmica del nadó
P918;Altres alteracions especificades de l'estat cerebral del nadó
P919;Alteració no especificada de l'estat cerebral del nadó
P920;Vòmits del nadó
P921;Regurgitació i ruminació del nadó
P922;Ingestió lenta del nadó
P923;Subalimentació del nadó
P924;Sobrealimentació del nadó
P925;Dificultat neonatal en l'alletament matern
P928;Altres problemes d'alimentació del nadó
P929;Problema d'alimentació no especificat del nadó
P940;Miastènia greu neonatal transitòria
P941;Hipertonia congènita
P942;Hipotonia congènita
P948;Altres trastorns del to muscular del nadó
P949;Trastorn no especificat del to muscular del nadó
P960;Fallida renal congènita
P961;Símptomes de síndrome d'abstinència neonatal pel consum matern de substàncies addictives
P962;Símptomes de síndrome d'abstinència per ús terapèutic de fàrmacs o drogues en el nadó
P963;Sutures cranials àmplies del nadó
P964;Interrupció de l'embaràs que afecta el fetus i el nadó
P965;Complicacions de procediments intrauterins no classificades a cap altre lloc
P968;Altres afeccions especificades originades en el període perinatal
P969;Afecció originada en el període perinatal no especificada
Q000;Anencefàlia
Q001;Cranioraquísquisi
Q002;Iniencefàlia
Q010;Encefalocele frontal
Q011;Encefalocele nasofrontal
Q012;Encefalocele occipital
Q018;Encefalocele d'altres localitzacions
Q019;Encefalocele no especificada
Q030;Malformacions de l'aqüeducte de Silvi
Q031;Atrèsia dels forats de Magendie i de Luschka
Q038;Altres hidrocefàlies congènites
Q039;Hidrocefàlia congènita no especificada
Q040;Malformacions congènites del cos callós
Q041;Arinencefàlia
Q042;Holoprosencefàlia
Q043;Altres deformitats de reducció de l'encèfal
Q044;Displàsia septoòptica
Q045;Megaloencefàlia
Q046;Quists cerebrals congènits
Q048;Altres malformacions congènites de l'encèfal especificades
Q049;Malformació congènita de l'encèfal no especificada
Q050;Espina bífida cervical amb hidrocefàlia
Q051;Espina bífida toràcica amb hidrocefàlia
Q052;Espina bífida lumbar amb hidrocefàlia
Q053;Espina bífida sacra amb hidrocefàlia
Q054;Espina bífida no especificada amb hidrocefàlia
Q055;Espina bífida cervical sense hidrocefàlia
Q056;Espina bífida toràcica sense hidrocefàlia
Q057;Espina bífida lumbar sense hidrocefàlia
Q058;Espina bífida sacra sense hidrocefàlia
Q059;Espina bífida no especificada
Q060;Amièlia
Q061;Hipoplàsia i displàsia de la medul·la espinal
Q062;Diastematomièlia
Q063;Altres malformacions congènites de la cua de cavall
Q064;Hidromièlia
Q068;Altres malformacions congènites de la medul·la espinal especificades
Q069;Malformació congènita de la medul·la espinal no especificada
Q070;Síndrome d'Arnold-Chiari
Q078;Altres malformacions congènites del sistema nerviós especificades
Q079;Malformació congènita del sistema nerviós no especificada
Q100;Ptosi congènita
Q101;Ectropi congènit
Q102;Entropi congènit
Q103;Altres malformacions congènites de la parpella
Q104;Absència i agènesi de l'aparell lacrimal
Q105;Estenosi i estretor congènites del conducte lacrimal
Q106;Altres malformacions congènites de l'aparell lacrimal
Q107;Malformació congènita de l'òrbita
Q110;Globus ocular quístic
Q111;Altres anoftàlmies
Q112;Microftàlmia
Q113;Macroftàlmia
Q120;Cataracta congènita
Q121;Ectòpia congènita del cristal·lí
Q122;Coloboma del cristal·lí
Q123;Afàquia congènita
Q124;Esferofàquia
Q128;Altres malformacions congènites del cristal·lí
Q129;Malformació congènita del cristal·lí no especificada
Q130;Coloboma de l'iris
Q131;Absència d'iris
Q132;Altres malformacions congènites de l'iris
Q133;Opacitat corneal congènita
Q134;Altres malformacions corneals congènites
Q135;Escleròtica blava
Q138;Altres malformacions congènites del segment anterior de l'ull
Q139;Malformació congènita del segment anterior de l'ull no especificada
Q140;Malformació congènita de l'humor vitri
Q141;Malformació congènita de la retina
Q142;Malformació congènita del disc òptic
Q143;Malformació congènita de la coroide
Q148;Altres malformacions congènites del segment posterior de l'ull
Q149;Malformació congènita del segment posterior de l'ull no especificada
Q150;Glaucoma congènit
Q158;Altres malformacions congènites de l'ull especificades
Q159;Malformació congènita de l'ull no especificada
Q160;Absència congènita de pavelló (orella)
Q161;Absència, atrèsia i estretor congènites del conducte auditiu (extern)
Q162;Absència de la trompa d'Eustaqui
Q163;Malformació congènita dels ossicles de l'orella
Q164;Altres malformacions congènites de l'orella mitjana
Q165;Malformació congènita de l'orella interna
Q169;Malformació congènita de l'orella que deteriora l'audició no especificada
Q170;Pavelló de l'orella accessori
Q171;Macròtia
Q172;Micròtia
Q173;Altres deformitats de l'orella
Q174;Anomalia de posició de l'orella
Q175;Orella prominent
Q178;Altres malformacions congènites de l'orella especificades
Q179;Malformació congènita de l'orella no especificada
Q180;Si, fístula i quist de la fenedura branquial
Q181;Si i quist preauriculars
Q182;Altres malformacions de la fenedura branquial
Q183;Membrana del coll
Q184;Macrostomia
Q185;Microstomia
Q186;Macroquília
Q187;Microquília
Q188;Altres malformacions congènites de la cara i el coll especificades
Q189;Malformació congènita de la cara i el coll no especificada
Q200;Tronc arterial comú
Q201;Ventricle dret amb sortida doble
Q202;Ventricle esquerre amb sortida doble
Q203;Connexió ventriculoarterial discordant
Q204;Ventricle amb entrada doble
Q205;Connexió auriculoventricular discordant
Q206;Isomerisme d'apèndixs auriculars
Q208;Altres malformacions congènites de les cambres cardíaques i les connexions de les cambres cardíaques
Q209;Malformacions congènites de les cambres cardíaques i les connexions de les cambres cardíaques no especificades
Q210;Defecte septal interventricular
Q211;Defecte septal interauricular
Q212;Defecte septal auriculoventricular
Q213;Tetralogia de Fallot
Q214;Defecte septal aorticopulmonar
Q218;Altres malformacions congènites dels septes cardíacs
Q219;Malformació congènita dels septes cardíacs no especificada
Q220;Atrèsia de la vàlvula pulmonar
Q221;Estenosi congènita de la vàlvula pulmonar
Q222;Insuficiència congènita de la vàlvula pulmonar
Q223;Altres malformacions congènites de la vàlvula pulmonar
Q224;Estenosi congènita de la vàlvula tricúspide
Q225;Anomalia d'Ebstein
Q226;Síndrome d'hipoplàsia del cor dret
Q228;Altres malformacions congènites de la vàlvula tricúspide
Q229;Malformació congènita de la vàlvula tricúspide no especificada
Q230;Estenosi congènita de la vàlvula aòrtica
Q231;Insuficiència congènita de la vàlvula aòrtica
Q232;Estenosi mitral congènita
Q233;Insuficiència mitral congènita
Q234;Síndrome d'hipoplàsia del cor esquerre
Q238;Altres malformacions congènites de les vàlvules aòrtica i mitral
Q239;Malformació congènita de les vàlvules aòrtica i mitral no especificada
Q240;Dextrocàrdia
Q241;Levocàrdia
Q242;Cor triauricular
Q243;Estenosi pulmonar infundibular
Q244;Estenosi subaòrtica congènita
Q245;Malformació dels vasos coronaris
Q246;Blocatge cardíac congènit
Q248;Altres malformacions congènites del cor especificades
Q249;Malformació congènita del cor no especificada
Q250;Conducte arteriós permeable
Q251;Coartació de l'aorta
Q252;Atrèsia de l'aorta
Q253;Estenosi de l'aorta
Q254;Altres malformacions congènites de l'aorta
Q255;Atrèsia de l'artèria pulmonar
Q256;Estenosi de l'artèria pulmonar
Q257;Altres malformacions congènites de l'artèria pulmonar
Q258;Altres malformacions congènites de les grans artèries
Q259;Malformació congènita de les grans artèries no especificada
Q260;Estenosi congènita de vena cava
Q261;Vena cava superior esquerra persistent
Q262;Drenatge anòmal total de venes pulmonars
Q263;Drenatge anòmal parcial de venes pulmonars
Q264;Drenatge anòmal de venes pulmonars no especificat
Q265;Drenatge anòmal de vena porta
Q266;Fístula entre artèria hepàtica i vena porta
Q268;Altres malformacions congènites de les grans venes
Q269;Malformació congènita no especificada de gran vena
Q270;Absència i hipoplàsia congènites d'artèria umbilical
Q271;Estenosi congènita d'artèria renal
Q272;Altres malformacions congènites d'artèria renal
Q273;Malformació arteriovenosa perifèrica
Q274;Flebèctasi congènita
Q278;Altres malformacions congènites especificades del sistema vascular perifèric
Q279;Malformació congènita del sistema vascular perifèric no especificada
Q280;Malformació arteriovenosa de vasos precerebrals
Q281;Altres malformacions de vasos precerebrals
Q282;Malformació arteriovenosa de vasos cerebrals
Q283;Altres malformacions de vasos cerebrals
Q288;Altres malformacions congènites de l'aparell circulatori especificades
Q289;Malformació congènita de l'aparell circulatori no especificada
Q300;Atrèsia de coanes
Q301;Agènesi i desenvolupament insuficient del nas
Q302;Fenedura, fissura i escotadura nasal
Q303;Septe nasal perforat congènit
Q308;Altres malformacions congènites del nas
Q309;Malformació congènita del nas no especificada
Q310;Membrana laríngia
Q311;Estenosi subglòtica congènita
Q312;Hipoplàsia laríngia
Q313;Laringocele
Q315;Laringomalàcia congènita
Q318;Altres malformacions congènites de la laringe
Q319;Malformació congènita de la laringe no especificada
Q320;Traqueomalàcia congènita
Q321;Altres malformacions congènites de la tràquea
Q322;Broncomalàcia congènita
Q323;Estenosi bronquial congènita
Q324;Altres malformacions congènites dels bronquis
Q330;Pulmó quístic congènit
Q331;Lòbul pulmonar accessori
Q332;Segrest pulmonar
Q333;Agènesi de pulmó
Q334;Bronquièctasi congènita
Q335;Teixit ectòpic al pulmó
Q336;Hipoplàsia i displàsia de pulmó
Q338;Altres malformacions congènites del pulmó
Q339;Malformació congènita del pulmó no especificada
Q340;Anomalia de la pleura
Q341;Quist mediastínic congènit
Q348;Altres malformacions congènites de l'aparell respiratori especificades
Q349;Malformació congènita de l'aparell respiratori no especificada
Q351;Paladar dur fes
Q353;Paladar tou fes
Q355;Paladar dur fes amb paladar tou fes
Q357;Úvula fesa
Q359;Paladar fes no especificat
Q360;Llavi fes bilateral
Q361;Llavi fes medià
Q369;Llavi fes unilateral
Q370;Paladar dur fes amb llavi fes bilateral
Q371;Paladar dur fes amb llavi fes unilateral
Q372;Paladar tou fes amb llavi fes bilateral
Q373;Paladar tou fes amb llavi fes unilateral
Q374;Paladars dur i tou fesos amb llavi fes bilateral
Q375;Paladars dur i tou fesos amb llavi fes unilateral
Q378;Paladar fes no especificat amb llavi fes bilateral
Q379;Paladar fes no especificat amb llavi fes unilateral
Q380;Malformacions congènites dels llavis no classificades a cap altre lloc
Q381;Anquiloglòssia
Q382;Macroglòssia
Q383;Altres malformacions congènites de la llengua
Q384;Malformacions congènites de les glàndules i els conductes salivals
Q385;Malformacions congènites del paladar no classificades a cap altre lloc
Q386;Altres malformacions congènites de la boca
Q387;Bossa faríngia
Q388;Altres malformacions congènites de la faringe
Q390;Atrèsia esofàgica sense fístula
Q391;Atrèsia esofàgica amb fístula traqueoesofàgica
Q392;Fístula traqueoesofàgica congènita sense atrèsia
Q393;Estenosi i estretor congènites de l'esòfag
Q394;Membrana esofàgica
Q395;Dilatació congènita de l'esòfag
Q396;Diverticle esofàgic
Q398;Altres malformacions congènites de l'esòfag
Q399;Malformació congènita de l'esòfag no especificada
Q400;Estenosi pilòrica hipertròfica congènita
Q401;Hèrnia hiatal congènita
Q402;Altres malformacions congènites de l'estómac especificades
Q403;Malformació congènita de l'estómac no especificada
Q408;Altres malformacions congènites del tub digestiu superior especificades
Q409;Malformació congènita del tub digestiu superior no especificada
Q410;Absència, atrèsia i estenosi congènites de duodè
Q411;Absència, atrèsia i estenosi congènites de jejú
Q412;Absència, atrèsia i estenosi congènites d'ili
Q418;Absència, atrèsia i estenosi congènites d'altres parts especificades de l'intestí prim
Q419;Absència, atrèsia i estenosi congènites de l'intestí prim, part no especificada
Q420;Absència, atrèsia i estenosi congènites de recte amb fístula
Q421;Absència, atrèsia i estenosi congènites de recte sense fístula
Q422;Absència, atrèsia i estenosi congènites d'anus amb fístula
Q423;Absència, atrèsia i estenosi congènites d'anus sense fístula
Q428;Absència, atrèsia i estenosi congènites d'altres parts de l'intestí gros
Q429;Absència, atrèsia i estenosi congènites de l'intestí gros, part no especificada
Q430;Diverticle de Meckel
Q431;Malaltia de Hirschsprung
Q432;Altres trastorns funcionals congènits de còlon
Q433;Malformacions congènites de la fixació intestinal
Q434;Duplicació de l'intestí
Q435;Anus ectòpic
Q436;Fístula congènita del recte i l'anus
Q437;Cloaca persistent
Q438;Altres malformacions congènites de l'intestí especificades
Q439;Malformació congènita de l'intestí no especificada
Q440;Agènesi, aplàsia i hipoplàsia de vesícula biliar
Q441;Altres malformacions congènites de la vesícula biliar
Q442;Atrèsia dels conductes biliars
Q443;Estenosi congènita i estretor dels conductes biliars
Q444;Quist coledòcic
Q445;Altres malformacions congènites dels conductes biliars
Q446;Malaltia quística del fetge
Q447;Altres malformacions congènites del fetge
Q450;Agènesi, aplàsia i hipoplàsia de pàncrees
Q451;Pàncrees anular
Q452;Quist pancreàtic congènit
Q453;Altres malformacions congènites del pàncrees i el conducte pancreàtic
Q458;Altres malformacions congènites de l'aparell digestiu especificades
Q459;Malformació congènita de l'aparell digestiu no especificada
Q500;Absència congènita d'ovari
Q501;Quist ovàric de desenvolupament
Q502;Torsió congènita d'ovari
Q503;Altres malformacions congènites d'ovari
Q504;Quist embrionari de trompa de Fal·lopi
Q505;Quist embrionari de lligament ample
Q506;Altres malformacions congènites de la trompa de Fal·lopi i el lligament ample
Q510;Agènesi i aplàsia uterines
Q511;Duplicació de l'úter amb duplicació del coll uterí i la vagina
Q512;Altres duplicacions de l'úter
Q513;Úter bicorne
Q514;Úter unicorne
Q515;Agènesi i aplàsia de coll uterí
Q516;Quist embrionari de coll uterí
Q517;Fístules congènites entre l'úter i els aparells digestiu i urinari
Q518;Altres malformacions congènites de l'úter i el coll uterí
Q519;Malformació congènita de l'úter i el coll uterí no especificada
Q520;Absència congènita de vagina
Q521;Duplicació de la vagina
Q522;Fístula rectovaginal congènita
Q523;Himen imperforat
Q524;Altres malformacions congènites de la vagina
Q525;Fusió dels llavis vulvars
Q526;Malformació congènita del clítoris
Q527;Altres malformacions congènites de la vulva
Q528;Altres malformacions congènites dels òrgans genitals femenins especificades
Q529;Malformació congènita dels òrgans genitals femenins no especificada
Q530;Testicle ectòpic
Q531;Testicle no descendit unilateral
Q532;Testicle no descendit bilateral
Q539;Testicle no descendit no especificat
Q540;Hipospàdies balànic
Q541;Hipospàdies penià
Q542;Hipospàdies peniscrotal
Q543;Hipospàdies perineal
Q544;Encarcarament congènit del penis
Q548;Altres hipospàdies
Q549;Hipospàdies no especificat
Q550;Absència i aplàsia de testicle
Q551;Hipoplàsia de testicle i escrot
Q552;Altres malformacions congènites de testicle i escrot
Q553;Atrèsia del conducte deferent
Q554;Altres malformacions congènites del conducte deferent, l'epidídim, les vesícules seminals i la pròstata
Q555;Absència i aplàsia congènites de penis
Q556;Altres malformacions congènites del penis
Q558;Altres malformacions congènites dels òrgans genitals masculins especificades
Q559;Malformació congènita d'òrgan genital masculí no especificada
Q560;Hermafroditisme no classificat a cap altre lloc
Q561;Pseudohermafroditisme masculí no classificat a cap altre lloc
Q562;Pseudohermafroditisme femení no classificat a cap altre lloc
Q563;Pseudohermafroditisme no especificat
Q564;Sexe indeterminat no especificat
Q600;Agènesi renal unilateral
Q601;Agènesi renal bilateral
Q602;Agènesi renal no especificada
Q603;Hipoplàsia renal unilateral
Q604;Hipoplàsia renal bilateral
Q605;Hipoplàsia renal no especificada
Q606;Síndrome de Potter
Q610;Quist renal únic congènit
Q611;Ronyó poliquístic autosòmic recessiu
Q612;Ronyó poliquístic autosòmic dominant
Q613;Ronyó poliquístic no especificat
Q614;Displàsia renal
Q615;Ronyó quístic medul·lar
Q618;Altres malaties renals quístiques
Q619;Malaltia renal quística no especificada
Q620;Hidronefrosi congènita
Q621;Atrèsia i estenosi de l'urèter
Q622;Megalourèter congènit
Q623;Altres defectes obstructius de la pelvis renal i l'urèter
Q624;Agènesi d'urèter
Q625;Duplicació de l'urèter
Q626;Malposició de l'urèter
Q627;Reflux vesicoureterorenal congènit
Q628;Altres malformacions congènites de l'urèter
Q630;Ronyó accessori
Q631;Ronyó lobulat, fusionat i de ferradura
Q632;Ronyó ectòpic
Q633;Ronyó gegant i hiperplàstic
Q638;Altres malformacions congènites del ronyó especificades
Q639;Malformació congènita del ronyó no especificada
Q640;Epispàdies
Q641;Extròfia de la bufeta urinària
Q642;Vàlvules uretrals posteriors congènites
Q643;Altres atrèsies i estenosis de la uretra i el coll de la bufeta urinària
Q644;Malformació de l'úrac
Q645;Absència congènita de bufeta urinària i uretra
Q646;Diverticle congènit de la bufeta urinària
Q647;Altres malformacions congènites de la bufeta urinària i la uretra
Q648;Altres malformacions congènites de l'aparell urinari especificades
Q649;Malformació congènita de l'aparell urinari no especificada
Q650;Luxació congènita unilateral del maluc
Q651;Luxació congènita bilateral del maluc
Q652;Luxació congènita del maluc no especificada
Q653;Subluxació congènita unilateral del maluc
Q654;Subluxació congènita bilateral del maluc
Q655;Subluxació congènita del maluc no especificada
Q656;Maluc inestable
Q658;Altres deformitats congènites del maluc
Q659;Deformitat congènita del maluc no especificada
Q660;Talipes equinovar
Q661;Talipes calcaneovar
Q662;Metatars var
Q663;Altres deformitats vares congènites dels peus
Q664;Talipes calcaneovalg
Q665;Peu pla congènit
Q666;Altres deformitats valgues congènites dels peus
Q667;Peu buit
Q668;Altres deformitats congènites dels peus
Q669;Deformitat congènita dels peus no especificada
Q670;Asimetria facial
Q671;Fàcies de compressió
Q672;Dolicocefàlia
Q673;Plagiocefàlia
Q674;Altres deformitats congènites del crani, la cara i la mandíbula
Q675;Deformitat congènita de la columna vertebral
Q676;Pectus excavatum
Q677;Pectus carinatum
Q678;Altres deformitats congènites del tòrax
Q680;Deformitat congènita del múscul esternoclidomastoïdal
Q681;Deformitat congènita de la mà
Q682;Deformitat congènita del genoll
Q683;Arcuació congènita del fèmur
Q684;Arcuació congènita de la tíbia i el peroné
Q685;Arcuació congènita d'ossos llargs de la cama no especificats
Q688;Altres deformitats musculoesquelètiques congènites especificades
Q690;Dit -s de la mà accessori -s
Q691;Polze -s accessori -s
Q692;Dit -s del peu accessori -s
Q699;Polidactília no especificada
Q700;Dits de la mà fusionats
Q701;Dits de la mà palmats
Q702;Dits del peu fusionats
Q703;Dits del peu palmats
Q704;Polisindactília
Q709;Sindactília no especificada
Q710;Absència completa congènita d'extremitat -s superior -s
Q711;Absència congènita de braç i avantbraç amb presència de mà
Q712;Absència congènita d'avantbraç i mà
Q713;Absència congènita de mà i dit -s de la mà
Q714;Defecte de reducció longitudinal del radi
Q715;Defecte de reducció longitudinal del cúbit
Q716;Mà de pinça de cranc
Q718;Altres defectes de reducció d'extremitat -s superior -s
Q719;Defecte de reducció d'extremitat superior no especificat
Q720;Absència completa congènita d'extremitat -s inferior -s
Q721;Absència congènita de cuixa i cama amb presència de peu
Q722;Absència congènita de cama i peu
Q723;Absència congènita de peu i dit -s del peu
Q724;Defecte de reducció longitudinal del fèmur
Q725;Defecte de reducció longitudinal de la tíbia
Q726;Defecte de reducció longitudinal del peroné
Q727;Peu fes
Q728;Altres defectes de reducció d'extremitat -s inferior -s
Q729;Defecte de reducció no especificat d'extremitat inferior
Q730;Absència congènita d'extremitat -s no especificada -es
Q731;Focomèlia d'extremitat -s no especificada -es
Q738;Altres defectes de reducció d'extremitat -s no especificada -es
Q740;Altres malformacions congènites d'extremitat -s superior -s, incloent la cintura escapular
Q741;Malformació congènita del genoll
Q742;Altres malformacions congènites d'extremitat -s inferior -s, incloent la cintura pelviana
Q743;Artrogriposi múltiple congènita
Q748;Altres malformacions congènites especificades d'extremitat -s
Q749;Malformació congènita no especificada d'extremitat -s
Q750;Craniosinostosi
Q751;Disostosi craniofacial
Q752;Hipertelorisme
Q753;Macrocefàlia
Q754;Disostosi mandibulofacial
Q755;Disostosi oculomandibular
Q758;Altres malformacions congènites del crani i els ossos la cara especificades
Q759;Malformació congènita del crani i els ossos de la cara no especificada
Q760;Espina bífida oculta
Q761;Síndrome de Klippel-Feil
Q762;Espondilolistesi congènita
Q763;Escoliosi congènita causada per malformació òssia congènita
Q764;Altres malformacions congènites de la columna vertebral no associades a escoliosi
Q765;Costella cervical
Q766;Altres malformacions congènites de les costelles
Q767;Malformació congènita de l'estern
Q768;Altres malformacions congènites del tòrax ossi
Q769;Malformació congènita del tòrax ossi no especificada
Q770;Acondrogènesi
Q771;Estatura baixa tanatofòrica
Q772;Síndrome de la costella curta
Q773;Condrodisplàsia puntejada
Q774;Acondroplàsia
Q775;Displàsia distròfica
Q776;Displàsia condroectodèrmica
Q777;Displàsia espondiloepifisial
Q778;Altres osteocondrodisplàsies amb defectes de creixement dels ossos tubulars i la columna vertebral
Q779;Osteocondrodisplàsia amb defectes de creixement dels ossos tubulars i la columna vertebral no especificada
Q780;Osteogènesi imperfecta
Q781;Displàsia fibrosa poliostòtica
Q782;Osteopetrosi
Q783;Displàsia diafisial progressiva
Q784;Encondromatosi
Q785;Displàsia metafisial
Q786;Exostosis congènites múltiples
Q788;Altres osteocondrodisplàsies especificades
Q789;Osteocondrodisplàsia no especificada
Q790;Hèrnia diafragmàtica congènita
Q791;Altres malformacions congènites del diafragma
Q792;Exòmfal
Q793;Gastròsquisi
Q794;Síndrome de l'abdomen de pruna
Q795;Altres malformacions congènites de la paret abdominal
Q796;Síndrome d'Ehlers-Danlos
Q798;Altres malformacions congènites del sistema musculoesquelètic
Q799;Malformació congènita del sistema musculoesquelètic no especificada
Q800;Ictiosi vulgar
Q801;Ictiosi lligada al cromosoma X
Q802;Ictiosi laminar
Q803;Eritrodèrmia ictiosiforme congènita ampul·lar
Q804;Fetus arlequí
Q808;Altres ictiosis congènites
Q809;Ictiosi congènita no especificada
Q810;Epidermòlisi ampul·lar simple
Q811;Epidermòlisi ampul·lar letal
Q812;Epidermòlisi ampul·lar distròfica
Q818;Altres epidermòlisis ampul·lars
Q819;Epidermòlisi ampul·lar no especificada
Q820;Limfoedema hereditari
Q821;Xerodèrmia pigmentada
Q822;Mastocitosi
Q823;Incontinència pigmentària
Q824;Displàsia ectodèrmica (anhidròtica)
Q825;Nevus no neoplàstic congènit
Q828;Altres malformacions congènites de la pell especificades
Q829;Malformació congènita de la pell no especificada
Q830;Absència congènita de mama amb absència de mugró
Q831;Mama accessòria
Q832;Absència de mugró
Q833;Mugró accessori
Q838;Altres malformacions congènites de mama
Q839;Malformació congènita de mama no especificada
Q840;Alopècia congènita
Q841;Alteracions morfològiques congènites dels pèls no classificades a cap altre lloc
Q842;Altres malformacions congènites dels pèls
Q843;Anoníquia
Q844;Leuconíquia congènita
Q845;Ungles hipertròfiques i de mida augmentada
Q846;Altres malformacions congènites de les ungles
Q848;Altres malformacions congènites del tegument especificades
Q849;Malformació congènita del tegument no especificada
Q850;Neurofibromatosi (no maligna)
Q851;Esclerosi tuberosa
Q858;Altres facomatosis no classificades a cap altre lloc
Q859;Facomatosis no especificades
Q860;Síndrome de l'alcoholisme fetal (dismòrfica)
Q861;Síndrome de la hidantoïna fetal
Q862;Dismorfisme causat per warfarina
Q868;Altres síndromes de malformacions congènites provocades per causes exògenes conegudes
Q870;Síndromes de malformacions congènites que afecten sobretot l'aparença facial
Q871;Síndromes de malformacions congènites predominantment associades a estatura baixa
Q872;Síndromes de malformacions congènites que predominantment afecten les extremitats
Q873;Síndromes de malformacions congènites que impliquen creixement excessiu precoç
Q874;Síndrome de Marfan
Q875;Altres síndromes de malformacions congènites amb altres canvis esquelètics
Q878;Altres síndromes especificades de malformacions congènites, no classificades a cap altre lloc
Q890;Malformacions congènites de la melsa
Q891;Malformacions congènites de la glàndula suprarenal
Q892;Malformacions congènites d'altres glàndules endocrines
Q893;Situs inversus
Q894;Bessons units
Q897;Malformacions congènites múltiples no classificades a cap altre lloc
Q898;Altres malformacions congènites especificades
Q899;Malformació congènita no especificada
Q900;Trisomia 21, per falta de disjunció meiòtica
Q901;Trisomia 21, mosaïcisme (per falta de disjunció mitòtica)
Q902;Trisomia 21, translocació
Q909;Síndrome de Down no especificada
Q910;Trisomia 18, per falta de disjunció meiòtica
Q911;Trisomia 18, mosaïcisme (per falta de disjunció mitòtica)
Q912;Trisomia 18, translocació
Q913;Síndrome d'Edwards no especificada
Q914;Trisomia 13, per falta de disjunció meiòtica
Q915;Trisomia 13, mosaïcisme (per falta de disjunció mitòtica)
Q916;Trisomia 13, translocació
Q917;Síndrome de Patau no especificada
Q920;Trisomia completa de cromosoma, per falta de disjunció meiòtica
Q921;Trisomia completa de cromosoma, mosaïcisme (per falta de disjunció mitòtica)
Q922;Trisomia parcial major
Q923;Trisomia parcial menor
Q924;Duplicacions que només es veuen a la prometafase
Q925;Duplicacions amb altres reordenacions complexes
Q926;Cromosomes marcadors suplementaris
Q927;Triploïdia i poliploïdia
Q928;Altres trisomies i trisomies parcials dels autosomes especificades
Q929;Trisomia i trisomia parcial dels autosomes no especificades
Q930;Monosomia completa de cromosoma, per falta de disjunció meiòtica
Q931;Monosomia completa de cromosoma, mosaïcisme (per falta de disjunció mitòtica)
Q932;Cromosoma substituït per un cromosoma anular o dicèntric
Q933;Deleció del braç curt del cromosoma 4
Q934;Deleció del braç curt del cromosoma 5
Q935;Altres delecions de part d'un cromosoma
Q936;Delecions que només es veuen a la prometafase
Q937;Delecions amb altres reordenacions complexes
Q938;Altres delecions dels autosomes
Q939;Deleció dels autosomes no especificada
Q950;Translocació equilibrada i inserció en individu sense patologia
Q951;Inversió cromosòmica en individu sense patologia
Q952;Reordenació autosòmica equilibrada en individu amb patologia
Q953;Translocació equilibrada entre un gonosoma i un autosoma en un individu amb patologia
Q954;Individus amb polimorfismes en l'heterocromatina
Q955;Individus amb localització fràgil autosòmica
Q958;Altres reordenacions equilibrades i marcadors estructurals
Q959;Reordenació equilibrada i marcador estructural no especificats
Q960;Cariotip 45,X
Q961;Cariotip 46,X isocromosoma (Xq)
Q962;Cariotip 46,X amb sexe cromosòmic anòmal, excepte isocromosoma (Xq)
Q963;Mosaïcisme 45,X/46,XX o XY
Q964;Mosaïcisme 45,X / altres línies cel·lulars amb sexe cromosòmic anòmal
Q968;Altres variants de la síndrome de Turner
Q969;Síndrome de Turner no especificada
Q970;Cariotip 47,XXX
Q971;Dona amb més de tres cromosomes X
Q972;Mosaïcisme, línies amb diversos nombres de cromosomes X
Q973;Dona amb cariotip 46,XY
Q978;Altres anomalies del sexe cromosòmic especificades, fenotip femení
Q979;Anomalia del sexe cromosòmic, fenotip femení, no especificada
Q980;Síndrome de Klinefelter amb cariotip 47,XXY
Q981;Síndrome de Klinefelter, home amb més de dos cromosomes X
Q982;Síndrome de Klinefelter, home amb cariotip 46,XX
Q983;Altres homes amb cariotip 46,XX
Q984;Síndrome de Klinefelter no especificada
Q985;Cariotip 47,XYY
Q986;Home amb sexe cromosòmic estructuralment anòmal
Q987;Home amb mosaïcisme del sexe cromosòmic
Q988;Altres anomalies del sexe cromosòmic especificades, fenotip masculí
Q989;Anomalia del sexe cromosòmic, fenotip masculí, no especificada
Q990;46,XX/46,XY quimera
Q991;46,XX hermafrodita veritable
Q992;Cromosoma X fràgil
Q998;Altres anomalies cromosòmiques especificades
Q999;Anomalia cromosòmica no especificada
R000;Taquicàrdia no especificada
R001;Bradicàrdia no especificada
R002;Palpitacions
R008;Altres anomalies de batec cardíac i anomalies de batec cardíac no especificades
R010;Bufs cardíacs benignes i innocents
R011;Buf cardíac no especificat
R012;Altres sorolls cardíacs
R030;Lectura de tensió arterial alta sense diagnòstic d'hipertensió
R031;Lectura de tensió arterial baixa no especificada
R040;Epistaxi
R041;Hemorràgia de faringe
R042;Hemoptisi
R048;Hemorràgia en altres localitzacions de les vies respiratòries
R049;Hemorràgia de les vies respiratòries no especificada
R060;Dispnea
R061;Estridor
R062;Sibilacions
R063;Respiració periòdica
R064;Hiperventilació
R065;Respiració per la boca
R066;Singlot
R067;Esternuts
R068;Altres anomalies de la respiració i anomalies de la respiració no especificades
R070;Dolor de faringe
R071;Dolor toràcic en la respiració
R072;Dolor precordial
R073;Altres dolors toràcics
R074;Dolor toràcic no especificat
R090;Asfíxia
R091;Pleuresia
R092;Aturada respiratòria
R093;Esput anòmal
R098;Altres símptomes i signes que afecten l'aparell circulatori i l'aparell respiratori
R100;Abdomen agut
R101;Dolor localitzat a la part superior de l'abdomen
R102;Dolor pelvià i perineal
R103;Dolor localitzat a altres parts inferiors de l'abdomen
R104;Altres dolors abdominals i dolors abdominals no especificats
R160;Hepatomegàlia no classificada a cap altre lloc
R161;Esplenomegàlia no classificada a cap altre lloc
R162;Hepatomegàlia amb esplenomegàlia no classificada a cap altre lloc
R190;Tumefacció, massa o bony intraabdominals i pelvians
R191;Sorolls intestinals anòmals
R192;Peristaltisme visible
R193;Contractura abdominal
R194;Canvi d'hàbits intestinals
R195;Altres anomalies fecals
R196;Halitosi
R198;Altres símptomes i signes especificats que afecten l'aparell digestiu i l'abdomen
R200;Anestèsia cutània
R201;Hipoestèsia cutània
R202;Parestèsia cutània
R203;Hiperestèsia
R208;Altres alteracions de sensibilitat cutània i alteracions de sensibilitat cutània no especificades
R220;Tumefacció, massa o bony localitzats al cap
R221;Tumefacció, massa o bony localitzats al coll
R222;Tumefacció, massa o bony localitzats al tronc
R223;Tumefacció, massa o bony localitzats a l'extremitat superior
R224;Tumefacció, massa o bony localitzats a l'extremitat inferior
R227;Tumefacció, massa o bony localitzats a múltiples localitzacions
R229;Tumefacció, massa o bony localitzats no especificats
R230;Cianosi
R231;Pal·lidesa
R232;Enrojolament
R233;Equimosis espontànies
R234;Canvis en la textura de la pell
R238;Altres canvis a la pell i canvis a la pell no especificats musculoesquelètic
R250;Moviments del cap anòmals
R251;Tremolor no especificat
R252;Rampa i espasme
R253;Fasciculació
R258;Altres moviments involuntaris anòmals i moviments involuntaris anòmals no especificats
R260;Marxa atàctica
R261;Marxa paralítica
R262;Dificultat per a caminar no classificada a cap altre lloc
R268;Altres anomalies de la marxa i la mobilitat i anomalies de la marxa i la mobilitat no especificades
R270;Atàxia no especificada
R278;Altres faltes de coordinació i faltes de coordinació no especificades
R290;Tetània
R291;Meningisme
R292;Reflex anòmal
R293;Postura anòmala
R294;Clic de maluc
R296;Tendència a caure no classificada a cap altre lloc
R298;Altres símptomes i signes que afecten el sistema nerviós i el sistema musculoesquelètic, i símptomes i signes que afecten el sistema nerviós i el sistema musculoesquelètic no especificats
R300;Disúria
R301;Tenesme vesical
R309;Micció dolorosa no especificada
R390;Extravasació d'orina
R391;Altres dificultats en la micció
R392;Urèmia extrarenal
R398;Altres símptomes i signes que afecten l'aparell urinari i símptomes i signes que afecten l'aparell urinari no especificats
R400;Somnolència
R401;Estupor
R402;Coma no especificat
R410;Desorientació no especificada
R411;Amnèsia anterògrada
R412;Amnèsia retrògrada
R413;Altres tipus d'amnèsia
R418;Altres símptomes i signes que afecten les funcions cognitives i la consciència, i símptomes i signes que afecten les funcions cognitives i la consciència no especificats
R430;Anòsmia
R431;Paròsmia
R432;Paragèusia
R438;Altres alteracions de l'olfacte i el gust i alteracions de l'olfacte i el gust no especificades
R440;Al·lucinacions auditives
R441;Al·lucinacions visuals
R442;Altres al·lucinacions
R443;Al·lucinacions no especificades
R448;Altres símptomes i signes que afecten les percepcions i les sensacions generals, i símptomes i signes que afecten les percepcions i les sensacions generals no especificats
R450;Nerviosisme
R451;Agitació i agitació psicomotora
R452;Infelicitat
R453;Desmoralització i apatia
R454;Irritabilitat i còlera
R455;Hostilitat
R456;Violència física
R457;Estat de xoc i d'estrès emocionals no especificats
R458;Altres símptomes i signes que afecten l'estat emocional
R460;Nivell molt baix d'higiene personal
R461;Aparença personal extravagant
R462;Comportament estrany i inexplicable
R463;Hiperactivitat
R464;Lentitud i poca capacitat de resposta
R465;Suspicàcia i comportament evasiu accentuat
R466;Preocupació excessiva en situacions de molta tensió (estrès)
R467;Verborrea i detalls excessius per a evitar la causa de visita mèdica
R468;Altres símptomes i signes que afecten l'aparença i el comportament
R470;Disfàsia i afàsia
R471;Disàrtria i anàrtria
R478;Altres alteracions de la parla i alteracions de la parla no especificades
R480;Dislèxia i alèxia
R481;Agnòsia
R482;Apràxia
R488;Altres disfuncions simbòliques i disfuncions simbòliques no especificades
R490;Disfonia
R491;Afonia
R492;Hipernasalitat i hiponasalitat
R498;Altres alteracions de la veu i alteracions de la veu no especificades
R502;Febre induïda per fàrmacs
R508;Altres febres especificades
R509;Febre no especificada
R520;Dolor agut
R521;Dolor crònic no tractable
R522;Altres dolors crònics
R529;Dolor no especificat
R560;Convulsions febrils
R568;Altres convulsions i convulsions no especificades
R570;Xoc cardiogènic
R571;Xoc hipovolèmic
R578;Altres tipus de xoc
R579;Xoc no especificat
R590;Adenopatia localitzada
R591;Adenopatia generalitzada
R599;Adenopatia no especificada
R600;Edema localitzat
R601;Edema generalitzat
R609;Edema no especificat
R610;Hiperhidrosi localitzada
R611;Hiperhidrosi generalitzada
R619;Hiperhidrosi no especificada
R620;Fites endarrerides
R628;Altres faltes de desenvolupament fisiològic normal esperat
R629;Falta de desenvolupament fisiològic normal esperat no especificada
R630;Anorèxia
R631;Polidípsia
R632;Polifàgia
R633;Dificultats i mal manejament de l'alimentació
R634;Pèrdua anòmala de pes
R635;Augment anòmal de pes
R638;Altres símptomes i signes que afecten la ingestió de menjar i líquids
R680;Hipotèrmia no associada a temperatura baixa de l'entorn
R681;Símptomes exclusius de la infància no especificats
R682;Xerostomia no especificada
R683;Acropàquia
R688;Altres símptomes i signes generals especificats
R700;Velocitat elevada de sedimentació eritrocítica
R701;Viscositat anòmala de plasma
R730;Test de tolerància a la glucosa anòmal
R739;Hiperglucèmia no especificada
R740;Elevació dels nivells de transaminasa o lactat-deshidrogenasa [LDH]
R748;Nivells anòmals d'altres enzims sèrics
R749;Nivells anòmals d'enzims sèrics no especificats
R760;Augment del títol d'anticossos
R761;Reacció anòmala a la prova de la tuberculina
R762;Prova serològica de sífilis positiva falsa
R768;Altres resultats immunològics anòmals en sèrum especificats
R769;Resultat immunològic anòmal en sèrum no especificat
R770;Anomalia de l'albúmina
R771;Anomalia de la globulina
R772;Anomalia de l'alfafetoproteïna
R778;Altres anomalies de les proteïnes plasmàtiques especificades
R779;Anomalia de les proteïnes plasmàtiques no especificada
R780;Resultats d'alcohol en sang
R781;Resultats d'opiacis en sang
R782;Resultats de cocaïna en sang
R783;Resultats d'al·lucinògens en sang
R784;Resultats d'altres drogues amb potencial addictiu en sang
R785;Resultats de psicòtrops en sang
R786;Resultats d'esteroides en sang
R787;Resultat de nivells anòmals de metalls pesants en sang
R788;Resultats d'altres substàncies especificades que normalment no es troben en sang
R789;Resultats de substàncies no especificades que normalment no es troben en sang
R790;Nivell anòmal de minerals en sang
R798;Altres resultats anòmals en la composició química de la sang especificats
R799;Resultat anòmal en la composició química de la sang no especificat
R820;Quilúria
R821;Mioglobinúria
R822;Biliúria
R823;Hemoglobinúria
R824;Acetonúria
R825;Nivells elevats en orina de drogues, fàrmacs i productes biològics
R826;Nivells anòmals de substàncies principalment no medicinals en orina en relació amb la seva procedència
R827;Resultats anòmals en l'anàlisi microbiològica d'orina
R828;Resultats anòmals en l'anàlisi citològica i histològica d'orina
R829;Altres resultats anòmals en orina i resultats anòmals en orina no especificats
R830;Resultats anòmals en líquid cefaloraquidi: Nivell anòmal d'enzims
R831;Resultats anòmals en líquid cefaloraquidi: Nivell anòmal d'hormones
R832;Resultats anòmals en líquid cefaloraquidi: Nivell anòmal d'altres drogues, fàrmacs i productes biològics
R833;Resultats anòmals en líquid cefaloraquidi: Nivell anòmal de substàncies principalment no medicinals en relació amb la seva procedència
R834;Resultats anòmals en líquid cefaloraquidi: Resultats immunològics anòmals
R835;Resultats anòmals en líquid cefaloraquidi: Resultats microbiològics anòmals
R836;Resultats anòmals en líquid cefaloraquidi: Resultats citològics anòmals
R837;Resultats anòmals en líquid cefaloraquidi: Resultats histològics anòmals
R838;Resultats anòmals en líquid cefaloraquidi: Altres resultats anòmals
R839;Resultats anòmals en líquid cefaloraquidi: Resultats anòmals no especificats
R840;Resultats anòmals en espècimens d'òrgans respiratoris i de tòrax: Nivell anòmal d'enzims
R841;Resultats anòmals en espècimens d'òrgans respiratoris i de tòrax: Nivell anòmal d'hormones
R842;Resultats anòmals en espècimens d'òrgans respiratoris i de tòrax: Nivell anòmal d'altres drogues, fàrmacs i productes biològics
R843;Resultats anòmals en espècimens d'òrgans respiratoris i de tòrax: Nivell anòmal de substàncies principalment no medicinals en relació amb la seva procedència
R844;Resultats anòmals en espècimens d'òrgans respiratoris i de tòrax: Resultats immunològics anòmals
R845;Resultats anòmals en espècimens d'òrgans respiratoris i de tòrax: Resultats microbiològics anòmals
R846;Resultats anòmals en espècimens d'òrgans respiratoris i de tòrax: Resultats citològics anòmals
R847;Resultats anòmals en espècimens d'òrgans respiratoris i de tòrax: Resultats histològics anòmals
R848;Resultats anòmals en espècimens d'òrgans respiratoris i de tòrax: Altres resultats anòmals
R849;Resultats anòmals en espècimens d'òrgans respiratoris i de tòrax: Resultats anòmals no especificats
R850;Resultats anòmals en espècimens d'òrgans digestius i de cavitat abdominal: Nivell anòmal d'enzims
R851;Resultats anòmals en espècimens d'òrgans digestius i de cavitat abdominal: Nivell anòmal d'hormones
R852;Resultats anòmals en espècimens d'òrgans digestius i de cavitat abdominal: Nivell anòmal d'altres drogues, fàrmacs i productes biològics
R853;Resultats anòmals en espècimens d'òrgans digestius i de cavitat abdominal: Nivell anòmal de substàncies principalment no medicinals en relació amb la seva procedència
R854;Resultats anòmals en espècimens d'òrgans digestius i de cavitat abdominal: Resultats immunològics anòmals
R855;Resultats anòmals en espècimens d'òrgans digestius i de cavitat abdominal: Resultats microbiològics anòmals
R856;Resultats anòmals en espècimens d'òrgans digestius i de cavitat abdominal: Resultats citològics anòmals
R857;Resultats anòmals en espècimens d'òrgans digestius i de cavitat abdominal: Resultats histològics anòmals
R858;Resultats anòmals en espècimens d'òrgans digestius i de cavitat abdominal: Altres resultats anòmals
R859;Resultats anòmals en espècimens d'òrgans digestius i de cavitat abdominal: Resultats anòmals no especificats
R860;Resultats anòmals en espècimens d'òrgans genitals masculins: Nivell anòmal d'enzims
R861;Resultats anòmals en espècimens d'òrgans genitals masculins: Nivell anòmal d'hormones
R862;Resultats anòmals en espècimens d'òrgans genitals masculins: Nivell anòmal d'altres drogues, fàrmacs i productes biològics
R863;Resultats anòmals en espècimens d'òrgans genitals masculins: Nivell anòmal de substàncies principalment no medicinals en relació amb la seva procedència
R864;Resultats anòmals en espècimens d'òrgans genitals masculins: Resultats immunològics anòmals
R865;Resultats anòmals en espècimens d'òrgans genitals masculins: Resultats microbiològics anòmals
R866;Resultats anòmals en espècimens d'òrgans genitals masculins: Resultats citològics anòmals
R867;Resultats anòmals en espècimens d'òrgans genitals masculins: Resultats histològics anòmals
R868;Resultats anòmals en espècimens d'òrgans genitals masculins: Altres resultats anòmals
R869;Resultats anòmals en espècimens d'òrgans genitals masculins: Resultats anòmals no especificats
R870;Resultats anòmals en espècimens d'òrgans genitals femenins: Nivell anòmal d'enzims
R871;Resultats anòmals en espècimens d'òrgans genitals femenins: Nivell anòmal d'hormones
R872;Resultats anòmals en espècimens d'òrgans genitals femenins: Nivell anòmal d'altres drogues, fàrmacs i productes biològics
R873;Resultats anòmals en espècimens d'òrgans genitals femenins: Nivell anòmal de substàncies principalment no medicinals en relació amb la seva procedència
R874;Resultats anòmals en espècimens d'òrgans genitals femenins: Resultats immunològics anòmals
R875;Resultats anòmals en espècimens d'òrgans genitals femenins: Resultats microbiològics anòmals
R876;Resultats anòmals en espècimens d'òrgans genitals femenins: Resultats citològics anòmals
R877;Resultats anòmals en espècimens d'òrgans genitals femenins: Resultats histològics anòmals
R878;Resultats anòmals en espècimens d'òrgans genitals femenins: Altres resultats anòmals
R879;Resultats anòmals en espècimens d'òrgans genitals femenins: Resultats anòmals no especificats
R890;Resultats anòmals en espècimens d'altres òrgans, aparells, sistemes i teixits: Nivell anòmal d'enzims
R891;Resultats anòmals en espècimens d'altres òrgans, aparells, sistemes i teixits: Nivell anòmal d'hormones
R892;Resultats anòmals en espècimens d'altres òrgans, aparells, sistemes i teixits: Nivell anòmal d'altres drogues, fàrmacs i productes biològics
R893;Resultats anòmals en espècimens d'altres òrgans, aparells, sistemes i teixits: Nivell anòmal de substàncies principalment no medicinals en relació amb la seva procedència
R894;Resultats anòmals en espècimens d'altres òrgans, aparells, sistemes i teixits: Resultats immunològics anòmals
R895;Resultats anòmals en espècimens d'altres òrgans, aparells, sistemes i teixits: Resultats microbiològics anòmals
R896;Resultats anòmals en espècimens d'altres òrgans, aparells, sistemes i teixits: Resultats citològics anòmals
R897;Resultats anòmals en espècimens d'altres òrgans, aparells, sistemes i teixits: Resultats histològics anòmals
R898;Resultats anòmals en espècimens d'altres òrgans, aparells, sistemes i teixits: Altres resultats anòmals
R899;Resultats anòmals en espècimens d'altres òrgans, aparells, sistemes i teixits: Resultats anòmals no especificats
R900;Lesió que ocupa espai intracranial
R908;Altres resultats anòmals en diagnòstic per la imatge del sistema nerviós central
R930;Resultats anòmals en diagnòstic per la imatge de crani i cap no classificats a cap altre lloc
R931;Resultats anòmals en diagnòstic per la imatge de cor i circulació coronària
R932;Resultats anòmals en diagnòstic per la imatge de fetge i tracte biliar
R933;Resultats anòmals en diagnòstic per la imatge d'altres parts del tub digestiu
R934;Resultats anòmals en diagnòstic per la imatge d'òrgans urinaris
R935;Resultats anòmals en diagnòstic per la imatge d'altres regions abdominals, incloent el retroperitoneu
R936;Resultats anòmals en diagnòstic per la imatge d'extremitats
R937;Resultats anòmals en diagnòstic per la imatge d'altres parts del sistema musculoesquelètic
R938;Resultats anòmals en diagnòstic per la imatge d'altres estructures corporals especificades
R940;Resultats anòmals d'estudis funcionals del sistema nerviós central
R941;Resultats anòmals d'estudis funcionals del sistema nerviós perifèric i els sentits especials
R942;Resultats anòmals d'estudis funcionals pulmonars
R943;Resultats anòmals d'estudis funcionals cardiovasculars
R944;Resultats anòmals d'estudis funcionals renals
R945;Resultats anòmals d'estudis funcionals hepàtics
R946;Resultats anòmals d'estudis funcionals tiroïdals
R947;Resultats anòmals d'altres estudis funcionals endocrins
R948;Resultats anòmals d'estudis funcionals d'altres òrgans, aparells i sistemes
R960;Mort instantània
R961;Mort abans que hagin transcorregut 24 hores de l'aparició dels símptomes, no explicada de cap altra manera
S000;Lesió superficial de cuir cabellut
S001;Contusió de parpella i àrea periocular
S002;Altres lesions superficials de parpella i àrea periocular
S003;Lesió superficial de nas
S004;Lesió superficial d'orella
S005;Lesió superficial de llavi i cavitat oral
S007;Lesions superficials múltiples de cap
S008;Lesió superficial d'altres parts del cap
S009;Lesió superficial de cap, part no especificada
S010;Ferida oberta de cuir cabellut
S011;Ferida oberta de parpella i àrea periocular conductes lacrimals o sense
S012;Ferida oberta de nas
S013;Ferida oberta d'orella
S014;Ferida oberta de galta i àrea temporomandibular
S015;Ferida oberta de llavi i cavitat oral
S017;Ferides obertes múltiples de cap
S018;Ferida oberta d'altres parts del cap
S019;Ferida oberta de cap, part no especificada
S020;Fractura de volta del crani
S0200;Fractura de volta del crani tancada
S0201;Fractura de volta del crani oberta
S021;Fractura de base del crani
S0210;Fractura de base del crani tancada
S0211;Fractura de base del crani oberta
S022;Fractura d'ossos nasals
S0220;Fractura d'ossos nasals tancada
S0221;Fractura d'ossos nasals oberta
S023;Fractura de sòl de l'òrbita
S0230;Fractura de sòl de l'òrbita tancada
S0231;Fractura de sòl de l'òrbita oberta
S024;Fractura d'ossos zigomàtic i maxil·lar superior
S0240;Fractura d'ossos zigomàtic i maxil·lar superior tancada
S0241;Fractura d'ossos zigomàtic i maxil·lar superior oberta
S025;Fractura de dent
S0250;Fractura de dent tancada
S0251;Fractura de dent oberta
S026;Fractura de mandíbula
S0260;Fractura de mandíbula tancada
S0261;Fractura de mandíbula oberta
S027;Fractures múltiples que afecten ossos del crani i la cara
S0270;Fractures múltiples que afecten ossos del crani i la cara tancada
S0271;Fractures múltiples que afecten ossos del crani i la cara oberta
S028;Fractura d'altres ossos del crani i la cara
S0280;Fractura d'altres ossos del crani i la cara tancada
S0281;Fractura d'altres ossos del crani i la cara oberta
S029;Fractura d'ossos del crani i la cara, part no especificada
S0290;Fractura d'ossos del crani i la cara, part no especificada tancada
S0291;Fractura d'ossos del crani i la cara, part no especificada oberta
S030;Luxació de mandíbula
S031;Luxació de cartílag del septe nasal
S032;Luxació de dent
S033;Luxació d'altres parts del peu i luxació de parts del peu no especificades
S034;Esquinç i distensió de mandíbula
S035;Esquinç i distensió d'articulacions i lligaments d'altres parts del cap, i esquinç i distensió d'articulacions i lligaments de parts del cap no especificades
S040;Lesió de nervi òptic i vies òptiques
S041;Lesió de nervi motor ocular comú
S042;Lesió de nervi patètic
S043;Lesió de nervi trigemin
S044;Lesió de nervi motor ocular extern
S045;Lesió de nervi facial
S046;Lesió de nervi auditiu
S047;Lesió de nervi espinal
S048;Lesió d'altres nervis cranials
S049;Lesió de nervi cranial no especificat
S050;Lesió de conjuntiva i abrasió corneal, sense menció de cos estrany
S051;Contusió de globus ocultar i teixits orbitaris
S052;Laceració i ruptura oculars amb prolapse o pèrdua de teixit intraocular
S053;Laceració ocular sense prolapse o pèrdua de teixit intraocular
S054;Ferida penetrant d'òrbita amb cos estrany o sense de l'òrbita (H05.5)
S055;Ferida penetrant de globus ocular amb cos estrany
S056;Ferida penetrant de globus ocular sense cos estrany
S057;Avulsió d'ull
S058;Altres lesions d'ull i òrbita
S059;Lesió d'ull i òrbita no especificada
S060;Commoció
S0600;Commoció sense ferida intracranial oberta
S0601;Commoció amb ferida intracranial oberta
S061;Edema cerebral traumàtic
S0610;Edema cerebral traumàtic sense ferida intracranial oberta
S0611;Edema cerebral traumàtic amb ferida intracranial oberta
S062;Lesió encefàlica difusa
S0620;Lesió encefàlica difusa sense ferida intracranial oberta
S0621;Lesió encefàlica difusa amb ferida intracranial oberta
S063;Lesió encefàlica focal
S0630;Lesió encefàlica focal sense ferida intracranial oberta
S0631;Lesió encefàlica focal amb ferida intracranial oberta
S064;Hemorràgia epidural
S0640;Hemorràgia epidural sense ferida intracranial oberta
S0641;Hemorràgia epidural amb ferida intracranial oberta
S065;Hemorràgia subdural traumàtica
S0650;Hemorràgia subdural traumàtica sense ferida intracranial oberta
S0651;Hemorràgia subdural traumàtica amb ferida intracranial oberta
S066;Hemorràgia subaracnoïdal traumàtica
S0660;Hemorràgia subaracnoïdal traumàtica sense ferida intracranial oberta
S0661;Hemorràgia subaracnoïdal traumàtica amb ferida intracranial oberta
S067;Lesió intracranial amb coma prolongat
S0670;Lesió intracranial amb coma prolongat sense ferida intracranial oberta
S0671;Lesió intracranial amb coma prolongat amb ferida intracranial oberta
S068;Altres lesions intracranials
S0680;Altres lesions intracranials sense ferida intracranial oberta
S0681;Altres lesions intracranials amb ferida intracranial oberta
S069;Lesió intracranial no especificada
S0690;Lesió intracranial no especificada sense ferida intracranial oberta
S0691;Lesió intracranial no especificada amb ferida intracranial oberta
S070;Lesió per esclafament de cara
S071;Lesió per esclafament de crani
S078;Lesió per esclafament d'altres parts del cap
S079;Lesió per esclafament de cap, part no especificada
S080;Avulsió de cuir cabellut
S081;Amputació traumàtica d'orella
S088;Amputació traumàtica d'altres parts del cap
S089;Amputació traumàtica de part del cap no especificada
S090;Lesió de vasos sanguinis del cap no classificada a cap altre lloc
S091;Lesió de múscul i tendó del cap
S092;Ruptura traumàtica de timpà
S097;Lesions múltiples de cap
S098;Altres lesions de cap especificades
S099;Lesió de cap no especificada
S100;Contusió de gola
S101;Altres lesions superficials de gola i lesions superficials de gola no especificades
S107;Lesions superficials múltiples de coll
S108;Lesió superficial d'altres parts del coll
S109;Lesió superficial de coll, part no especificada
S110;Ferida oberta que afecta la laringe i la tràquea
S111;Ferida oberta que afecta la glàndula tiroide
S112;Ferida oberta que afecta la faringe i l'esòfag cervical
S117;Ferides obertes múltiples de coll
S118;Ferida oberta d'altres parts del coll
S119;Ferida oberta de coll, part no especificada
S120;Fractura de primera vèrtebra cervical
S1200;Fractura de primera vèrtebra cervical tancada
S1201;Fractura de primera vèrtebra cervical oberta
S121;Fractura de segona vèrtebra cervical
S1210;Fractura de segona vèrtebra cervical tancada
S1211;Fractura de segona vèrtebra cervical oberta
S122;Fractura d'altra vèrtebra cervical especificada
S1220;Fractura d'altra vèrtebra cervical especificada tancada
S1221;Fractura d'altra vèrtebra cervical especificada oberta
S127;Fractures múltiples de columna cervical
S1270;Fractures múltiples de columna cervical tancada
S1271;Fractures múltiples de columna cervical oberta
S128;Fractura d'altres parts del coll
S1280;Fractura d'altres parts del coll tancada
S1281;Fractura d'altres parts del coll oberta
S129;Fractura de coll, part no especificada
S1290;Fractura de coll, part no especificada tancada
S1291;Fractura de coll, part no especificada oberta
S130;Ruptura traumàtica de disc intervertebral cervical
S131;Luxació de vèrtebra cervical
S132;Luxació d'altres parts del coll i de parts del coll no especificades
S133;Luxacions múltiples de coll
S134;Esquinç i distensió de columna cervical
S135;Esquinç i distensió de regió tiroïdal
S136;Esquinç i distensió d'articulacions i lligaments d'altres parts del coll, i esquinç i distensió d'articulacions i lligaments de parts del coll no especificades
S140;Commoció i edema de medul·la espinal cervical
S141;Altres lesions de medul·la espinal cervical i lesions de medul·la espinal cervical no especificades
S142;Lesió d'arrel nerviosa de columna cervical
S143;Lesió de plexe braquial
S144;Lesió de nervis perifèrics del coll
S145;Lesió de nervis simpàtics cervicals
S146;Lesió d'altres nervis del coll i de nervis del coll no especificats
S150;Lesió d'artèria caròtide
S151;Lesió d'artèria vertebral
S152;Lesió de vena jugular externa
S153;Lesió de vena jugular interna
S157;Lesió de múltiples vasos sanguinis a nivell del coll
S158;Lesió d'altres vasos sanguinis a nivell del coll
S159;Lesió de vas sanguini no especificat a nivell del coll
S170;Lesió per esclafament de laringe i tràquea
S178;Lesió per esclafament d'altres parts del coll
S179;Lesió per esclafament de coll, part no especificada
S197;Lesions múltiples de coll
S198;Altres lesions de coll especificades
S199;Lesió de coll no especificada
S200;Contusió de mama
S201;Altres lesions superficials de mama i lesions superficials de mama no especificades
S202;Contusió de tòrax
S203;Altres lesions superficials de la paret toràcica anterior
S204;Altres lesions superficials de la paret toràcica posterior
S207;Lesions superficials múltiples de tòrax
S208;Lesió superficial d'altres parts del tòrax i lesió superficial de parts del tòrax no especificades
S210;Ferida oberta de mama
S211;Ferida oberta de paret toràcia anterior
S212;Ferida oberta de paret toràcica posterior
S217;Ferides obertes múltiples de paret toràcica
S218;Ferida oberta d'altres parts del tòrax
S219;Ferida oberta de tòrax, part no especificada
S220;Fractura de vèrtebra dorsal
S2200;Fractura de vèrtebra dorsal tancada
S2201;Fractura de vèrtebra dorsal oberta
S221;Fractures múltiples de columna dorsal
S2210;Fractures múltiples de columna dorsal tancada
S2211;Fractures múltiples de columna dorsal oberta
S222;Fractura d'estern
S2220;Fractura d'estern tancada
S2221;Fractura d'estern oberta
S223;Fractura de costella
S2230;Fractura de costella tancada
S2231;Fractura de costella oberta
S224;Fractures múltiples de costelles
S2240;Fractures múltiples de costelles tancada
S2241;Fractures múltiples de costelles oberta
S225;Mobilitat paradoxal del tòrax
S2250;Mobilitat paradoxal del tòrax tancada
S2251;Mobilitat paradoxal del tòrax oberta
S228;Fractura d'altres parts del tòrax ossi
S2280;Fractura d'altres parts del tòrax ossi tancada
S2281;Fractura d'altres parts del tòrax ossi oberta
S229;Fractura de tòrax ossi, part no especificada
S2290;Fractura de tòrax ossi, part no especificada tancada
S2291;Fractura de tòrax ossi, part no especificada oberta
S230;Ruptura traumàtica de disc intervertebral dorsal
S231;Luxació de vèrtebra dorsal
S232;Luxació d'altres parts del tòrax i luxació de parts del tòrax no especificades
S233;Esquinç i distensió de columna dorsal
S234;Esquinç i distensió de costelles i estern
S235;Esquinç i distensió d'altres parts del tòrax, i esquinç i distensió de parts del tòrax no especificades
S240;Commoció i edema de medul·la espinal dorsal
S241;Altres lesions de medul·la espinal dorsal i lesions de medul·la espinal dorsal no especificades
S242;Lesió d'arrel nerviosa de columna dorsal
S243;Lesió de nervis perifèrics del tòrax
S244;Lesió de nervis simpàtics toràcics
S245;Lesió d'altres nervis del tòrax
S246;Lesió de nervi del tòrax no especificat
S250;Lesió d'aorta toràcica
S251;Lesió d'artèria subclàvia o innominada
S252;Lesió de vena cava superior
S253;Lesió de vena subclàvia o innominada
S254;Lesió de vasos sanguinis pulmonars
S255;Lesió de vasos sanguinis intercostals
S257;Lesió de múltiples vasos sanguinis del tòrax
S258;Lesió d'altres vasos sanguinis del tòrax
S259;Lesió de vas sanguini del tòrax no especificat
S260;Lesió del cor amb hemopericardi
S2600;Lesió del cor amb hemopericardi sense ferida oberta en cavitat toràcica
S2601;Lesió del cor amb hemopericardi amb ferida oberta en cavitat toràcica
S268;Altres lesions del cor
S2680;Altres lesions del cor sense ferida oberta en cavitat toràcica
S2681;Altres lesions del cor amb ferida oberta en cavitat toràcica
S269;Lesió del cor no especificada
S2690;Lesió del cor no especificada sense ferida oberta en cavitat toràcica
S2691;Lesió del cor no especificada amb ferida oberta en cavitat toràcica
S270;Pneumotòrax traumàtic
S2700;Pneumotòrax traumàtic sense ferida oberta en cavitat toràcica
S2701;Pneumotòrax traumàtic amb ferida oberta en cavitat toràcica
S271;Hemotòrax traumàtic
S2710;Hemotòrax traumàtic sense ferida oberta en cavitat toràcica
S2711;Hemotòrax traumàtic amb ferida oberta en cavitat toràcica
S272;Hemopneumotòrax traumàtic
S2720;Hemopneumotòrax traumàtic sense ferida oberta en cavitat toràcica
S2721;Hemopneumotòrax traumàtic amb ferida oberta en cavitat toràcica
S273;Altres lesions pulmonars
S2730;Altres lesions pulmonars sense ferida oberta en cavitat toràcica
S2731;Altres lesions pulmonars amb ferida oberta en cavitat toràcica
S274;Lesió de bronqui
S2740;Lesió de bronqui sense ferida oberta en cavitat toràcica
S2741;Lesió de bronqui amb ferida oberta en cavitat toràcica
S275;Lesió de tràquea toràcica
S2750;Lesió de tràquea toràcica sense ferida oberta en cavitat toràcica
S2751;Lesió de tràquea toràcica amb ferida oberta en cavitat toràcica
S276;Lesió de pleura
S2760;Lesió de pleura sense ferida oberta en cavitat toràcica
S2761;Lesió de pleura amb ferida oberta en cavitat toràcica
S277;Lesions múltiples d'òrgans intratoràcics
S2770;Lesions múltiples d'òrgans intratoràcics sense ferida oberta en cavitat toràcica
S2771;Lesions múltiples d'òrgans intratoràcics amb ferida oberta en cavitat toràcica
S278;Lesió d'altres òrgans intratoràcics especificats
S2780;Lesió d'altres òrgans intratoràcics especificats sense ferida oberta en cavitat toràcica
S2781;Lesió d'altres òrgans intratoràcics especificats amb ferida oberta en cavitat toràcica
S279;Lesió d'òrgan intratoràcic no especificat
S2790;Lesió d'òrgan intratoràcic no especificat sense ferida oberta en cavitat toràcica
S2791;Lesió d'òrgan intratoràcic no especificat amb ferida oberta en cavitat toràcica
S280;Tòrax esclafat
S281;Amputació traumàtica de part del tòrax
S290;Lesió de múscul i tendó a nivell del tòrax
S297;Lesions múltiples de tòrax
S298;Altres lesions de tòrax especificades
S299;Lesió de tòrax no especificada
S300;Contusió de part inferior de l'esquena i pelvis
S301;Contusió de paret abdominal
S302;Contusió d'òrgans genitals externs
S307;Lesions superficials múltiples d'abdomen, part inferior de l'esquena i pelvis
S308;Altres lesions superficials d'abdomen, part inferior de l'esquena i pelvis
S309;Lesió superficial d'abdomen, part inferior de l'esquena i pelvis, part no especificada
S310;Ferida oberta de part inferior de l'esquena i pelvis
S311;Ferida oberta de paret abdominal
S312;Ferida oberta de penis
S313;Ferida oberta d'escrot i testicle
S314;Ferida oberta de vagina i vulva
S315;Ferida oberta d'altres òrgans genitals externs i ferida oberta d'òrgans genitals externs no especificats
S317;Ferides obertes múltiples d'abdomen, part inferior de l'esquena i pelvis
S318;Ferida oberta d'altres parts de l'abdomen i ferida oberta de parts de l'abdomen no especificades
S320;Fractura de vèrtebra lumbar
S3200;Fractura de vèrtebra lumbar tancada
S3201;Fractura de vèrtebra lumbar oberta
S321;Fractura de sacre
S3210;Fractura de sacre tancada
S3211;Fractura de sacre oberta
S322;Fractura de còccix
S3220;Fractura de còccix tancada
S3221;Fractura de còccix oberta
S323;Fractura d'ili
S3230;Fractura d'ili tancada
S3231;Fractura d'ili oberta
S324;Fractura d'acetàbul
S3240;Fractura d'acetàbul tancada
S3241;Fractura d'acetàbul oberta
S325;Fractura de pubis
S3250;Fractura de pubis tancada
S3251;Fractura de pubis oberta
S327;Fractures múltiples de columna lumbar i pelvis
S3270;Fractures múltiples de columna lumbar i pelvis tancada
S3271;Fractures múltiples de columna lumbar i pelvis oberta
S328;Fractura d'altres parts de la columna lumbar i la pelvis, i fractura de parts de la columna lumbar i la pelvis no especificades
S3280;Fractura d'altres parts de la columna lumbar i la pelvis, i fractura de parts de la columna lumbar i la pelvis no especificades (tancada)
S3281;Fractura d'altres parts de la columna lumbar i la pelvis, i fractura de parts de la columna lumbar i la pelvis no especificades (oberta)
S330;Ruptura traumàtica de disc intervertebral lumbar
S331;Luxació de vèrtebra lumbar
S332;Luxació d'articulació sacrococcigeal i sacroilíaca
S333;Luxació d'altres parts de la columna lumbar i la pelvis, i luxació de parts de la columna lumbar i la pelvis no especifades
S334;Ruptura traumàtica de símfisi púbica
S335;Esquinç i distensió de columna lumbar
S336;Esquinç i distensió d'articulació sacroilíaca
S337;Esquinç i distensió d'altres parts de la columna lumbar i la pelvis, i esquinç i distensió de parts de la columna lumbar i la pelvis no especificades
S340;Commoció i edema de medul·la espinal lumbar
S341;Altres lesions de medul·la espinal lumbar
S342;Lesió d'arrel nerviosa de columna lumbar i columna sacra
S343;Lesió de cua de cavall
S344;Lesió de plexe lumbosacre
S345;Lesió de nervis simpàtics lumbars, sacres i pelvians
S346;Lesió de nervi -s perifèric -s de l'abdomen, la part inferior de l'esquena i la pelvis
S348;Lesió d'altres nervis a nivell de l'abdomen, la part inferior de l'esquena i la pelvis, i lesió de nervis no especificats a nivell de l'abdomen, la part inferior de l'esquena i la pelvis
S350;Lesió d'aorta abdominal
S351;Lesió de vena cava inferior
S352;Lesió d'artèria mesentèrica o celíaca
S353;Lesió de vena porta o de vena esplènica
S354;Lesió de vasos sanguinis renals
S355;Lesió de vasos sanguinis ilíacs
S357;Lesió de múltiples vasos sanguinis a nivell de l'abdomen, la part inferior de l'esquena i la pelvis
S358;Lesió d'altres vasos sanguinis a nivell de l'abdomen, la part inferior de l'esquena i la pelvis
S359;Lesió de vas sanguini no especificat a nivell de l'abdomen, la part inferior de l'esquena i la pelvis
S360;Lesió de melsa
S3600;Lesió de melsa sense ferida oberta en cavitat
S3601;Lesió de melsa amb ferida oberta en cavitat
S361;Lesió de fetge o vesícula biliar
S3610;Lesió de fetge o vesícula biliar sense ferida oberta en cavitat
S3611;Lesió de fetge o vesícula biliar amb ferida oberta en cavitat
S362;Lesió de pàncrees
S3620;Lesió de pàncrees sense ferida oberta en cavitat
S3621;Lesió de pàncrees amb ferida oberta en cavitat
S363;Lesió d'estómac
S3630;Lesió d'estómac sense ferida oberta en cavitat
S3631;Lesió d'estómac amb ferida oberta en cavitat
S364;Lesi d'intest prim
S3640;Lesi d'intest prim sense ferida oberta en cavitat
S3641;Lesi d'intest prim amb ferida oberta en cavitat
S365;Lesió de còlon
S3650;Lesió de còlon sense ferida oberta en cavitat
S3651;Lesió de còlon amb ferida oberta en cavitat
S366;Lesió de recte
S3660;Lesió de recte sense ferida oberta en cavitat
S3661;Lesió de recte amb ferida oberta en cavitat
S367;Lesió de múltiples òrgans intraabdominals
S3670;Lesió de múltiples òrgans intraabdominals sense ferida oberta en cavitat
S3671;Lesió de múltiples òrgans intraabdominals amb ferida oberta en cavitat
S368;Lesió d'altres òrgans intraabdominals
S3680;Lesió d'altres òrgans intraabdominals sense ferida oberta en cavitat
S3681;Lesió d'altres òrgans intraabdominals amb ferida oberta en cavitat
S369;Lesió d'òrgan intraabdominal no especificat
S3690;Lesió d'òrgan intraabdominal no especificat sense ferida oberta en cavitat
S3691;Lesió d'òrgan intraabdominal no especificat amb ferida oberta en cavitat
S370;Lesió de ronyó
S3700;Lesió de ronyó sense ferida oberta en cavitat
S3701;Lesió de ronyó amb ferida oberta en cavitat
S371;Lesió d'urèter
S3710;Lesió d'urèter sense ferida oberta en cavitat
S3711;Lesió d'urèter amb ferida oberta en cavitat
S372;Lesió de bufeta urinària
S3720;Lesió de bufeta urinària sense ferida oberta en cavitat
S3721;Lesió de bufeta urinària amb ferida oberta en cavitat
S373;Lesió d'uretra
S3730;Lesió d'uretra sense ferida oberta en cavitat
S3731;Lesió d'uretra amb ferida oberta en cavitat
S374;Lesió d'ovari
S3740;Lesió d'ovari sense ferida oberta en cavitat
S3741;Lesió d'ovari amb ferida oberta en cavitat
S375;Lesió de trompa de Fal·lopi
S3750;Lesió de trompa de Fal·lopi sense ferida oberta en cavitat
S3751;Lesió de trompa de Fal·lopi amb ferida oberta en cavitat
S376;Lesió d'úter
S3760;Lesió d'úter sense ferida oberta en cavitat
S3761;Lesió d'úter amb ferida oberta en cavitat
S377;Lesió de múltiples òrgans pelvians
S3770;Lesió de múltiples òrgans pelvians sense ferida oberta en cavitat
S3771;Lesió de múltiples òrgans pelvians amb ferida oberta en cavitat
S378;Lesió d'altres òrgans pelvians
S3780;Lesió d'altres òrgans pelvians sense ferida oberta en cavitat
S3781;Lesió d'altres òrgans pelvians amb ferida oberta en cavitat
S379;Lesió d'òrgan pelvià no especificat
S3790;Lesió d'òrgan pelvià no especificat sense ferida oberta en cavitat
S3791;Lesió d'òrgan pelvià no especificat amb ferida oberta en cavitat
S380;Lesió per esclafament d'òrgans genitals externs
S381;Lesió per esclafament d'altres parts de l'abdomen, la part inferior de l'esquena i la pelvis, i lesió per esclafament de parts de l'abdomen, la part inferior de l'esquena i la pelvis no especificades
S382;Amputació traumàtica d'òrgans genitals externs
S383;Amputació traumàtica d'altres parts de l'abdomen, la part inferior de l'esquena i la pelvis, i amputació traumàtica de parts de l'abdomen, la part inferior de l'esquena i la pelvis no especificades
S390;Lesió de múscul i tendó de l'abdomen, la part inferior de l'esquena i la pelvis
S396;Lesió d'òrgan -s intraabdominal -s amb òrgan -s pelvià -ans
S397;Altres lesions múltiples de l'abdomen, la part inferior de l'esquena i la pelvis
S398;Altres lesions especificades de l'abdomen, la part inferior de l'esquena i la pelvis
S399;Lesió no especificada de l'abdomen, la part inferior de l'esquena i la pelvis
S400;Contusió d'espatlla i braç
S407;Lesions superficials múltiples d'espatlla i braç
S408;Altres lesions superficials d'espatlla i braç
S409;Lesió superficial d'espatlla i braç no especificada
S410;Ferida oberta d'espatlla
S411;Ferida oberta de braç
S417;Ferides obertes múltiples d'espatlla i braç
S418;Ferida oberta d'altres parts de la cintura escapular i ferida oberta de parts de la cintura escapular no especificades
S420;Fractura de clavícula
S4200;Fractura de clavícula tancada
S4201;Fractura de clavícula oberta
S421;Fractura d'escàpula
S4210;Fractura d'escàpula tancada
S4211;Fractura d'escàpula oberta
S422;Fractura de l'extrem superior de l'húmer
S4220;Fractura de l'extrem superior de l'húmer tancada
S4221;Fractura de l'extrem superior de l'húmer oberta
S423;Fractura de diàfisi de l'húmer
S4230;Fractura de diàfisi de l'húmer tancada
S4231;Fractura de diàfisi de l'húmer oberta
S424;Fractura de l'extrem inferior de l'húmer
S4240;Fractura de l'extrem inferior de l'húmer tancada
S4241;Fractura de l'extrem inferior de l'húmer oberta
S427;Fractures múltiples de clavícula, escàpula i húmer
S4270;Fractures múltiples de clavícula, escàpula i húmer tancada
S4271;Fractures múltiples de clavícula, escàpula i húmer oberta
S428;Fractura d'altres parts de l'espatlla i el braç
S4280;Fractura d'altres parts de l'espatlla i el braç tancada
S4281;Fractures múltiples de clavícula, escàpula i húmer
S429;Fractura de cintura escapular, part no especificada
S4290;Fractura de cintura escapular, part no especificada tancada
S4291;Fractura de cintura escapular, part no especificada oberta
S430;Luxació d'articulació de l'espatlla
S431;Luxació d'articulació acromioclavicular
S432;Luxació d'articulació esternoclavicular
S433;Luxació d'altres parts de la cintura escapular i luxació de parts de la cintura escapular no especificades
S434;Esquinç i distensió d'articulació de l'espatlla
S435;Esquinç i distensió d'articulació acromioclavicular
S436;Esquinç i distensió d'articulació esternoclavicular
S437;Esquinç i distensió d'altres parts de la cintura escapular, i esquinç i distensió de parts de la cintura escapular no especificades
S440;Lesió de nervi cubital a nivell del braç
S441;Lesió de nervi medià a nivell del braç
S442;Lesió de nervi radial a nivell del braç
S443;Lesió de nervi axil·lar
S444;Lesió de nervi musculocutani
S445;Lesió de nervi sensitiu cutani a nivell de l'espatlla i el braç
S447;Lesió de múltiples nervis a nivell de l'espatlla i el braç
S448;Lesió d'altres nervis a nivell de l'espatlla i el braç
S449;Lesió de nervi no especificat a nivell de l'espatlla i el braç
S450;Lesió d'artèria axil·lar
S451;Lesió d'artèria braquial
S452;Lesió de vena axil·lar o braquial
S453;Lesió de vena superficial a nivell de l'espatlla i el braç
S457;Lesió de múltiples vasos sanguinis a nivell de l'espatlla i el braç
S458;Lesió d'altres vasos sanguinis a nivell de l'espatlla i el braç
S459;Lesió de vas sanguini no especificat a nivell de l'espatlla i el braç
S460;Lesió de tendó del manegot dels rotatoris de l'espatlla
S461;Lesió de múscul i tendó de la porció llarga del bíceps
S462;Lesió de múscul i tendó d'altres parts del bíceps
S463;Lesió de múscul i tendó del tríceps
S467;Lesió de múltiples músculs i tendons a nivell de l'espatlla i el braç
S468;Lesió d'altres músculs i tendons a nivell de l'espatlla i el braç
S469;Lesió de múscul i tendó no especificats a nivell de l'espatlla i el braç
S480;Amputació traumàtica en l'articulació de l'espatlla
S481;Amputació traumàtica entre l'espatlla i el colze
S489;Amputació traumàtica d'espatlla i braç, nivell no especificat
S497;Lesions múltiples d'espatlla i braç
S498;Altres lesions d'espatlla i braç especificades
S499;Lesió d'espatlla i braç no especificada
S500;Contusió de colze
S501;Contusió d'altres parts de l'avantbraç i contusió de parts de l'avantbraç no especificades
S507;Lesions superficials múltiples d'avantbraç
S508;Altres lesions superficials d'avantbraç
S509;Lesió superficial d'avantbraç no especificada
S510;Ferida oberta de colze
S517;Ferides obertes múltiples d'avantbraç
S518;Ferida oberta d'altres parts de l'avantbraç
S519;Ferida oberta d'avantbraç, part no especificada
S520;Fractura de l'extrem superior del cúbit
S5200;Fractura de l'extrem superior del cúbit tancada
S5201;Fractura de l'extrem superior del cúbit oberta
S521;Fractura de l'extrem superior del radi
S5210;Fractura de l'extrem superior del radi tancada
S5211;Fractura de l'extrem superior del radi oberta
S522;Fractura de diàfisi del cúbit
S5220;Fractura de diàfisi del cúbit tancada
S5221;Fractura de diàfisi del cúbit oberta
S523;Fractura de diàfisi del radi
S5230;Fractura de diàfisi del radi tancada
S5231;Fractura de diàfisi del radi oberta
S524;Fractura de diàfisis del cúbit i el radi
S5240;Fractura de diàfisis del cúbit i el radi tancada
S5241;Fractura de diàfisis del cúbit i el radi oberta
S525;Fractura de l'extrem inferior del radi
S5250;Fractura de l'extrem inferior del radi tancada
S5251;Fractura de l'extrem inferior del radi oberta
S526;Fractura de l'extrem inferior del cúbit i el radi
S5260;Fractura de l'extrem inferior del cúbit i el radi tancada
S5261;Fractura de l'extrem inferior del cúbit i el radi oberta
S527;Fractures múltiples de l'avantbraç
S5270;Fractures múltiples de l'avantbraç tancada
S5271;Fractures múltiples de l'avantbraç oberta
S528;Fractura d'altres parts de l'avantbraç
S5280;Fractura d'altres parts de l'avantbraç tancada
S5281;Fractura d'altres parts de l'avantbraç oberta
S529;Fractura de l'avantbraç, part no especificada
S5290;Fractura de l'avantbraç, part no especificada tancada
S5291;Fractura de l'avantbraç, part no especificada oberta
S530;Luxació del cap del radi
S531;Luxació de colze no especificada
S532;Ruptura traumàtica de lligament lateral extern del colze
S533;Ruptura traumàtica de lligament lateral intern del colze
S534;Esquinç i distensió de colze
S540;Lesió de nervi cubital a nivell de l'avantbraç
S541;Lesió de nervi medià a nivell de l'avantbraç
S542;Lesió de nervi radial a nivell de l'avantbraç
S543;Lesió de nervi sensitiu cutani a nivell de l'avantbraç
S547;Lesió de múltiples nervis a nivell de l'avantbraç
S548;Lesió d'altres nervis a nivell de l'avantbraç
S549;Lesió de nervi no especificat a nivell de l'avantbraç
S550;Lesió d'artèria cubital a nivell de l'avantbraç
S551;Lesió d'artèria radial a nivell de l'avantbraç
S552;Lesió de vena a nivell de l'avantbraç
S557;Lesió de múltiples vasos sanguinis a nivell de l'avantbraç
S558;Lesió d'altres vasos sanguinis a nivell de l'avantbraç
S559;Lesió de vas sanguini no especificat a nivell de l'avantbraç
S560;Lesió de tendó i múscul flexor del polze a nivell de l'avantbraç
S561;Lesió de tendó i múscul flexor llarg d'altre -s dit -s de la mà a nivell de l'avantbraç
S562;Lesió d'un altre tendó i múscul flexor a nivell de l'avantbraç
S563;Lesió de tendons i músculs abductors o extensors del polze a nivell de l'avantbraç
S564;Lesió de múscul extensor i tendó d'altre -s dit -s de la mà a nivell de l'avantbraç
S565;Lesió d'un altre múscul extensor i tendó a nivell de l'avantbraç
S567;Lesió de múltiples músculs i tendons a nivell de l'avantbraç
S568;Lesió d'altres músculs i tendons, i lesió de músculs i tendons no especificats a nivell de l'avantbraç
S570;Lesió per esclafament de colze
S578;Lesió per esclafament d'altres parts de l'avantbraç
S579;Lesió per esclafament d'avantbraç, part no especificada
S580;Amputació traumàtica a nivell del colze
S581;Amputació traumàtica entre el colze i el canell
S589;Amputació traumàtica d'avantbraç, nivell no especificat
S597;Lesions múltiples d'avantbraç
S598;Altres lesions d'avantbraç especificades
S599;Lesió d'avantbraç no especificada
S600;Contusió de dit -s de la mà sense dany a l'ungla
S601;Contusió de dit -s de la mà amb dany a l'ungla
S602;Contusió d'altres parts del canell i la mà
S607;Lesions superficials múltiples de canell i mà
S608;Altres lesions superficials de canell i mà
S609;Lesió superficial de canell i mà no especificada
S610;Ferida oberta de dit -s de la mà sense dany a l'ungla
S611;Ferida oberta de dit -s de la mà amb dany a l'ungla
S617;Ferides obertes múltiples de canell i mà
S618;Ferida oberta d'altres parts del canell i la mà
S619;Ferida oberta de la zona del canell i la mà, part no especificada
S620;Fractura d'os escafoide [navicular] de la mà
S6200;Fractura d'os escafoide [navicular] de la mà tancada
S6201;Fractura d'os escafoide [navicular] de la mà oberta
S621;Fractura d'un altre os carpià o d'altres ossos carpians
S6210;Fractura d'un altre os carpià o d'altres ossos carpians tancada
S6211;Fractura d'un altre os carpià o d'altres ossos carpians oberta
S622;Fractura de primer metacarpià
S6220;Fractura de primer metacarpià tancada
S6221;Fractura de primer metacarpià oberta
S623;Fractura d'altres metacarpians
S6230;Fractura d'altres metacarpians tancada
S6231;Fractura d'altres metacarpians oberta
S624;Fractures múltiples de metacarpians
S6240;Fractures múltiples de metacarpians tancada
S6241;Fractures múltiples de metacarpians oberta
S625;Fractura de polze
S6250;Fractura de polze tancada
S6251;Fractura de polze oberta
S626;Fractura d'altres dits de la mà
S6260;Fractura d'altres dits de la mà tancada
S6261;Fractura d'altres dits de la mà oberta
S627;Fractures múltiples de dits de la mà
S6270;Fractures múltiples de dits de la mà tancada
S6271;Fractures múltiples de dits de la mà oberta
S628;Fractura d'altres parts del canell i la mà, i fractura de parts del canell i la mà no especificades
S6280;Fractura d'altres parts del canell i la mà, i fractura de parts del canell i la mà no especificades tancada
S6281;Fractura d'altres parts del canell i la mà, i fractura de parts del canell i la mà no especificades oberta
S630;Luxació de canell
S631;Luxació de dit de la mà
S632;Luxacions múltiples de dits de la mà
S633;Ruptura traumàtica de lligament del canell i el carp
S634;Ruptura traumàtica de lligament del dit de la mà en articulació -ons metacarpofalàngica -ques i interfalàngica -ques
S635;Esquinç i distensió de canell
S636;Esquinç i distensió de dit -s de la mà
S637;Esquinç i distensió d'altres parts de la mà, i esquinç i distensió de parts de la mà no especificades
S640;Lesió de nervi cubital a nivell del canell i la mà
S641;Lesió de nervi medià a nivell del canell i la mà
S642;Lesió de nervi radial a nivell del canell i la mà
S643;Lesió de nervi digital del polze
S644;Lesió de nervi digital d'un altre dit de la mà
S647;Lesió de múltiples nervis a nivell del canell i la mà
S648;Lesió d'altres nervis a nivell del canell i la mà
S649;Lesió de nervi no especificat a nivell del canell i la mà
S650;Lesió d'artèria cubital a nivell del canell i la mà
S651;Lesió d'artèria radial a nivell del canell i la mà
S652;Lesió d'arc palmar superficial
S653;Lesió d'arc palmar profund
S654;Lesió de vas -os sanguini -s del polze
S655;Lesió de vas -os sanguini -s d'un altre dit de la mà
S657;Lesió de múltiples vasos sanguinis a nivell del canell i la mà
S658;Lesió d'altres vasos sanguinis a nivell del canell i la mà
S659;Lesió de vas sanguini no especificat a nivell del canell i la mà
S660;Lesió de múscul flexor llarg i tendó del polze a nivell del canell i la mà
S661;Lesió de múscul flexor i tendó d'un altre dit a nivell del canell i la mà
S662;Lesió de múscul extensor i tendó del polze a nivell del canell i la mà
S663;Lesió de múscul extensor i tendó d'un altre dit a nivell del canell i la mà
S664;Lesió de múscul intrínsec i tendó del polze a nivell del canell i la mà
S665;Lesió de múscul intrínsec i tendó d'un altre dit de la mà a nivell del canell i la mà
S666;Lesió de múltiples músculs flexors i tendons a nivell del canell i la mà
S667;Lesió de múltiples músculs extensors i tendons a nivell del canell i la mà
S668;Lesió d'altres músculs i tendons a nivell del canell i la mà
S669;Lesió de múscul i tendó no especificats a nivell del canell i la mà
S670;Lesió per esclafament de polze i altre -s dit -s de la mà
S678;Lesió per esclafament d'altres parts del canell i la mà, i lesió per esclafament de parts del canell i la mà no especificades
S680;Amputació traumàtica de polze (completa) (parcial)
S681;Amputació traumàtica d'un altre dit de la mà únicament (completa) (parcial)
S682;Amputació traumàtica de dos o més dits únicament (completa) (parcial)
S683;Amputació traumàtica combinada de (part de) dit -s de la mà amb altres parts del canell i la mà
S684;Amputació traumàtica a nivell de mà i canell
S688;Amputació traumàtica d'altres parts del canell i la mà
S689;Amputació traumàtica de canell i mà, nivell no especificat
S697;Lesions múltiples de canell i mà
S698;Altres lesions de canell i mà especificades
S699;Lesió de canell i mà no especificada
S700;Contusió de maluc
S701;Contusió de cuixa
S707;Lesions superficials múltiples de maluc i cuixa
S708;Altres lesions superficials de maluc i cuixa
S709;Lesió superficial de maluc i cuixa no especificada
S710;Ferida oberta de maluc
S711;Ferida oberta de cuixa
S717;Ferides obertes múltiples de maluc i cuixa
S718;Ferida oberta d'altres parts de la cintura pelviana, i fractura oberta de parts de la cintura pelviana no especificades
S720;Fractura de coll del fèmur
S7200;Fractura de coll del fèmur tancada
S7201;Fractura de coll del fèmur oberta
S721;Fractura pertrocanteriana
S7210;Fractura pertrocanteriana tancada
S7211;Fractura pertrocanteriana oberta
S722;Fractura subtrocanteriana
S7220;Fractura subtrocanteriana tancada
S7221;Fractura subtrocanteriana oberta
S723;Fractura de diàfisi del fèmur
S7230;Fractura de diàfisi del fèmur tancada
S7231;Fractura de diàfisi del fèmur oberta
S724;Fractura de l'extrem inferior del fèmur
S7240;Fractura de l'extrem inferior del fèmur tancada
S7241;Fractura de l'extrem inferior del fèmur oberta
S727;Fractures múltiples de fèmur
S7270;Fractures múltiples de fèmur tancada
S7271;Fractures múltiples de fèmur oberta
S728;Fractures d'altres parts del fèmur
S7280;Fractures d'altres parts del fèmur tancada
S7281;Fractures d'altres parts del fèmur oberta
S729;Fractura de fèmur, part no especificada
S7290;Fractura de fèmur, part no especificada tancada
S7291;Fractura de fèmur, part no especificada oberta
S730;Luxació de maluc
S731;Esquinç i distensió de maluc
S740;Lesió de nervi ciàtic a nivell del maluc i la cuixa
S741;Lesió de nervi femoral a nivell del maluc i la cuixa
S742;Lesió de nervi sensitiu cutani a nivell del maluc i la cuixa
S747;Lesió de múltiples nervis a nivell del maluc i la cuixa
S748;Lesió d'altres nervis a nivell del maluc i la cuixa
S749;Lesió de nervi no especificat a nivell del maluc i la cuixa
S750;Lesió d'artèria femoral
S751;Lesió de vena femoral a nivell del maluc i la cuixa
S752;Lesió de vena safena interna a nivell del maluc i la cuixa
S757;Lesió de múltiples vasos sanguinis a nivell del maluc i la cuixa
S758;Lesió d'altres vasos sanguinis a nivell del maluc i la cuixa
S759;Lesió de vas sanguini no especificat a nivell del maluc i la cuixa
S760;Lesió de múscul i tendó del maluc
S761;Lesió de múscul i tendó del quàdriceps
S762;Lesió de múscul adductor i tendó de la cuixa
S763;Lesió de múscul i tendó del grup muscular posterior a nivell de la cuixa
S764;Lesió d'altres músculs i tendons a nivell de la cuixa, i lesió de músculs i tendons no especificats a nivell de la cuixa
S767;Lesió de múltiples tendons i músculs a nivell del maluc i la cuixa
S770;Lesió per esclafament de maluc
S771;Lesió per esclafament de cuixa
S772;Lesió per esclafament de maluc amb cuixa
S780;Amputació traumàtica en articulació del maluc
S781;Amputació traumàtica entre el maluc i el genoll
S789;Amputació traumàtica de maluc i cuixa, nivell no especificat
S797;Lesions múltiples de maluc i cuixa
S798;Altres lesions de maluc i cuixa especificades
S799;Lesió de maluc i cuixa no especificada
S800;Contusió de genoll
S801;Contusió d'altres parts de la cama i consutió de parts de la cama no especificades
S807;Lesions superficials múltiples de cama
S808;Altres lesions superficials de cama
S809;Lesió superficial de cama no especificada
S810;Ferida oberta de genoll
S817;Ferides obertes múltiples de cama
S818;Ferida oberta d'altres parts de la cama
S819;Ferida oberta de cama, part no especificada
S820;Fractura de ròtula
S8200;Fractura de ròtula tancada
S8201;Fractura de ròtula oberta
S821;Fractura de l'extrem superior de la tíbia
S8210;Fractura de l'extrem superior de la tíbia tancada
S8211;Fractura de l'extrem superior de la tíbia oberta
S822;Fractura de diàfisi de la tíbia
S8220;Fractura de diàfisi de la tíbia tancada
S8221;Fractura de diàfisi de la tíbia oberta
S823;Fractura de l'extrem inferior de la tíbia
S8230;Fractura de l'extrem inferior de la tíbia tancada
S8231;Fractura de l'extrem inferior de la tíbia oberta
S824;Fractura de peroné únicament
S8240;Fractura de peroné únicament tancada
S8241;Fractura de peroné únicament oberta
S825;Fractura de mal·lèol intern
S8250;Fractura de mal·lèol intern tancada
S8251;Fractura de mal·lèol intern oberta
S826;Fractura de mal·lèol extern
S8260;Fractura de mal·lèol extern tancada
S8261;Fractura de mal·lèol extern oberta
S827;Fractures múltiples de cama
S8270;Fractures múltiples de cama tancada
S8271;Fractures múltiples de cama oberta
S828;Fractures d'altres parts de la cama
S8280;Fractures d'altres parts de la cama tancada
S8281;Fractures d'altres parts de la cama oberta
S829;Fractura de cama, part no especificada
S8290;Fractura de cama, part no especificada tancada
S8291;Fractura de cama, part no especificada oberta
S830;Luxació de ròtula
S831;Luxació de genoll
S832;Esquinçament actual de menisc
S833;Esquinçament actual de cartílag articular del genoll
S834;Esquinç i distensió que afecten el lligament lateral (extern) (intern) del genoll
S835;Esquinç i distensió que afecten el lligament encreuat (anterior) (posterior) del genoll
S836;Esquinç i distensió d'altres parts del genoll, i esquinç i distensió de parts del genoll no especificades
S837;Lesió de múltiples estructures del genoll (laterals) (encreuats)
S840;Lesió de nervi tibial a nivell de la cama
S841;Lesió de nervi peroneal a nivell de la cama
S842;Lesió de nervi sensitiu cutani a nivell de la cama
S847;Lesió de múltiples nervis a nivell de la cama
S848;Lesió d'altres nervis a nivell de la cama
S849;Lesió de nervi no especificat a nivell de la cama
S850;Lesió d'artèria poplítia
S851;Lesió d'artèria tibial (anterior) (posterior)
S852;Lesió d'artèria peroneal
S853;Lesió de vena safena interna a nivell de la cama
S854;Lesió de vena safena externa a nivell de la cama
S855;Lesió de vena poplítia
S857;Lesió de múltiples vasos sanguinis a nivell de la cama
S858;Lesió d'altres vasos sanguinis a nivell de la cama
S859;Lesió de vas sanguini no especificat a nivell de la cama
S860;Lesió de tendó d'Aquil·les
S861;Lesió d'un -s altre -s múscul -s i tendó -ons del grup muscular posterior a nivell de la cama
S862;Lesió de múscul -s i tendó -ons del grup muscular anterior a nivell de la cama
S863;Lesió de múscul -s i tendó -ons del grup muscular peroneal a nivell de la cama
S867;Lesió de múltiples músculs i tendons a nivell de la cama
S868;Lesió d'altres músculs i tendons a nivell de la cama
S869;Lesió de múscul i tendó no especificats a nivell de la cama
S870;Lesió per esclafament de genoll
S878;Lesió per esclafament d'altres parts de la cama, i lesió per esclafament de parts de la cama no especificades
S880;Amputació traumàtica a nivell del genoll
S881;Amputació traumàtica entre el genoll i el turmell
S889;Amputació traumàtica de cama, nivell no especificat
S897;Lesions múltiples de cama
S898;Altres lesions de cama especificades
S899;Lesió de cama no especificada
S900;Contusió de turmell
S901;Contusió de dit -s del peu sense dany a l'ungla
S902;Contusió de dit -s del peu amb dany a l'ungla
S903;Contusió d'altres parts del peu i contusió de parts del peu no especificades
S907;Lesions superficials múltiples de turmell i peu
S908;Altres lesions superficials de turmell i peu
S909;Lesió superficial de turmell i peu no especificada
S910;Ferida oberta de turmell
S911;Ferida oberta de dit -s del peu sense dany a l'ungla
S912;Ferida oberta de dit -s del peu amb dany a l'ungla
S913;Ferida oberta d'altres parts del peu
S917;Ferides obertes múltiples de turmell i peu
S920;Fractura de calcani
S9200;Fractura de calcani tancada
S9201;Fractura de calcani oberta
S921;Fractura d'astràgal
S9210;Fractura d'astràgal tancada
S9211;Fractura d'astràgal oberta
S922;Fractura d'un altre os tarsià o d'altres ossos tarsians
S9220;Fractura d'un altre os tarsià o d'altres ossos tarsians tancada
S9221;Fractura d'un altre os tarsià o d'altres ossos tarsians oberta
S923;Fractura de metatarsià
S9230;Fractura de metatarsià tancada
S9231;Fractura de metatarsià oberta
S924;Fractura de dit gros del peu
S9240;Fractura de dit gros del peu tancada
S9241;Fractura de dit gros del peu oberta
S925;Fractura d'un altre dit del peu
S9250;Fractura d'un altre dit del peu tancada
S9251;Fractura d'un altre dit del peu oberta
S927;Fractures múltiples de peu
S9270;Fractures múltiples de peu tancada
S9271;Fractures múltiples de peu tancada
S929;Fractura de peu no especificada
S9290;Fractura de peu no especificada tancada
S9291;Fractura de peu no especificada oberta
S930;Luxació d'articulació del turmell
S931;Luxació de dit -s del peu
S932;Ruptura de lligaments a nivell del turmell i el peu
S933;Luxació d'altres parts del peu i luxació de parts del peu no especificades
S934;Esquinç i distensió de turmell
S935;Esquinç i distensió de dit -s del peu
S936;Esquinç i distensió d'altres parts del peu, i esquinç i distensió de
S940;Lesió de nervi plantar extern
S941;Lesió de nervi plantar intern
S942;Lesió de nervi peroneal profund a nivell del turmell i el peu
S943;Lesió de nervi sensitiu cutani a nivell del turmell i el peu
S947;Lesió de múltiples nervis a nivell del turmell i el peu
S948;Lesió d'altres nervis a nivell del turmell i el peu
S949;Lesió de nervi no especificat a nivell del turmell i el peu
S950;Lesió d'artèria dorsal del peu
S951;Lesió d'artèria plantar del peu
S952;Lesió de vena dorsal del peu
S957;Lesió de múltiples vasos sanguinis a nivell del turmell i el peu
S958;Lesió d'altres vasos sanguinis a nivell del turmell i el peu
S959;Lesió de vas sanguini no especificat a nivell del turmell i el peu
S960;Lesió de múscul i tendó del múscul flexor llarg de dit del peu a nivell del turmell i el peu
S961;Lesió de múscul i tendó del múscul extensor llarg de dit del peu a nivell del turmell i el peu
S962;Lesió de múscul intrínsec i tendó a nivell del turmell i el peu
S967;Lesió de múltiples músculs i tendons a nivell del turmell i el peu
S968;Lesió d'altres músculs i tendons a nivell del turmell i el peu
S969;Lesió de múscul i tendó no especificats a nivell del turmell i el peu
S970;Lesió per esclafament de turmell
S971;Lesió per esclafament de dit -s del peu
S978;Lesió per esclafament d'altres parts del turmell i el peu
S980;Amputació traumàtica de peu a nivell del turmell
S981;Amputació traumàtica d'un dit del peu
S982;Amputació traumàtica de dos o més dits del peu
S983;Amputació traumàtica d'altres parts del peu
S984;Amputació traumàtica de peu, nivell no especificat
S997;Lesions múltiples de turmell i peu
S998;Altres lesions de turmell i peu especificades
S999;Lesió de turmell i peu no especificada
T000;Lesions superficials que afecten cap amb coll
T001;Lesions superficials que afecten tòrax amb abdomen, part inferior de l'esquena i pelvis
T002;Lesions superficials que afecten regions múltiples d'extremitat -s superior -s
T003;Lesions superficials que afecten regions múltiples de la -es extremitat -s inferior -s
T006;Lesions superficials que afecten regions múltiples de la -es extremitat -s superior -s amb extremitat -s inferior -s
T008;Lesions superficials que afecten altres combinacions de regions corporals
T009;Lesions superficials múltiples no especificades
T010;Ferides obertes que afecten cap amb coll
T011;Ferides obertes que afecten tòrax amb abdomen, part inferior de l'esquena i pelvis
T012;Ferides obertes que afecten regions múltiples de la -es extremitat -s superior -s
T013;Ferides obertes que afecten regions múltiples de la -es extremitat -s inferior -s
T016;Ferides obertes que afecten regions múltiples de la -es extremitat -s superior -s amb extremitat -s inferior -s
T018;Ferides obertes que afecten altres combinacions de regions corporals
T019;Ferides obertes múltiples no especificades
T020;Fractures que afecten cap amb coll
T0200;Fractures que afecten cap amb coll tancada
T0201;Fractures que afecten cap amb coll oberta
T021;Fractures que afecten tòrax amb part inferior de l'esquena i pelvis
T0210;Fractures que afecten tòrax amb part inferior de l'esquena i pelvis tancada
T0211;Fractures que afecten tòrax amb part inferior de l'esquena i pelvis oberta
T022;Fractures que afecten regions múltiples d'una extremitat superior
T0220;Fractures que afecten regions múltiples d'una extremitat superior tancada
T0221;Fractures que afecten regions múltiples d'una extremitat superior oberta
T023;Fractures que afecten regions múltiples d'una extremitat inferior
T0230;Fractures que afecten regions múltiples d'una extremitat inferior tancada
T0231;Fractures que afecten regions múltiples d'una extremitat inferior oberta
T024;Fractures que afecten regions múltiples d'ambdues extremitats superiors
T0240;Fractures que afecten regions múltiples d'ambdues extremitats superiors tancada
T0241;Fractures que afecten regions múltiples d'ambdues extremitats superiors oberta
T025;Fractures que afecten regions múltiples d'ambdues extremitats inferiors
T0250;Fractures que afecten regions múltiples d'ambdues extremitats inferiors tancada
T0251;Fractures que afecten regions múltiples d'ambdues extremitats inferiors oberta
T026;Fractures que afecten regions múltiples de la -es extremitat -s superior -s amb extremitat -s inferior -s
T0260;Fractures que afecten regions múltiples de la -es extremitat -s superior -s amb extremitat -s inferior -s tancada
T0261;Fractures que afecten regions múltiples de la -es extremitat -s superior -s amb extremitat -s inferior -s oberta
T027;Fractures que afecten tòrax amb part inferior de l'esquena i pelvis amb extremitat -s
T0270;Fractures que afecten tòrax amb part inferior de l'esquena i pelvis amb extremitat -s tancada
T0271;Fractures que afecten tòrax amb part inferior de l'esquena i pelvis amb extremitat -s oberta
T028;Fractures que afecten altres combinacions de regions corporals
T0280;Fractures que afecten altres combinacions de regions corporals tancada
T0281;Fractures que afecten altres combinacions de regions corporals oberta
T029;Fractures múltiples no especificades
T0290;Fractures múltiples no especificades tancada
T0291;Fractures múltiples no especificades oberta
T030;Luxacions, esquinços i distensions que afecten cap amb coll
T031;Luxacions, esquinços i distensions que afecten tòrax amb part inferior de l'esquena i pelvis
T032;Luxacions, esquinços i distensions que afecten regions múltiples de la -es extremitat -s superior -s
T033;Luxacions, esquinços i distensions que afecten regions múltiples d'extremitat -s inferior -s
T034;Luxacions, esquinços i distensions que afecten regions múltiples de la -es extremitat -s superior -s amb extremitat -s inferior -s
T038;Luxacions, esquinços i distensions que afecten altres combinacions de regions corporals
T039;Luxacions, esquinços i distensions múltiples no especificats
T040;Lesions per esclafament que afecten cap amb coll
T041;Lesions per esclafament que afecten tòrax amb abdomen, part inferior de l'esquena i pelvis
T042;Lesions per esclafament que afecten regions múltiples de la -es extremitat -s superior -s
T043;Lesions per esclafament que afecten regions múltiples de la -es extremitat -s inferior -s
T044;Lesions per esclafament que afecten regions múltiples de la -es extremitat -s superior -s amb extremitat -s inferior -s
T047;Lesions per esclafament de tòrax amb abdomen, part inferior de l'esquena i pelvis amb extremitat -s
T048;Lesions per esclafament que afecten altres combinacions de regions corporals
T049;Lesions per esclafament múltiples no especificades
T050;Amputació traumàtica d'ambdues mans
T051;Amputació traumàtica d'una mà i l'altre braç [qualsevol nivell, excepte mà]
T052;Amputació traumàtica d'ambdós braços [qualsevol nivell]
T053;Amputació traumàtica d'ambdós peus
T054;Amputació traumàtica d'un peu i l'altra cama [qualsevol nivell, excepte peu]
T055;Amputació traumàtica d'ambdues cames [qualsevol nivell]
T056;Amputació traumàtica d'extremitats superiors i inferiors, qualsevol combinació [qualsevol nivell]
T058;Amputacions traumàtiques que afecten altres combinacions de regions corporals
T059;Amputacions traumàtiques múltiples no especificades
T060;Lesions de l'encèfal i els nervis cranials amb lesions de nervis i medul·la espinal a nivell del coll
T061;Lesions de nervis i medul·la espinal que afecten altres regions corporals múltiples
T062;Lesions de nervis que afecten regions corporals múltiples
T063;Lesions de vasos sanguinis que afecten regions corporals múltiples
T064;Lesions de músculs i tendons que afecten regions corporals múltiples
T065;Lesions d'òrgans intratoràcics amb òrgans intraabdominals i pelvians
T068;Altres lesions especificades que afecten regions corporals múltiples
T080;Fractura de columna vertebral, nivell no especificat tancada
T081;Fractura de columna vertebral, nivell no especificat oberta
T090;Lesió superficial de tronc, nivell no especificat
T091;Ferida oberta de tronc, nivell no especificat
T092;Luxació, esquinç i distensió d'articulació i lligament no especificats del tòrax
T093;Lesió de medul·la espinal, nivell no especificat
T094;Lesió de nervi, plexe i arrel de nervi raquidi no especificats del tronc
T095;Lesió de múscul i tendó no especificats del tronc
T096;Amputació traumàtica de tronc, nivell no especificat
T098;Altres lesions especificades de tronc, nivell no especificat
T099;Lesió no especificada de tronc, nivell no especificat
T100;Fractura d'extremitat superior, nivell no especificat tancada
T101;Fractura d'extremitat superior, nivell no especificat oberta
T110;Lesió superficial d'extremitat superior, nivell no especificat
T111;Ferida oberta d'extremitat superior, nivell no especificat
T112;Luxació, esquinç i distensió d'articulació i lligament no especificats d'extremitat superior, nivell no especificat
T113;Lesió de nervi no especificat d'extremitat superior, nivell no especificat
T114;Lesió de vas sanguini no especificat d'extremitat superior, nivell no especificat
T115;Lesió de múscul i tendó no especificats d'extremitat superior, nivell no especificat
T116;Amputació traumàtica d'extremitat superior, nivell no especificat
T118;Altres lesions especificades d'extremitat superior, nivell no especificat
T119;Lesió no especificada d'extremitat superior, nivell no especificat
T120;Fractura d'extremitat inferior, nivell no especificat tancada
T121;Fractura d'extremitat inferior, nivell no especificat oberta
T130;Lesió superficial d'extremitat inferior, nivell no especificat
T131;Ferida oberta d'extremitat inferior, nivell no especificat
T132;Luxació, esquinç i distensió d'articulació i lligament no especificats d'extremitat inferior, nivell no especificat
T133;Lesió de nervi no especificat d'extremitat inferior, nivell no especificat
T134;Lesió de vas sanguini no especificat d'extremitat inferior, nivell no especificat
T135;Lesió de múscul i tendó no especificats d'extremitat inferior, nivell no especificat
T136;Amputació traumàtica d'extremitat inferior, nivell no especificat
T138;Altres lesions especificades d'extremitat inferior, nivell no especificat
T139;Lesió no especificada d'extremitat inferior, nivell no especificat
T140;Lesió superficial de regió corporal no especificada
T141;Ferida oberta de regió corporal no especificada
T142;Fractura de regió corporal no especificada
T1420;Fractura de regió corporal no especificada tancada
T1421;Fractura de regió corporal no especificada oberta
T143;Luxació, esquinç i distensió de regió corporal no especificada
T144;Lesió de nervi -s de regió corporal no especificada
T145;Lesió de vas -os sanguini -s de regió corporal no especificada
T146;Lesió de músculs i tendons de regió corporal no especificada
T147;Lesió per esclafament i amputació traumàtica de regió corporal no especificada
T148;Altres lesions de regió corporal no especificada
T149;Lesió no especificada
T150;Cos estrany a la còrnea
T151;Cos estrany al sac conjuntival
T158;Cos estrany a altres parts i a múltiples parts de la superficie ocular
T159;Cos estrany a la superfície ocular, part no especificada
T170;Cos estrany al si nasal
T171;Cos estrany al nariu
T172;Cos estrany a la faringe
T173;Cos estrany a la laringe
T174;Cos estrany a la tràquea
T175;Cos estrany al bronqui
T178;Cos estrany a altres parts i a múltiples parts del tracte respiratori
T179;Cos estrany al tracte respiratori, part no especificada
T180;Cos estrany a la boca
T181;Cos estrany a l'esòfag
T182;Cos estrany a l'estómac
T183;Cos estrany a l'intestí prim
T184;Cos estrany al còlon
T185;Cos estrany a l'anus i el recte
T188;Cos estrany a altres parts i a múltiples parts del tub digestiu
T189;Cos estrany al tub digestiu, part no especificada
T190;Cos estrany a l'uretra
T191;Cos estrany a la bufeta urinària
T192;Cos estrany a la vulva i la vagina
T193;Cos estrany a l'úter [qualsevol part]
T198;Cos estrany a altres parts i múltiples parts del tracte genitourinari
T199;Cos estrany al tracte genitourinari, part no especificada
T200;Cremada de grau no especificat de cap i coll
T201;Cremada de primer grau de cap i coll
T202;Cremada de segon grau de cap i coll
T203;Cremada de tercer grau de cap i coll
T204;Corrosió de grau no especificat de cap i coll
T205;Corrosió de primer grau de cap i coll
T206;Corrosió de segon grau de cap i coll
T207;Corrosió de tercer grau de cap i coll
T210;Cremada de grau no especificat de tronc
T211;Cremada de primer grau de tronc
T212;Cremada de segon grau de tronc
T213;Cremada de tercer grau de tronc
T214;Corrosió de grau no especificat de tronc
T215;Corrosió de primer grau de tronc
T216;Corrosió de segon grau de tronc
T217;Corrosió de tercer grau de tronc
T220;Cremada de grau no especificat d'espatlla i extremitat superior, excepte canell i mà
T221;Cremada de primer grau d'espatlla i extremitat superior, excepte canell i mà
T222;Cremada de segon grau d'espatlla i extremitat superior, excepte canell i mà
T223;Cremada de tercer grau d'espatlla i extremitat superior, excepte canell i mà
T224;Corrosió de grau no especificat d'espatlla i extremitat superior, excepte canell i mà
T225;Corrosió de primer grau d'espatlla i extremitat superior, excepte canell i mà
T226;Corrosió de segon grau d'espatlla i extremitat superior, excepte canell i mà
T227;Corrosió de tercer grau d'espatlla i extremitat superior, excepte canell i mà
T230;Cremada de grau no especificat de canell i mà
T231;Cremada de primer grau de canell i mà
T232;Cremada de segon grau de canell i mà
T233;Cremada de tercer grau de canell i mà
T234;Corrosió de grau no especificat de canell i mà
T235;Corrosió de primer grau de canell i mà
T236;Corrosió de segon grau de canell i mà
T237;Corrosió de tercer grau de canell i mà
T240;Cremada de grau no especificat de maluc i extremitat inferior, excepte turmell i peu
T241;Cremada de primer grau de maluc i extremitat inferior, excepte turmell i peu
T242;Cremada de segon grau de maluc i extremitat inferior, excepte turmell i peu
T243;Cremada de tercer grau de maluc i extremitat inferior, excepte turmell i peu
T244;Corrosió de grau no especificat de maluc i extremitat inferior, excepte turmell i peu
T245;Corrosió de primer grau de maluc i extremitat inferior, excepte turmell i peu
T246;Corrosió de segon grau de maluc i extremitat inferior, excepte turmell i peu
T247;Corrosió de tercer grau de maluc i extremitat inferior, excepte turmell i peu
T250;Cremada de grau no especificat de turmell i peu
T251;Cremada de primer grau de turmell i peu
T252;Cremada de segon grau de turmell i peu
T253;Cremada de tercer grau de turmell i peu
T254;Corrosió de grau no especificat de turmell i peu
T255;Corrosió de primer grau de turmell i peu
T256;Corrosió de segon grau de turmell i peu
T257;Corrosió de tercer grau de turmell i peu
T260;Cremada de parpella i àrea periocular
T261;Cremada de còrnia i sac conjuntival
T262;Cremada que produeix ruptura i destrucció de globus ocular
T263;Cremada d'altres parts de l'ull i els annexos oculars
T264;Corrosió d'ull i annexos oculars, part no especificada
T265;Corrosió de parpella i àrea periocular
T266;Corrosió de còrnia i sac conjuntival
T267;Corrosió que produeix ruptura i destrucció de globus ocular
T268;Corrosió d'altres parts de l'ull i els annexos oculars
T269;Corrosió d'ull i annexos oculars, part no especificada
T270;Cremada de laringe i tràquea
T271;Cremada que afecta laringe i tràquea amb pulmó
T272;Cremada d'altres parts del tracte respiratori
T273;Cremada del tracte respiratori, part no especificada
T274;Corrosió de laringe i tràquea
T275;Corrosió que afecta laringe i tràquea amb pulmó
T276;Corrosió d'altres parts del tracte respiratori
T277;Corrosió del tracte respiratori, part no especificada
T280;Cremada de boca i faringe
T281;Cremada d'esòfag
T282;Cremada d'altres parts del tub digestiu
T283;Cremada d'òrgans genitourinaris interns
T284;Cremada d'altres òrgans interns i cremada d'òrgans interns no especificats
T285;Corrosió de boca i faringe
T286;Corrosió d'esòfag
T287;Corrosió d'altres parts del tub digestiu
T288;Corrosió d'òrgans genitourinaris interns
T289;Corrosió d'altres òrgans interns i corrosió d'òrgans interns no especificats
T290;Cremades de regions múltiples, grau no especificat
T291;Cremades de regions múltiples, sense menció de cremades de més de primer grau
T292;Cremades de regions múltiples, sense menció de cremades de més de segon grau
T293;Cremades de regions múltiples, almenys menció d'una cremada de tercer grau
T294;Corrosions de regions múltiples, grau no especificat
T295;Corrosions de regions múltiples, sense menció de corrosions de més de primer grau
T296;Corrosions de regions múltiples, sense menció de corrosions de més de segon grau
T297;Corrosions de regions múltiples, almenys menció d'una corrosió de tercer grau
T300;Cremada de regió corporal no especificada, grau no especificat
T301;Cremada de primer grau, regió corporal no especificada
T302;Cremada de segon grau, regió corporal no especificada
T303;Cremada de tercer grau, regió corporal no especificada
T304;Corrosió de regió corporal no especificada, grau no especificat
T305;Corrosió de primer grau, regió corporal no especificada
T306;Corrosió de segon grau, regió corporal no especificada
T307;Corrosió de tercer grau, regió corporal no especificada
T310;Cremades que afecten menys del 10% de la superfície corporal
T311;Cremades que afecten 10-19% de la superfície corporal
T312;Cremades que afecten 20-29% de la superfície corporal
T313;Cremades que afecten 30-39% de la superfície corporal
T314;Cremades que afecten 40-49% de la superfície corporal
T315;Cremades que afecten 50-59% de la superfície corporal
T316;Cremades que afecten 60-69% de la superfície corporal
T317;Cremades que afecten 70-79% de la superfície corporal
T318;Cremades que afecten 80-89% de la superfície corporal
T319;Cremades que afecten el 90% o més de la superfície corporal
T320;Corrosions que afecten menys del 10% de la superfície corporal
T321;Corrosions que afecten 10-19% de la superfície corporal
T322;Corrosions que afecten 20-29% de la superfície corporal
T323;Corrosions que afecten 30-39% de la superfície corporal
T324;Corrosions que afecten 40-49% de la superfície corporal
T325;Corrosions que afecten 50-59% de la superfície corporal
T326;Corrosions que afecten 60-69% de la superfície corporal
T327;Corrosions que afecten 70-79% de la superfície corporal
T328;Corrosions que afecten 80-89% de la superfície corporal
T329;Corrosions que afecten el 90% o més de la superfície corporal
T330;Congelació superficial de cap
T331;Congelació superficial de coll
T332;Congelació superficial de tòrax
T333;Congelació superficial de paret abdominal, part inferior de l'esquena i pelvis
T334;Congelació superficial de braç
T335;Congelació superficial de canell i mà
T336;Congelació superficial de maluc i cuixa
T337;Congelació superficial de genoll i cama
T338;Congelació superficial de turmell i peu
T339;Congelació superficial d'altres localitzacions i congelació superficial de localitzacions no especificades
T340;Congelació amb necrosi dels teixits del cap
T341;Congelació amb necrosi dels teixits del coll
T342;Congelació amb necrosi dels teixits del tòrax
T343;Congelació amb necrosi dels teixits de la paret abdominal, la part inferior de l'esquena i la pelvis
T344;Congelació amb necrosi dels teixits del braç
T345;Congelació amb necrosi dels teixits del canell i la mà
T346;Congelació amb necrosi dels teixits del maluc i la cuixa
T347;Congelació amb necrosi dels teixits del genoll i la cama
T348;Congelació amb necrosi dels teixits del turmell i el peu
T349;Congelació amb necrosi dels teixits d'altres localitzacions i congelació amb necrosi dels teixits de localitzacions no especificades
T350;Congelació superficial que afecta regions corporals múltiples
T351;Congelació amb necrosi dels teixits que afecta regions corporals múltiples
T352;Congelació no especificada de cap i coll
T353;Congelació no especificada de tòrax, abdomen, part inferior de l'esquena i pelvis
T354;Congelació no especificada d'extremitat superior
T355;Congelació no especificada d'extremitat inferior
T356;Congelació no especificada que afecta regions corporals múltiples
T357;Congelació no especificada de localització no especificada
T360;Intoxicació: Penicil·lines
T361;Intoxicació: Cefalosporines i altres antibiòtics ß-lactàmics
T362;Intoxicació: Grup del cloramfenicol
T363;Intoxicació: Macròlids
T364;Intoxicació: Tetraciclines
T365;Intoxicació: Aminoglicòsids
T366;Intoxicació: Rifamicines
T367;Intoxicació: Antibiòtics antifúngics utilitzats sistèmicament
T368;Intoxicació: Altres antibiòtics sistèmics
T369;Intoxicació: Antibiòtic sistèmic no especificat
T370;Intoxicació: Sulfonamides
T371;Intoxicació: Antimicobacterians
T372;Intoxicació: Antipalúdics i fàrmacs que actuen en altres protozous de la sang
T373;Intoxicació: Altres antiprotozoaris
T374;Intoxicació: Antihelmíntics
T375;Intoxicació: Antivírics
T378;Intoxicació: Altres antiparasitaris i antiinfecciosos sistèmics especificats
T379;Intoxicació: Antiparasitari i antiinfecciós sistèmics no especificats
T380;Intoxicació: Glucocorticoides i anàlegs sintètics
T381;Intoxicació: Hormones tiroïdals i substituts
T382;Intoxicació: Fàrmacs antitiroïdals
T383;Intoxicació: Insulina i fàrmacs hipoglucèmics orals [antidiabètics]
T384;Intoxicació: Contraceptius orals
T385;Intoxicació: Altres estrògens i progestàgens
T386;Intoxicació: Antigonadotròpics, antiestrògens i antiandrògens no classificats a cap altre lloc
T387;Intoxicació: Andrògens i congèneres anabòlics
T388;Intoxicació: Altres hormones i substituts sintètics, i hormones i substituts sintètics no especificats
T389;Intoxicació: Altres antagonistes hormonals i antagonistes hormonals no especificats
T390;Intoxicació: Salicilats
T391;Intoxicació: Derivats del 4-aminofenol
T392;Intoxicació: Derivats de la pirazolona
T393;Intoxicació: Altres antiinflamatoris no esteroïdals [AINE]
T394;Intoxicació: Antireumàtics no classificats a cap altre lloc
T398;Intoxicació: Altres analgèsics i antipirètics no opioides no classificats a cap altre lloc
T399;Intoxicació: Analgèsic, antipirètic i antireumàtic no opioides no especificats
T400;Intoxicació: Opi
T401;Intoxicació: Heroïna
T402;Intoxicació: Altres opioides
T403;Intoxicació: Metadona
T404;Intoxicació: Altres narcòtics sintètics
T405;Intoxicació: Cocaïna
T406;Intoxicació: Altres narcòtics i narcòtics no especificats
T407;Intoxicació: Cànnabis (derivats)
T408;Intoxicació: Lisergida [LSD]
T409;Intoxicació: Altres psicodislèptics [al·lucinògens] i psicodislèptics [al·lucinògens] no especificats
T410;Intoxicació: Anestèsics inhalats
T411;Intoxicació: Anestèsics intravenosos
T412;Intoxicació: Altres anestèsics generals i anestèsics generals no especificats
T413;Intoxicació: Anestèsics locals
T414;Intoxicació: Anestèsic no especificat
T415;Intoxicació: Gasos terapèutics
T420;Intoxicació: Derivats de la hidantoïna
T421;Intoxicació: Iminoestilbens
T422;Intoxicació: Succinimides i oxazolidinadiones
T423;Intoxicació: Barbitúrics
T424;Intoxicació: Benzodiazepines
T425;Intoxicació: Antiepilèptics mixtos no classificats a cap altre lloc
T426;Intoxicació: Altres antiepilèptics i hipnosedants
T427;Intoxicació: Antiepilèptics i hipnosedants no especificats
T428;Intoxicació: Fàrmacs antiparkinsonians i altres relaxants musculars d'acció central
T430;Intoxicació: Antidepressius tricíclics i tetracíclics
T431;Intoxicació: Antidepressius inhibidors de la monoaminooxidasa
T432;Intoxicació: Altres antidepressius i antidepressius no especificats
T433;Intoxicació: Antipsicòtics i neurolèptics derivats de la fenotiazina
T434;Intoxicació: Butirofenona i neurolèptics derivats del tioxantè
T435;Intoxicació: Altres antipsicòtics i neurolèptics, i antipsicòtics i neurolèptics no especificats
T436;Intoxicació: Psicoestimulants amb abús potencial
T438;Intoxicació: Altres psicòtrops no classificats a cap altre lloc
T439;Intoxicació: Psicòtrop no especificat
T440;Intoxicació: Agents anticolinesterasa
T441;Intoxicació: Altres parasimpaticomimètics [colinèrgics]
T442;Intoxicació: Medicaments blocadors ganglionars no classificats a cap altre lloc
T443;Intoxicació: Altres parasimpaticolítics [anticolinèrgics i antimuscarínics] i espasmolítics no classificats a cap altre lloc
T444;Intoxicació: Agonistes, sobretot alfa-adrenèrgics , no classificats a cap altre lloc
T445;Intoxicació: Agonistes, sobretot ß-adrenèrgics, no classificats a cap altre lloc
T446;Intoxicació: Antagonistes dels receptors alfa-adrenèrgics no classificats a cap altre lloc
T447;Intoxicació: Antagonistes dels receptors ß-adrenèrgics no classificats a cap altre lloc
T448;Intoxicació: Agents d'acció central i antiadrenèrgics no classificats a cap altre lloc
T449;Intoxicació: Altres fàrmacs que actuen principalment en el sistema nerviós autònom i fàrmacs no especificats que actuen principalment sobre el sistema nerviós autònom
T450;Intoxicació: Antial·lèrgics i antiemètics
T451;Intoxicació: Antineoplàstics i immunosupressors
T452;Intoxicació: Vitamines no classificades a cap altre lloc
T453;Intoxicació: Enzims no classificats a cap altre lloc
T454;Intoxicació: Ferro i compostos del ferro
T455;Intoxicació: Anticoagulants
T456;Intoxicació: Fàrmacs que afecten la fibrinòlisi
T457;Intoxicació: Antagonistes dels anticoagulants, la vitamina K i altres coagulants
T458;Intoxicació: Altres agents d'acció principalment sistèmica i hematològica
T459;Intoxicació: Agent d'acció principalment sistèmica i hematològica no especificat
T460;Intoxicació: Glicòsids cardiotònics i fàrmacs d'acció similar
T461;Intoxicació: Blocadors dels canals del calci
T462;Intoxicació: Altres antiarítmics no classificats a cap altre lloc
T463;Intoxicació: Vasodilatadors coronaris no classificats a cap altre lloc
T464;Intoxicació: Inhibidors de l'enzim conversiu de l'angiotensina
T465;Intoxicació: Altres antihipertensius no classificats a cap altre lloc
T466;Intoxicació: Antilipèmics i antiarterioscleròtics
T467;Intoxicació: Vasodilatadors perifèrics
T468;Intoxicació: Antivaricosos, incloent els esclerosants
T469;Intoxicació: Altres agents que actuen principalment en l'aparell cardiovascular i agents no especificats que actuen principalment sobre l'aparell cardiovascular
T470;Intoxicació: Antagonistes dels receptors histaminèrgics H2
T471;Intoxicació: Altres antiàcids i antisecretors gàstrics
T472;Intoxicació: Laxants estimulants
T473;Intoxicació: Laxants salins i osmòtics
T474;Intoxicació: Altres laxants
T475;Intoxicació: Digestius
T476;Intoxicació: Antidiarreics
T477;Intoxicació: Emètics
T478;Intoxicació: Altres agents que actuen principalment en l'aparell gastrointestinal
T479;Intoxicació: Agent no especificat que actua principalment en l'aparell gastrointestinal
T480;Intoxicació: Oxitòcics
T481;Intoxicació: Relaxants de la musculatura estriada [blocadors neuromusculars]
T482;Intoxicació: Altres agents que actuen principalment en els músculs i agents no especificats que actuen principalment sobre els músculs
T483;Intoxicació: Antitussígens
T484;Intoxicació: Expectorants
T485;Intoxicació: Fàrmacs contra el refredat comú
T486;Intoxicació: Antiasmàtics no classificats a cap altre lloc de l'asma
T487;Intoxicació: Altres agents que actuen principalment en l'aparell respiratori i agents no especificats que actuen principalment sobre l'aparell respiratori
T490;Intoxicació: Antifúngics, antiinfecciosos i antiinflamatoris locals no classificats a cap altre lloc
T491;Intoxicació: Antipruents
T492;Intoxicació: Astringents i detergents locals
T493;Intoxicació: Emol·lients, demulcents i protectors
T494;Intoxicació: Queratolítics, queratoplàstics i altres fàrmacs i preparats per al tractament dels cabells
T495;Intoxicació: Fàrmacs i preparats oftalmològics
T496;Intoxicació: Fàrmacs i preparats otorinolaringològics
T497;Intoxicació: Fàrmacs dentals d'aplicació tòpica
T498;Intoxicació: Altres agents tòpics
T499;Intoxicació: Agent tòpic no especificat
T500;Intoxicació: Mineralocorticoides i antagonistes dels mineralocorticoides
T501;Intoxicació: Diürètics de nansa [diürètics de sostre alt]
T502;Intoxicació: Inhibidors de l'anhidrasa carbònica, benzotiadiazides i altres diürètics
T503;Intoxicació: Agents de l'equilibri hidroelectrolític i calòric
T504;Intoxicació: Fàrmacs que afecten el metabolisme de l'àcid úric
T505;Intoxicació: Anorexígens
T506;Intoxicació: Antídots i quelants no classificats a cap altre lloc
T507;Intoxicació: Analèptics i antagonistes dels receptors opiacis
T508;Intoxicació: Agents diagnòstics
T509;Intoxicació: Altres drogues, fàrmacs i productes biològics, i drogues, fàrmacs i productes biològics no especificats
T510;Efecte tòxic: Etanol
T511;Efecte tòxic: Metanol
T512;Efecte tòxic: 2-propanol
T513;Efecte tòxic: Oli de fusel
T518;Efecte tòxic: Altres alcohols
T519;Efecte tòxic: Alcohol no especificat
T520;Efecte tòxic: Derivats del petroli
T521;Efecte tòxic: Benzè
T522;Efecte tòxic: Homòlegs del benzè
T523;Efecte tòxic: Glicols
T524;Efecte tòxic: Cetones
T528;Efecte tòxic: Altres dissolvents orgànics
T529;Efecte tòxic: Dissolvent orgànic no especificat
T530;Efecte tòxic: Tetraclorur de carboni
T531;Efecte tòxic: Cloroform
T532;Efecte tòxic: Tricloroetilè
T533;Efecte tòxic: Tetracloroetilè
T534;Efecte tòxic: Clorur de metilè
T535;Efecte tòxic: Clorofluorocarbonis
T536;Efecte tòxic: Altres derivats halogenats dels hidrocarburs alifàtics
T537;Efecte tòxic: Altres derivats halogenats dels hidrocarburs aromàtics
T539;Efecte tòxic: Derivat halogenat no especificat d'hidrocarburs alifàtics i aromàtics
T540;Efecte tòxic: Fenol i homòlegs del fenol
T541;Efecte tòxic: Altres compostos orgànics corrosius
T542;Efecte tòxic: Àcids corrosius i substàncies àcides similars
T543;Efecte tòxic: Àlcalis corrosius i substàncies corrosives semblants a l'àlcali
T549;Efecte tòxic: Substància corrosiva no especificada
T560;Efecte tòxic: Plom i compostos del plom
T561;Efecte tòxic: Mercuri i compostos del mercuri
T562;Efecte tòxic: Crom i compostos del crom
T563;Efecte tòxic: Cadmi i compostos del cadmi
T564;Efecte tòxic: Coure i compostos del coure
T565;Efecte tòxic: Zinc i compostos del zinc
T566;Efecte tòxic: Estany i compostos de l'estany
T567;Efecte tòxic: Beril·li i compostos del beril·li
T568;Efecte tòxic: Altres metalls
T569;Efecte tòxic: Metall no especificat
T570;Efecte tòxic: Arsènic i compostos de l'arsènic
T571;Efecte tòxic: Fòsfor i compostos del fòsfor
T572;Efecte tòxic: Manganès i compostos del manganès
T573;Efecte tòxic: Àcid cianhídric
T578;Efecte tòxic: Altres substàncies inorgàniques especificades
T579;Efecte tòxic: Substància inorgànica no especificada
T590;Efecte tòxic: Òxids nitrosos
T591;Efecte tòxic: Diòxid de sofre
T592;Efecte tòxic: Formaldehid
T593;Efecte tòxic: Gas lacrimogen
T594;Efecte tòxic: Gas de clor
T595;Efecte tòxic: Gas de fluor i fluorur d'hidrogen
T596;Efecte tòxic: Àcid sulfhídric
T597;Efecte tòxic: Diòxid de carboni
T598;Efecte tòxic: Altres gasos, emanacions i vapors especificats
T599;Efecte tòxic: Gasos, emanacions i vapors no especificats
T600;Efecte tòxic: Insecticides organofosforats i carbamats
T601;Efecte tòxic: Insecticides halogenats
T602;Efecte tòxic: Altres insecticides
T603;Efecte tòxic: Herbicides i fungicides
T604;Efecte tòxic: Rodenticides
T608;Efecte tòxic: Altres pesticides
T609;Efecte tòxic: Pesticida no especificat
T610;Efecte tòxic: Intoxicació per ciguatera
T611;Efecte tòxic: Intoxicació per escòmbrids
T612;Efecte tòxic: Altres intoxicacions per consum de peix i marisc
T618;Efecte tòxic: Efecte tòxic d'altres tipus de peix i marisc
T619;Efecte tòxic: Efecte tòxic de peix i marisc no especificat
T620;Efecte tòxic: Bolets ingerits
T621;Efecte tòxic: Fruits ingerits
T622;Efecte tòxic: Altra -es (parts de) planta -es ingerida -es
T628;Efecte tòxic: Altres substàncies nocives especificades ingerides com a aliment
T629;Efecte tòxic: Substàncies nocives no especificades ingerides com a aliment
T630;Efecte tòxic: Verí de serp
T631;Efecte tòxic: Verí d'altres rèptils
T632;Efecte tòxic: Verí d'escorpí
T633;Efecte tòxic: Verí d'aranya
T634;Efecte tòxic: Verí d'altres artròpodes
T635;Efecte tòxic: Efecte tòxic de contacte amb peix
T636;Efecte tòxic: Efecte tòxic de contacte amb altres animals marins
T638;Efecte tòxic: Efecte tòxic de contacte amb altres animals verinosos
T639;Efecte tòxic: Efecte tòxic de contacte amb animal verinós no especificat
T650;Efecte tòxic: Cianurs
T651;Efecte tòxic: Estricnina i sals de l'estricnina
T652;Efecte tòxic: Tabac i nicotina
T653;Efecte tòxic: Nitroderivats i aminoderivats del benzè i homòlegs
T654;Efecte tòxic: Disulfur de carboni
T655;Efecte tòxic: Nitroglicerina i altres èsters i àcids nítrics
T656;Efecte tòxic: Pintures i colorants no classificats a cap altre lloc
T658;Efecte tòxic: Efecte tòxic d'altres substàncies especificades
T659;Efecte tòxic: Efecte tòxic de substància no especificada especificats
T670;Cop de calor i insolació
T671;Síncope de calor
T672;Rampa per calor
T673;Esgotament anhidròtic per calor
T674;Esgotament per depleció de sal a causa de calor
T675;Esgotament per calor no especificat
T676;Fatiga per calor transitòria
T677;Edema per calor
T678;Altres efectes de calor i llum
T679;Efecte de calor i llum no especificat
T690;Mà i peu d'immersió
T691;Penellons
T698;Altres efectes especificats de temperatura baixa
T699;Efecte de temperatura baixa no especificat
T700;Barotraumatisme òtic
T701;Barotraumatisme sinusal
T702;Altres efectes de la gran altitud i efectes de la gran altitud no especificats
T703;Osteoartropatia barotraumàtica [malaltia per descompressió]
T704;Efectes de fluids d'alta pressió
T708;Altres efectes de pressió atmosfèrica i pressió de l'aigua
T709;Efecte no especificat de pressió atmosfèrica i pressió de l'aigua
T730;Efectes de la gana
T731;Efectes de la set
T732;Esgotament per exposició a la intempèrie
T733;Esgotament per esforç excessiu
T738;Altres efectes de privació
T739;Efecte de privació no especificat
T740;Negligència o abandonament
T741;Maltractament físic
T742;Abús sexual
T743;Maltractament psicològic
T748;Altres síndromes de maltractament
T749;Síndrome de maltractament no especificat
T750;Efectes de llamp
T751;Ofegament i submersió no mortal
T752;Efectes de vibració
T753;Mareig per moviment
T754;Efectes del corrent elèctric
T758;Altres efectes especificats de causes externes
T780;Xoc anafilàctic per reacció adversa a aliment
T781;Altres reaccions adverses a aliments no classificades a cap altre lloc
T782;Xoc anafilàctic no especificat
T783;Edema angioneuròtic
T784;Al·lèrgia no especificada
T788;Altres reaccions adverses no classificades a cap altre lloc
T789;Reacció adversa no especificada
T790;Embòlia gasosa (traumàtica)
T791;Embòlia grassa (traumàtica)
T792;Hemorràgia traumàtica secundària i recurrent
T793;Infecció de ferida posttraumàtica no classificada a cap altre lloc
T794;Xoc traumàtic
T795;Anúria traumàtica
T796;Isquèmia traumàtica muscular
T797;Emfisema subcutani traumàtic
T798;Altres complicacions immediates de traumatismes
T799;Complicació immediata de traumatisme no especificada
T800;Embòlia gasosa consecutiva a infusió, transfusió i injecció terapèutica
T801;Complicacions vasculars consecutives a infusió, transfusió i injecció terapèutica
T802;Infeccions consecutives a infusió, transfusió i injecció terapèutica
T803;Reacció d'incompatibilitat AB0
T804;Reacció d'incompatibilitat Rh
T805;Xoc anafilàctic per sèrum
T806;Altres reaccions per sèrum
T808;Altres complicacions consecutives a infusió, transfusió i injecció terapèutica
T809;Complicació no especificada consecutiva a infusió, transfusió i injecció terapèutica
T810;Hemorràgia i hematoma que compliquen un procediment no classificats a cap altre lloc
T811;Xoc durant un procediment o a conseqüència d'un procediment no classificat a cap altre lloc
T812;Punció o laceració accidentals durant un procediment no classificades a cap altre lloc
T813;Dehiscència de ferida operatòria no classificada a cap altre lloc
T814;Infecció consecutiva a un procediment no classificada a cap altre lloc
T815;Cos estrany deixat accidentalment en cavitat de l'organisme o en ferida operatòria durant un procediment
T816;Reacció aguda a substància estranya deixada accidentalment durant un procediment
T817;Complicacions vasculars consecutives a un procediment no classificades a cap altre lloc
T818;Altres complicacions de procediments no classificades a cap altre lloc
T819;Complicació no especificada de procediment
T820;Complicació mecànica de pròtesi valvular cardíaca
T821;Complicació mecànica de dispositiu elèctric cardíac
T822;Complicació mecànica de derivació d'artèria coronària i empelts valvulars
T823;Complicació mecànica d'altres empelts vasculars
T824;Complicació mecànica de catèter de diàlisi vascular
T825;Complicació mecànica d'altres dispositius i implants cardiovasculars
T826;Infecció i reacció inflamatòria per pròtesi valvular cardíaca
T827;Infecció i reacció inflamatòria per altres dispositius, implants i empelts cardiovasculars
T828;Altres complicacions de dispositius protètics, implants i empelts cardiovasculars
T829;Complicació no especificada de dispositiu protètic, implant i empelt cardiovasculars
T830;Complicació mecànica de catèter urinari (permanent)
T831;Complicació mecànica d'altres dispositius i implants urinaris
T832;Complicació mecànica d'empelt d'òrgan urinari
T833;Complicació mecànica de dispositiu contraceptiu intrauterí
T834;Complicació mecànica d'altres dispositius protètics, implants i empelts al tracte genital
T835;Infecció i reacció inflamatòria per dispositiu protètic, implant i empelt a l'aparell urinari
T836;Infecció i reacció inflamatòria per dispositiu protètic, implant i empelt al tracte genital
T838;Altres complicacions de dispositius protètics, implants i empelts genitourinaris
T839;Complicació no especificada de dispositiu protètic, implant i empelt genitourinaris
T840;Complicació mecànica de pròtesi articular interna
T841;Complicació mecànica de dispositiu de fixació interna dels ossos de les extremitats
T842;Complicació mecànica de dispositiu de fixació interna d'altres ossos
T843;Complicació mecànica d'altres dispositius, implants i empelts ossis
T844;Complicació mecànica d'altres dispositius, implants i empelts ortopèdics interns
T845;Infecció i reacció inflamatòria per pròtesi articular interna
T846;Infecció i reacció inflamatòria per dispositiu de fixació interna [qualsevol localització]
T847;Infecció i reacció inflamatòria per altres dispositius protètics, implants i empelts ortopèdics interns
T848;Altres complicacions de dispositius protètics, implants i empelts ortopèdics interns
T849;Complicació no especificada de dispositiu protètic, implant i empelt ortopèdics interns
T850;Complicació mecànica de derivació ventricular intracranial (comunicant)
T851;Complicació mecànica d'estimulador elèctric implantat en el sistema nerviós
T852;Complicació mecànica de lent intraocular
T853;Complicació mecànica d'altres dispositius protètics, implants i empelts oculars
T854;Complicació mecànica de pròtesi i implant mamaris
T855;Complicació mecànica de dispositius protètics, implants i empelts gastrointestinals
T856;Complicació mecànica d'altres dispositius protètics, implants i empelts interns especificats
T857;Infecció i reacció inflamatòria per altres dispositius protètics, implants i empelts interns
T858;Altres complicacions de dispositius protètics, implants i empelts interns no classificades a cap altre lloc
T859;Complicació no especificada de dispositiu protètic, implant i empelt interns
T860;Rebuig de trasplantament de medul·la òssia
T861;Fallida i rebuig de trasplantament renal
T862;Fallida i rebuig de trasplantament cardíac
T863;Fallida i rebuig de trasplantament cardiopulmonar
T864;Fallida i rebuig de trasplantament hepàtic
T868;Fallida i rebuig d'altres òrgans i teixits trasplantats
T869;Fallida i rebuig d'òrgan i teixit trasplantat no especificats
T870;Complicacions de (part de) extremitat superior reinserida
T871;Complicacions de (part de) extremitat inferior reinserida
T872;Complicacions d'una altra part del cos reinserida
T873;Neuroma de monyó d'amputació
T874;Infecció de monyó d'amputació
T875;Necrosi de monyó d'amputació
T876;Altres complicacions de monyó d'amputació i complicacions de monyó d'amputació no especificades
T880;Infecció consecutiva a immunització
T881;Altres complicacions consecutives a immunització no classificades a cap altre lloc
T882;Xoc per anestèsia
T883;Hipertèrmia maligna consecutiva a anestèsia
T884;Intubació fallida o difícil
T885;Altres complicacions d'anestèsia
T886;Xoc anafilàctic per reacció adversa a fàrmac o medicament correctes administrats adequadament
T887;Reacció adversa a fàrmac o medicament no especificada
T888;Altres complicacions especificades d'assistència mèdica i quirúrgica no classificades a cap altre lloc
T889;Complicació no especificada d'assistència mèdica i quirúrgica
T900;Seqüeles de lesió superficial de cap
T901;Seqüeles de ferida oberta de cap
T902;Seqüeles de fractura d'ossos del crani i la cara
T903;Seqüeles de lesió de nervis cranials
T904;Seqüeles de lesió d'ull i òrbita
T905;Seqüeles de lesió intracranial
T908;Seqüeles d'altres lesions de cap especificades
T909;Seqüeles de lesió de cap no especificada
T910;Seqüeles de lesió superficial i ferida oberta de coll i tronc
T911;Seqüeles de fractura de columna vertebral
T912;Seqüeles d'una altra fractura de tòrax i pelvis
T913;Seqüeles de lesió de medul·la espinal
T914;Seqüeles de lesió d'òrgans intratoràcics
T915;Seqüeles de lesió d'òrgans intraadominals i pelvians
T918;Seqüeles d'altres lesions especificades de coll i tronc
T919;Seqüeles de lesió no especificada de coll i tronc
T920;Seqüeles de ferida oberta d'extremitat superior
T921;Seqüeles de fractura de braç
T922;Seqüeles de fractura a nivell del canell i la mà
T923;Seqüeles de luxació, esquinç i distensió d'extremitat superior
T924;Seqüeles de lesió de nervi d'extremitat superior
T925;Seqüeles de lesió de múscul i tendó d'extremitat superior
T926;Seqüeles de lesió per esclafament i amputació traumàtica d'extremitat superior
T928;Seqüeles d'altres lesions especificades d'extremitat superior
T929;Seqüeles de lesió no especificada d'extremitat superior
T930;Seqüeles de ferida oberta d'extremitat inferior
T931;Seqüeles de fractura de fèmur
T932;Seqüeles d'altres fractures d'extremitat inferior
T933;Seqüeles de luxació, esquinç i distensió d'extremitat inferior
T934;Seqüeles de lesió de nervi d'extremitat inferior
T935;Seqüeles de lesió de múscul i tendó d'extremitat inferior
T936;Seqüeles de lesió per esclafament i amputació traumàtica d'extremitat inferior
T938;Seqüeles d'altres lesions especificades d'extremitat inferior
T939;Seqüeles de lesió no especificada d'extremitat inferior
T940;Seqüeles de lesions que afecten regions corporals múltiples
T941;Seqüeles de lesions no especificades per regió corporal
T950;Seqüeles de cremada, corrosió i congelació de cap i coll
T951;Seqüeles de cremada, corrosió i congelació de tronc
T952;Seqüeles de cremada, corrosió i congelació d'extremitat superior
T953;Seqüeles de cremada, corrosió i congelació d'extremitat inferior
T954;Seqüeles de cremada i corrosió classificables només segons l'extensió de la superfície corporal afectada
T958;Seqüeles d'altra cremada, corrosió i congelació especificades
T959;Seqüeles de cremada, corrosió i congelació no especificades
T980;Seqüeles d'efectes de cos estrany que penetra per un orifici natural
T981;Seqüeles d'altres efectes de causes externes i seqüeles d'efectes de causes externes no especificats
T982;Seqüeles de determinades complicacions immediates de traumatismes
T983;Seqüeles d'altres complicacions d'assistència mèdica i quirúrgica no classificades a cap altre lloc
U049;Síndrome respiratòria aguda greu no especificada
U800;Agent resistent a la penicil·lina
U801;Agent resistent a la meticil·lina
U808;Agent resistent a altres antibiòtics relacionats amb la penicil·lina
U810;Agent resistent a la vancomicina
U818;Agent resistent a altres antibiòtics relacionats amb la vancomicina
U898;Agent resistent a un altre antibiòtic únic especificat
U899;Agent resistent a antibiòtic no especificat
V010;Vianant lesionat en col·lisió amb vehicle amb pedals: Accident que no és de trànsit
V011;Vianant lesionat en col·lisió amb vehicle amb pedals: Accident de trànsit
V019;Vianant lesionat en col·lisió amb vehicle amb pedals: Accident que no s'especifica si és de trànsit o si no és de trànsit
V020;Vianant lesionat en col·lisió amb vehicle de motor de dues o tres rodes: Accident que no és de trànsit
V021;Vianant lesionat en col·lisió amb vehicle de motor de dues o tres rodes: Accident de trànsit
V029;Vianant lesionat en col·lisió amb vehicle de motor de dues o tres rodes: Accident que no s'especifica si és de trànsit o si no és de trànsit
V030;Vianant lesionat en col·lisió amb cotxe, camioneta o furgoneta: Accident que no és de trànsit
V031;Vianant lesionat en col·lisió amb cotxe, camioneta o furgoneta: Accident de trànsit
V039;Vianant lesionat en col·lisió amb cotxe, camioneta o furgoneta: Accident que no s'especifica si és de trànsit o si no és de trànsit
V040;Vianant lesionat en col·lisió amb vehicle pesant o autobús: Accident que no és de trànsit
V041;Vianant lesionat en col·lisió amb vehicle pesant o autobús: Accident de trànsit
V049;Vianant lesionat en col·lisió amb vehicle pesant o autobús: Accident que no s'especifica si és de trànsit o si no és de trànsit
V050;Vianant lesionat en col·lisió amb ferrocarril o vehicle ferroviari: Accident que no és de trànsit
V051;Vianant lesionat en col·lisió amb ferrocarril o vehicle ferroviari: Accident de trànsit
V059;Vianant lesionat en col·lisió amb ferrocarril o vehicle ferroviari: Accident que no s'especifica si és de trànsit o si no és de trànsit
V060;Vianant lesionat en col·lisió amb un altre vehicle sense motor: Accident que no és de trànsit
V061;Vianant lesionat en col·lisió amb un altre vehicle sense motor: Accident de trànsit
V069;Vianant lesionat en col·lisió amb un altre vehicle sense motor: Accident que no s'especifica si és de trànsit o si no és de trànsit
V090;Vianant lesionat en accident que no és de trànsit i que implica altres vehicles de motor o vehicles de motor no especifcats
V091;Vianant lesionat en accident que no és de trànsit no especificat
V092;Vianant lesionat en accident de trànsit que implica altres vehicles de motor o vehicles de motor no especificats
V093;Vianant lesionat en accident de trànsit no especificat
V099;Vianant lesionat en accident de mitjà de transport no especificat
V100;Ciclista lesionat en col·lisió amb vianant o animal: Conductor lesionat en accident que no és de trànsit
V101;Ciclista lesionat en col·lisió amb vianant o animal: Passatger lesionat en accident que no és de trànsit
V102;Ciclista lesionat en col·lisió amb vianant o animal: Ciclista no especificat lesionat en accident que no és de trànsit
V103;Ciclista lesionat en col·lisió amb vianant o animal: Persona lesionada en pujar o baixar de vehicle
V104;Ciclista lesionat en col·lisió amb vianant o animal: Conductor lesionat en accident de trànsit
V105;Ciclista lesionat en col·lisió amb vianant o animal: Passatger lesionat en accident de trànsit
V109;Ciclista lesionat en col·lisió amb vianant o animal: Ciclista no especificat lesionat en accident de trànsit
V110;Ciclista lesionat en col·lisió amb un altre vehicle amb pedals: Conductor lesionat en accident que no és de trànsit
V111;Ciclista lesionat en col·lisió amb un altre vehicle amb pedals: Passatger lesionat en accident que no és de trànsit
V112;Ciclista lesionat en col·lisió amb un altre vehicle amb pedals: Ciclista no especificat lesionat en accident que no és de trànsit
V113;Ciclista lesionat en col·lisió amb un altre vehicle amb pedals: Persona lesionada en pujar o baixar de vehicle
V114;Ciclista lesionat en col·lisió amb un altre vehicle amb pedals: Conductor lesionat en accident de trànsit
V115;Ciclista lesionat en col·lisió amb un altre vehicle amb pedals: Passatger lesionat en accident de trànsit
V119;Ciclista lesionat en col·lisió amb un altre vehicle amb pedals: Ciclista no especificat lesionat en accident de trànsit
V120;Ciclista lesionat en col·lisió amb vehicle de motor de dues o tres rodes: Conductor lesionat en accident que no és de trànsit
V121;Ciclista lesionat en col·lisió amb vehicle de motor de dues o tres rodes: Passatger lesionat en accident que no és de trànsit
V122;Ciclista lesionat en col·lisió amb vehicle de motor de dues o tres rodes: Ciclista no especificat lesionat en accident que no és de trànsit
V123;Ciclista lesionat en col·lisió amb vehicle de motor de dues o tres rodes: Persona lesionada en pujar o baixar de vehicle
V124;Ciclista lesionat en col·lisió amb vehicle de motor de dues o tres rodes: Conductor lesionat en accident de trànsit
V125;Ciclista lesionat en col·lisió amb vehicle de motor de dues o tres rodes: Passatger lesionat en accident de trànsit
V129;Ciclista lesionat en col·lisió amb vehicle de motor de dues o tres rodes: Ciclista no especificat lesionat en accident de trànsit
V130;Ciclista lesionat en col·lisió amb cotxe, camioneta o furgoneta: Conductor lesionat en accident que no és de trànsit
V131;Ciclista lesionat en col·lisió amb cotxe, camioneta o furgoneta: Passatger lesionat en accident que no és de trànsit
V132;Ciclista lesionat en col·lisió amb cotxe, camioneta o furgoneta: Ciclista no especificat lesionat en accident que no és de trànsit
V133;Ciclista lesionat en col·lisió amb cotxe, camioneta o furgoneta: Persona lesionada en pujar o baixar de vehicle
V134;Ciclista lesionat en col·lisió amb cotxe, camioneta o furgoneta: Conductor lesionat en accident de trànsit
V135;Ciclista lesionat en col·lisió amb cotxe, camioneta o furgoneta: Passatger lesionat en accident de trànsit
V139;Ciclista lesionat en col·lisió amb cotxe, camioneta o furgoneta: Ciclista no especificat lesionat en accident de trànsit
V140;Ciclista lesionat en col·lisió amb vehicle pesant o autobús: Conductor lesionat en accident que no és de trànsit
V141;Ciclista lesionat en col·lisió amb vehicle pesant o autobús: Passatger lesionat en accident que no és de trànsit
V142;Ciclista lesionat en col·lisió amb vehicle pesant o autobús: Ciclista no especificat lesionat en accident que no és de trànsit
V143;Ciclista lesionat en col·lisió amb vehicle pesant o autobús: Persona lesionada en pujar o baixar de vehicle
V144;Ciclista lesionat en col·lisió amb vehicle pesant o autobús: Conductor lesionat en accident de trànsit
V145;Ciclista lesionat en col·lisió amb vehicle pesant o autobús: Passatger lesionat en accident de trànsit
V149;Ciclista lesionat en col·lisió amb vehicle pesant o autobús: Ciclista no especificat lesionat en accident de trànsit
V150;Ciclista lesionat en col·lisió amb ferrocarril o vehicle ferroviari: Conductor lesionat en accident que no és de trànsit
V151;Ciclista lesionat en col·lisió amb ferrocarril o vehicle ferroviari: Passatger lesionat en accident que no és de trànsit
V152;Ciclista lesionat en col·lisió amb ferrocarril o vehicle ferroviari: Ciclista no especificat lesionat en accident que no és de trànsit
V153;Ciclista lesionat en col·lisió amb ferrocarril o vehicle ferroviari: Persona lesionada en pujar o baixar de vehicle
V154;Ciclista lesionat en col·lisió amb ferrocarril o vehicle ferroviari: Conductor lesionat en accident de trànsit
V155;Ciclista lesionat en col·lisió amb ferrocarril o vehicle ferroviari: Passatger lesionat en accident de trànsit
V159;Ciclista lesionat en col·lisió amb ferrocarril o vehicle ferroviari: Ciclista no especificat lesionat en accident de trànsit
V160;Ciclista lesionat en col·lisió amb un altre vehicle sense motor: Conductor lesionat en accident que no és de trànsit
V161;Ciclista lesionat en col·lisió amb un altre vehicle sense motor: Passatger lesionat en accident que no és de trànsit
V162;Ciclista lesionat en col·lisió amb un altre vehicle sense motor: Ciclista no especificat lesionat en accident que no és de trànsit
V163;Ciclista lesionat en col·lisió amb un altre vehicle sense motor: Persona lesionada en pujar o baixar de vehicle
V164;Ciclista lesionat en col·lisió amb un altre vehicle sense motor: Conductor lesionat en accident de trànsit
V165;Ciclista lesionat en col·lisió amb un altre vehicle sense motor: Passatger lesionat en accident de trànsit
V169;Ciclista lesionat en col·lisió amb un altre vehicle sense motor: Ciclista no especificat lesionat en accident de trànsit
V170;Ciclista lesionat en col·lisió amb objecte fix o immòbil: Conductor lesionat en accident que no és de trànsit
V171;Ciclista lesionat en col·lisió amb objecte fix o immòbil: Passatger lesionat en accident que no és de trànsit
V172;Ciclista lesionat en col·lisió amb objecte fix o immòbil: Ciclista no especificat lesionat en accident que no és de trànsit
V173;Ciclista lesionat en col·lisió amb objecte fix o immòbil: Persona lesionada en pujar o baixar de vehicle
V174;Ciclista lesionat en col·lisió amb objecte fix o immòbil: Conductor lesionat en accident de trànsit
V175;Ciclista lesionat en col·lisió amb objecte fix o immòbil: Passatger lesionat en accident de trànsit
V179;Ciclista lesionat en col·lisió amb objecte fix o immòbil: Ciclista no especificat lesionat en accident de trànsit
V180;Ciclista lesionat en accident de mitjà de transport sense col·lisió: Conductor lesionat en accident que no és de trànsit
V181;Ciclista lesionat en accident de mitjà de transport sense col·lisió: Passatger lesionat en accident que no és de trànsit
V182;Ciclista lesionat en accident de mitjà de transport sense col·lisió: Ciclista no especificat lesionat en accident que no és de trànsit
V183;Ciclista lesionat en accident de mitjà de transport sense col·lisió: Persona lesionada en pujar o baixar de vehicle
V184;Ciclista lesionat en accident de mitjà de transport sense col·lisió: Conductor lesionat en accident de trànsit
V185;Ciclista lesionat en accident de mitjà de transport sense col·lisió: Passatger lesionat en accident de trànsit
V189;Ciclista lesionat en accident de mitjà de transport sense col·lisió: Ciclista no especificat lesionat en accident de trànsit
V190;Conductor lesionat en col·lisió amb altres vehicles de motor o vehicles de motor no especificats en accident que no és de transit
V191;Passatger lesionat en col·lisió amb altres vehicles de motor o vehicles de motor no especificats en accident que no és de trànsit
V192;Ciclista no especificat lesionat en col·lisió amb altres vehicles de motor o vehicles de motor no especificats en accident que no és de trànsit
V193;Ciclista [qualsevol] lesionat en accident que no és de trànsit no especificat
V194;Conductor lesionat en col·lisió amb altres vehicles de motor o vehicles de motor no especificats en accident de trànsit
V195;Passatger lesionat en col·lisió amb altres vehicles de motor o vehicles de motor no especificats en accident de trànsit
V196;Ciclista no especificat lesionat en col·lisió amb altres vehicles de motor o vehicles de motor no especificats en accident de trànsit
V198;Ciclista [qualsevol] lesionat en altres accidents de mitjans de transport especificats
V199;Ciclista [qualsevol] lesionat en accident de trànsit no especificat
V200;Motociclista lesionat en col·lisió amb vianant o animal: Conductor lesionat en accident que no és de trànsit
V201;Motociclista lesionat en col·lisió amb vianant o animal: Passatger lesionat en accident que no és de trànsit
V202;Motociclista lesionat en col·lisió amb vianant o animal: Motociclista no especificat lesionat en accident que no és de trànsit
V203;Motociclista lesionat en col·lisió amb vianant o animal: Persona lesionada en pujar o baixar de vehicle
V204;Motociclista lesionat en col·lisió amb vianant o animal: Conductor lesionat en accident de trànsit
V205;Motociclista lesionat en col·lisió amb vianant o animal: Passatger lesionat en accident de trànsit
V209;Motociclista lesionat en col·lisió amb vianant o animal: Motociclista no especificat lesionat en accident de trànsit
V210;Motociclista lesionat en col·lisió amb vehicle amb pedals: Conductor lesionat en accident que no és de trànsit
V211;Motociclista lesionat en col·lisió amb vehicle amb pedals: Passatger lesionat en accident que no és de trànsit
V212;Motociclista lesionat en col·lisió amb vehicle amb pedals: Motociclista no especificat lesionat en accident que no és de trànsit
V213;Motociclista lesionat en col·lisió amb vehicle amb pedals: Persona lesionada en pujar o baixar de vehicle
V214;Motociclista lesionat en col·lisió amb vehicle amb pedals: Conductor lesionat en accident de trànsit
V215;Motociclista lesionat en col·lisió amb vehicle amb pedals: Passatger lesionat en accident de trànsit
V219;Motociclista lesionat en col·lisió amb vehicle amb pedals: Motociclista no especificat lesionat en accident de trànsit
V220;Motociclista lesionat en col·lisió amb vehicle de motor de dues o tres rodes: Conductor lesionat en accident que no és de trànsit
V221;Motociclista lesionat en col·lisió amb vehicle de motor de dues o tres rodes: Passatger lesionat en accident que no és de trànsit
V222;Motociclista lesionat en col·lisió amb vehicle de motor de dues o tres rodes: Motociclista no especificat lesionat en accident que no és de trànsit
V223;Motociclista lesionat en col·lisió amb vehicle de motor de dues o tres rodes: Persona lesionada en pujar o baixar de vehicle
V224;Motociclista lesionat en col·lisió amb vehicle de motor de dues o tres rodes: Conductor lesionat en accident de trànsit
V225;Motociclista lesionat en col·lisió amb vehicle de motor de dues o tres rodes: Passatger lesionat en accident de trànsit
V229;Motociclista lesionat en col·lisió amb vehicle de motor de dues o tres rodes
V230;Motociclista lesionat en col·lisió amb cotxe, camioneta o furgoneta: Conductor lesionat en accident que no és de trànsit
V231;Motociclista lesionat en col·lisió amb cotxe, camioneta o furgoneta: Passatger lesionat en accident que no és de trànsit
V232;Motociclista lesionat en col·lisió amb cotxe, camioneta o furgoneta: Motociclista no especificat lesionat en accident que no és de trànsit
V233;Motociclista lesionat en col·lisió amb cotxe, camioneta o furgoneta: Persona lesionada en pujar o baixar de vehicle
V234;Motociclista lesionat en col·lisió amb cotxe, camioneta o furgoneta: Conductor lesionat en accident de trànsit
V235;Motociclista lesionat en col·lisió amb cotxe, camioneta o furgoneta: Passatger lesionat en accident de trànsit
V239;Motociclista lesionat en col·lisió amb cotxe, camioneta o furgoneta: Motociclista no especificat lesionat en accident de trànsit
V240;Motociclista lesionat en col·lisió amb vehicle pesant o autobús: Conductor lesionat en accident que no és de trànsit
V241;Motociclista lesionat en col·lisió amb vehicle pesant o autobús: Passatger lesionat en accident que no és de trànsit
V242;Motociclista lesionat en col·lisió amb vehicle pesant o autobús: Motociclista no especificat lesionat en accident que no és de trànsit
V243;Motociclista lesionat en col·lisió amb vehicle pesant o autobús: Persona lesionada en pujar o baixar de vehicle
V244;Motociclista lesionat en col·lisió amb vehicle pesant o autobús: Conductor lesionat en accident de trànsit
V245;Motociclista lesionat en col·lisió amb vehicle pesant o autobús: Passatger lesionat en accident de trànsit
V249;Motociclista lesionat en col·lisió amb vehicle pesant o autobús: Motociclista no especificat lesionat en accident de trànsit
V250;Motociclista lesionat en col·lisió amb ferrocarril o vehicle ferroviari: Conductor lesionat en accident que no és de trànsit
V251;Motociclista lesionat en col·lisió amb ferrocarril o vehicle ferroviari: Passatger lesionat en accident que no és de trànsit
V252;Motociclista lesionat en col·lisió amb ferrocarril o vehicle ferroviari: Motociclista no especificat lesionat en accident que no és de trànsit
V253;Motociclista lesionat en col·lisió amb ferrocarril o vehicle ferroviari: Persona lesionada en pujar o baixar de vehicle
V254;Motociclista lesionat en col·lisió amb ferrocarril o vehicle ferroviari: Conductor lesionat en accident de trànsit
V255;Motociclista lesionat en col·lisió amb ferrocarril o vehicle ferroviari: Passatger lesionat en accident de trànsit
V259;Motociclista lesionat en col·lisió amb ferrocarril o vehicle ferroviari: Motociclista no especificat lesionat en accident de trànsit
V260;Motociclista lesionat en col·lisió amb un altre vehicle sense motor: Conductor lesionat en accident que no és de trànsit
V261;Motociclista lesionat en col·lisió amb un altre vehicle sense motor: Passatger lesionat en accident que no és de trànsit
V262;Motociclista lesionat en col·lisió amb un altre vehicle sense motor: Motociclista no especificat lesionat en accident que no és de trànsit
V263;Motociclista lesionat en col·lisió amb un altre vehicle sense motor: Persona lesionada en pujar o baixar de vehicle
V264;Motociclista lesionat en col·lisió amb un altre vehicle sense motor: Conductor lesionat en accident de trànsit
V265;Motociclista lesionat en col·lisió amb un altre vehicle sense motor: Passatger lesionat en accident de trànsit
V269;Motociclista lesionat en col·lisió amb un altre vehicle sense motor: Motociclista no especificat lesionat en accident de trànsit
V270;Motociclista lesionat en col·lisió amb objecte fix o immòbil: Conductor lesionat en accident que no és de trànsit
V271;Motociclista lesionat en col·lisió amb objecte fix o immòbil: Passatger lesionat en accident que no és de trànsit
V272;Motociclista lesionat en col·lisió amb objecte fix o immòbil: Motociclista no especificat lesionat en accident que no és de trànsit
V273;Motociclista lesionat en col·lisió amb objecte fix o immòbil: Persona lesionada en pujar o baixar de vehicle
V274;Motociclista lesionat en col·lisió amb objecte fix o immòbil: Conductor lesionat en accident de trànsit
V275;Motociclista lesionat en col·lisió amb objecte fix o immòbil: Passatger lesionat en accident de trànsit
V279;Motociclista lesionat en col·lisió amb objecte fix o immòbil: Motociclista no especificat lesionat en accident de trànsit
V280;Motociclista lesionat en accident de mitjà de transport sense col·lisió: Conductor lesionat en accident que no és de trànsit
V281;Motociclista lesionat en accident de mitjà de transport sense col·lisió: Passatger lesionat en accident que no és de trànsit
V282;Motociclista lesionat en accident de mitjà de transport sense col·lisió: Motociclista no especificat lesionat en accident que no és de trànsit
V283;Motociclista lesionat en accident de mitjà de transport sense col·lisió: Persona lesionada en pujar o baixar de vehicle
V284;Motociclista lesionat en accident de mitjà de transport sense col·lisió: Conductor lesionat en accident de trànsit
V285;Motociclista lesionat en accident de mitjà de transport sense col·lisió: Passatger lesionat en accident de trànsit
V289;Motociclista lesionat en accident de mitjà de transport sense col·lisió: Motociclista no especificat lesionat en accident de trànsit
V290;Conductor lesionat en col·lisió amb altres vehicles de motor o vehicles de motor no especificats en accident que no és de trànsit
V291;Passatger lesionat en col·lisió amb altres vehicles de motor o vehicles de motor no especificats en accident que no és de trànsit
V292;Motociclista no especificat lesionat en col·lisió amb altres vehicles de motor o vehicles de motor no especificats en accident que no és de trànsit
V293;Motociclista [qualsevol] lesionat en accident que no és de trànsit no especificat
V294;Conductor lesionat en col·lisió amb altres vehicles de motor o vehicles de motor no especificats en accident de trànsit
V295;Passatger lesionat en col·lisió amb altres vehicles de motor o vehicles de motor no especificats en accident de trànsit
V296;Motociclista no especificat lesionat en col·lisió amb altres vehicles de motor o vehicles de motor no especificats en accident de trànsit
V298;Motociclista [qualsevol] lesionat en altres accidents de mitjans de transport especificats
V299;Motociclista [qualsevol] lesionat en accident de trànsit no especificat
V300;Ocupant de vehicle de motor de tres rodes lesionat en col·lisió amb vianant o animal: Conductor lesionat en accident que no és de trànsit
V301;Ocupant de vehicle de motor de tres rodes lesionat en col·lisió amb vianant o animal: Passatger lesionat en accident que no és de trànsit
V302;Ocupant de vehicle de motor de tres rodes lesionat en col·lisió amb vianant o animal: Persona que viatja fora del vehicle lesionada en accident que no és de trànsit
V303;Ocupant de vehicle de motor de tres rodes lesionat en col·lisió amb vianant o animal: Ocupant no especificat de vehicle de motor de tres rodes lesionat en accident que no és de trànsit
V304;Ocupant de vehicle de motor de tres rodes lesionat en col·lisió amb vianant o animal: Persona lesionada en pujar o baixar de vehicle
V305;Ocupant de vehicle de motor de tres rodes lesionat en col·lisió amb vianant o animal: Conductor lesionat en accident de trànsit
V306;Ocupant de vehicle de motor de tres rodes lesionat en col·lisió amb vianant o animal: Passatger lesionat en accident de trànsit
V307;Ocupant de vehicle de motor de tres rodes lesionat en col·lisió amb vianant o animal: Persona que viatja fora del vehicle lesionada en accident de trànsit
V309;Ocupant de vehicle de motor de tres rodes lesionat en col·lisió amb vianant o animal: Ocupant no especificat de vehicle de motor de tres rodes lesionat en accident de trànsit
V310;Ocupant de vehicle de motor de tres rodes lesionat en col·lisió amb vehicle amb pedals: Conductor lesionat en accident que no és de trànsit
V311;Ocupant de vehicle de motor de tres rodes lesionat en col·lisió amb vehicle amb pedals: Passatger lesionat en accident que no és de trànsit
V312;Ocupant de vehicle de motor de tres rodes lesionat en col·lisió amb vehicle amb pedals: Persona que viatja fora del vehicle lesionada en accident que no és de trànsit
V313;Ocupant de vehicle de motor de tres rodes lesionat en col·lisió amb vehicle amb pedals: Ocupant no especificat de vehicle de motor de tres rodes lesionat en accident que no és de trànsit
V314;Ocupant de vehicle de motor de tres rodes lesionat en col·lisió amb vehicle amb pedals: Persona lesionada en pujar o baixar de vehicle
V315;Ocupant de vehicle de motor de tres rodes lesionat en col·lisió amb vehicle amb pedals: Conductor lesionat en accident de trànsit
V316;Ocupant de vehicle de motor de tres rodes lesionat en col·lisió amb vehicle amb pedals: Passatger lesionat en accident de trànsit
V317;Ocupant de vehicle de motor de tres rodes lesionat en col·lisió amb vehicle amb pedals: Persona que viatja fora del vehicle lesionada en accident de trànsit
V319;Ocupant de vehicle de motor de tres rodes lesionat en col·lisió amb vehicle amb pedals: Ocupant no especificat de vehicle de motor de tres rodes lesionat en accident de trànsit
V320;Ocupant de vehicle de motor de tres rodes lesionat en col·lisió amb vehicle de motor de dues o tres rodes: Conductor lesionat en accident que no és de trànsit
V321;Ocupant de vehicle de motor de tres rodes lesionat en col·lisió amb vehicle de motor de dues o tres rodes: Passatger lesionat en accident que no és de trànsit
V322;Ocupant de vehicle de motor de tres rodes lesionat en col·lisió amb vehicle de motor de dues o tres rodes: Persona que viatja fora del vehicle lesionada en accident que no és de trànsit
V323;Ocupant de vehicle de motor de tres rodes lesionat en col·lisió amb vehicle de motor de dues o tres rodes: Ocupant no especificat de vehicle de motor de tres rodes lesionat en accident que no és de trànsit
V324;Ocupant de vehicle de motor de tres rodes lesionat en col·lisió amb vehicle de motor de dues o tres rodes: Persona lesionada en pujar o baixar de vehicle
V325;Ocupant de vehicle de motor de tres rodes lesionat en col·lisió amb vehicle de motor de dues o tres rodes: Conductor lesionat en accident de trànsit
V326;Ocupant de vehicle de motor de tres rodes lesionat en col·lisió amb vehicle de motor de dues o tres rodes: Passatger lesionat en accident de trànsit
V327;Ocupant de vehicle de motor de tres rodes lesionat en col·lisió amb vehicle de motor de dues o tres rodes: Persona que viatja fora del vehicle lesionada en accident de trànsit
V329;Ocupant de vehicle de motor de tres rodes lesionat en col·lisió amb vehicle de motor de dues o tres rodes: Ocupant no especificat de vehicle de motor de tres rodes lesionat en accident de trànsit
V330;Ocupant de vehicle de motor de tres rodes lesionat en col·lisió amb cotxe, camioneta o furgoneta: Conductor lesionat en accident que no és de trànsit
V331;Ocupant de vehicle de motor de tres rodes lesionat en col·lisió amb cotxe, camioneta o furgoneta: Passatger lesionat en accident que no és de trànsit
V332;Ocupant de vehicle de motor de tres rodes lesionat en col·lisió amb cotxe, camioneta o furgoneta: Persona que viatja fora del vehicle lesionada en accident que no és de trànsit
V333;Ocupant de vehicle de motor de tres rodes lesionat en col·lisió amb cotxe, camioneta o furgoneta: Ocupant no especificat de vehicle de motor de tres rodes lesionat en accident que no és de trànsit
V334;Ocupant de vehicle de motor de tres rodes lesionat en col·lisió amb cotxe, camioneta o furgoneta: Persona lesionada en pujar o baixar de vehicle
V335;Ocupant de vehicle de motor de tres rodes lesionat en col·lisió amb cotxe, camioneta o furgoneta: Conductor lesionat en en accident de trànsit
V336;Ocupant de vehicle de motor de tres rodes lesionat en col·lisió amb cotxe, camioneta o furgoneta: Passatger lesionat en accident de trànsit
V337;Ocupant de vehicle de motor de tres rodes lesionat en col·lisió amb cotxe, camioneta o furgoneta: Persona que viatja fora del vehicle lesionada en accident de trànsit
V339;Ocupant de vehicle de motor de tres rodes lesionat en col·lisió amb cotxe, camioneta o furgoneta: Ocupant no especificat de vehicle de motor de tres rodes lesionat en accident de trànsit
V340;Ocupant de vehicle de motor de tres rodes lesionat en col·lisió amb vehicle pesant o autobús: Conductor lesionat en accident que no és de trànsit
V341;Ocupant de vehicle de motor de tres rodes lesionat en col·lisió amb vehicle pesant o autobús: Passatger lesionat en accident que no és de trànsit
V342;Ocupant de vehicle de motor de tres rodes lesionat en col·lisió amb vehicle pesant o autobús: Persona que viatja fora del vehicle lesionada en accident que no és de trànsit
V343;Ocupant de vehicle de motor de tres rodes lesionat en col·lisió amb vehicle pesant o autobús: Ocupant no especificat de vehicle de motor de tres rodes lesionat en accident que no és de trànsit
V344;Ocupant de vehicle de motor de tres rodes lesionat en col·lisió amb vehicle pesant o autobús: Persona lesionada en pujar o baixar del vehicle
V345;Ocupant de vehicle de motor de tres rodes lesionat en col·lisió amb vehicle pesant o autobús: Conductor lesionat en accident de trànsit
V346;Ocupant de vehicle de motor de tres rodes lesionat en col·lisió amb vehicle pesant o autobús: Passatger lesionat en accident de trànsit
V347;Ocupant de vehicle de motor de tres rodes lesionat en col·lisió amb vehicle pesant o autobús: Persona que viatja fora del vehicle lesionada en accident de trànsit
V349;Ocupant de vehicle de motor de tres rodes lesionat en col·lisió amb vehicle pesant o autobús: Ocupant no especificat de vehicle de motor de tres rodes lesionat en accident de trànsit
V350;Ocupant de vehicle de motor de tres rodes lesionat en col·lisió amb ferrocarril o vehicle ferroviari: Conductor lesionat en accident que no és de trànsit
V351;Ocupant de vehicle de motor de tres rodes lesionat en col·lisió amb ferrocarril o vehicle ferroviari: Passatger lesionat en accident que no és de trànsit
V352;Ocupant de vehicle de motor de tres rodes lesionat en col·lisió amb ferrocarril o vehicle ferroviari: Persona que viatja fora del vehicle lesionada en accident que no és de trànsit
V353;Ocupant de vehicle de motor de tres rodes lesionat en col·lisió amb ferrocarril o vehicle ferroviari: Ocupant no especificat de vehicle de motor de tres rodes lesionat en accident que no és de trànsit
V354;Ocupant de vehicle de motor de tres rodes lesionat en col·lisió amb ferrocarril o vehicle ferroviari: Persona lesionada en pujar o baixar del vehicle
V355;Ocupant de vehicle de motor de tres rodes lesionat en col·lisió amb ferrocarril o vehicle ferroviari: Conductor lesionat en accident de trànsit
V356;Ocupant de vehicle de motor de tres rodes lesionat en col·lisió amb ferrocarril o vehicle ferroviari: Passatger lesionat en accident de trànsit
V357;Ocupant de vehicle de motor de tres rodes lesionat en col·lisió amb ferrocarril o vehicle ferroviari: Persona que viatja fora del vehicle lesionada en accident de trànsit
V359;Ocupant de vehicle de motor de tres rodes lesionat en col·lisió amb ferrocarril o vehicle ferroviari: Ocupant no especificat de vehicle de motor de tres rodes lesionat en accident de trànsit
V360;Ocupant de vehicle de motor de tres rodes lesionat en col·lisió amb un altre vehicle sense motor: Conductor lesionat en accident que no és de trànsit
V361;Ocupant de vehicle de motor de tres rodes lesionat en col·lisió amb un altre vehicle sense motor: Passatger lesionat en accident que no és de trànsit
V362;Ocupant de vehicle de motor de tres rodes lesionat en col·lisió amb un altre vehicle sense motor: Persona que viatja fora del vehicle lesionada en accident que no és de trànsit
V363;Ocupant de vehicle de motor de tres rodes lesionat en col·lisió amb un altre vehicle sense motor: Ocupant no especificat de vehicle de motor de tres rodes lesionat en accident que no és de trànsit
V364;Ocupant de vehicle de motor de tres rodes lesionat en col·lisió amb un altre vehicle sense motor: Persona lesionada en pujar o baixar de vehicle
V365;Ocupant de vehicle de motor de tres rodes lesionat en col·lisió amb un altre vehicle sense motor: Conductor lesionat en accident de trànsit
V366;Ocupant de vehicle de motor de tres rodes lesionat en col·lisió amb un altre vehicle sense motor: Passatger lesionat en accident de trànsit
V367;Ocupant de vehicle de motor de tres rodes lesionat en col·lisió amb un altre vehicle sense motor: Persona que viatja fora del vehicle lesionada en accident de trànsit
V369;Ocupant de vehicle de motor de tres rodes lesionat en col·lisió amb un altre vehicle sense motor: Ocupant no especificat de vehicle de motor de tres rodes lesionat en accident de trànsit
V370;Ocupant de vehicle de motor de tres rodes lesionat en col·lisió amb objecte fix o immòbil: Conductor lesionat en accideConductor lesionat en accident que no és de trànsit
V371;Ocupant de vehicle de motor de tres rodes lesionat en col·lisió amb objecte fix o immòbil: Passatger lesionat en accident que no és de trànsit
V372;Ocupant de vehicle de motor de tres rodes lesionat en col·lisió amb objecte fix o immòbil: Persona que viatja fora del vehicle lesionada en accident que no és de trànsit
V373;Ocupant de vehicle de motor de tres rodes lesionat en col·lisió amb objecte fix o immòbil: Ocupant no especificat de vehicle de motor de tres rodes lesionat en accident que no és de trànsit
V374;Ocupant de vehicle de motor de tres rodes lesionat en col·lisió amb objecte fix o immòbil: Persona lesionada en pujar o baixar de vehicle
V375;Ocupant de vehicle de motor de tres rodes lesionat en col·lisió amb objecte fix o immòbil: Conductor lesionat en accident de trànsit
V376;Ocupant de vehicle de motor de tres rodes lesionat en col·lisió amb objecte fix o immòbil: Passatger lesionat en accident de trànsit
V377;Ocupant de vehicle de motor de tres rodes lesionat en col·lisió amb objecte fix o immòbil: Persona que viatja fora del vehicle lesionada en accident de trànsit
V379;Ocupant de vehicle de motor de tres rodes lesionat en col·lisió amb objecte fix o immòbil: Ocupant no especificat de vehicle de motor de tres rodes lesionat en accident de trànsit
V380;Ocupant de vehicle de motor de tres rodes lesionat en accident de mitjà de transport sense col·lisió: Conductor lesionat en accident que no és de trànsit
V381;Ocupant de vehicle de motor de tres rodes lesionat en accident de mitjà de transport sense col·lisió: Passatger lesionat en accident que no és de trànsit
V382;Ocupant de vehicle de motor de tres rodes lesionat en accident de mitjà de transport sense col·lisió: Persona que viatja fora del vehicle lesionada en accident que no és de trànsit
V383;Ocupant de vehicle de motor de tres rodes lesionat en accident de mitjà de transport sense col·lisió: Ocupant no especificat de vehicle de motor de tres rodes lesionat en accident que no és de trànsit
V384;Ocupant de vehicle de motor de tres rodes lesionat en accident de mitjà de transport sense col·lisió: Persona lesionada en pujar o baixar de vehicle
V385;Ocupant de vehicle de motor de tres rodes lesionat en accident de mitjà de transport sense col·lisió: Conductor lesionat en accident de trànsit
V386;Ocupant de vehicle de motor de tres rodes lesionat en accident de mitjà de transport sense col·lisió: Passatger lesionat en accident de trànsit
V387;Ocupant de vehicle de motor de tres rodes lesionat en accident de mitjà de transport sense col·lisió: Persona que viatja fora del vehicle lesionada en accident de trànsit
V389;Ocupant de vehicle de motor de tres rodes lesionat en accident de mitjà de transport sense col·lisió: Ocupant no especificat de vehicle de motor de tres rodes lesionat en accident de trànsit
V390;Conductor lesionat en col·lisió amb altres vehicles de motor o vehicles de motor no especificats en accident que no és de trànsit
V391;Passatger lesionat en col·lisió amb altres vehicles de motor o vehicles de motor no especificats en accident que no és de trànsit
V392;Ocupant no especificat de vehicle de motor de tres rodes lesionat en col·lisió amb altres vehicles de motor o vehicles de motor no especificats en accident que no és de trànsit
V393;Ocupant [qualsevol] de vehicle de motor de tres rodes lesionat en accident que no és de trànsit no especificat
V394;Conductor lesionat en col·lisió amb altres vehicles de motor o vehicles de motor no especificats en accident de trànsit
V395;Passatger lesionat en col·lisió amb altres vehicles de motor o vehicles de motor no especificats en accident de trànsit
V396;Ocupant no especificat de vehicle de motor de tres rodes lesionat en col·lisió amb altres vehicles de motor o vehicles de motor no especificats en accident de trànsit
V398;Ocupant [qualsevol] de vehicle de motor de tres rodes lesionat en altres accidents de mitjans de transport especificats
V399;Ocupant [qualsevol] de vehicle de motor de tres rodes lesionat en accident de trànsit no especificat
V400;Ocupant de cotxe lesionat en col·lisió amb vianant o animal: Conductor lesionat en accident que no és de trànsit
V401;Ocupant de cotxe lesionat en col·lisió amb vianant o animal: Passatger lesionat en accident que no és de trànsit
V402;Ocupant de cotxe lesionat en col·lisió amb vianant o animal: Persona que viatja fora del vehicle lesionada en accident que no és de trànsit
V403;Ocupant de cotxe lesionat en col·lisió amb vianant o animal: Ocupant de cotxe no especificat lesionat en accident que no és de trànsit
V404;Ocupant de cotxe lesionat en col·lisió amb vianant o animal: Persona lesionada en pujar o baixar de vehicle
V405;Ocupant de cotxe lesionat en col·lisió amb vianant o animal: Conductor lesionat en accident de trànsit
V406;Ocupant de cotxe lesionat en col·lisió amb vianant o animal: Passatger lesionat en accident de trànsit
V407;Ocupant de cotxe lesionat en col·lisió amb vianant o animal: Persona que viatja fora del vehicle lesionada en accident de trànsit
V409;Ocupant de cotxe lesionat en col·lisió amb vianant o animal: Ocupant de cotxe no especificat lesionat en accident de trànsit
V410;Ocupant de cotxe lesionat en col·lisió amb vehicle amb pedals: Conductor lesionat en accident que no és de trànsit
V411;Ocupant de cotxe lesionat en col·lisió amb vehicle amb pedals: Passatger lesionat en accident que no és de trànsit
V412;Ocupant de cotxe lesionat en col·lisió amb vehicle amb pedals: Persona que viatja fora del vehicle lesionada en accident que no és de trànsit
V413;Ocupant de cotxe lesionat en col·lisió amb vehicle amb pedals: Ocupant de cotxe no especificat lesionat en accident que no és de trànsit
V414;Ocupant de cotxe lesionat en col·lisió amb vehicle amb pedals: Persona lesionada en pujar o baixar de vehicle
V415;Ocupant de cotxe lesionat en col·lisió amb vehicle amb pedals: Conductor lesionat en accident de trànsit
V416;Ocupant de cotxe lesionat en col·lisió amb vehicle amb pedals: Passatger lesionat en accident de trànsit
V417;Ocupant de cotxe lesionat en col·lisió amb vehicle amb pedals: Persona que viatja fora del vehicle lesionada en accident de trànsit
V419;Ocupant de cotxe lesionat en col·lisió amb vehicle amb pedals: Ocupant de cotxe no especificat lesionat en accident de trànsit
V420;Ocupant de cotxe lesionat en col·lisió amb vehicle de motor de dues o tres rodes: Conductor lesionat en accident que no és de trànsit
V421;Ocupant de cotxe lesionat en col·lisió amb vehicle de motor de dues o tres rodes: Passatger lesionat en accident que no és de trànsit
V422;Ocupant de cotxe lesionat en col·lisió amb vehicle de motor de dues o tres rodes: Persona que viatja fora del vehicle lesionada en accident que no és de trànsit
V423;Ocupant de cotxe lesionat en col·lisió amb vehicle de motor de dues o tres rodes: Ocupant de cotxe no especificat lesionat en accident que no és de trànsit
V424;Ocupant de cotxe lesionat en col·lisió amb vehicle de motor de dues o tres rodes: Persona lesionada en pujar o baixar de vehicle
V425;Ocupant de cotxe lesionat en col·lisió amb vehicle de motor de dues o tres rodes: Conductor lesionat en accident de trànsit
V426;Ocupant de cotxe lesionat en col·lisió amb vehicle de motor de dues o tres rodes: Passatger lesionat en accident de trànsit
V427;Ocupant de cotxe lesionat en col·lisió amb vehicle de motor de dues o tres rodes: Persona que viatja fora del vehicle lesionada en accident de trànsit
V429;Ocupant de cotxe lesionat en col·lisió amb vehicle de motor de dues o tres rodes: Ocupant de cotxe no especificat lesionat en accident de trànsit
V430;Ocupant de cotxe lesionat en col·lisió amb cotxe, camioneta o furgoneta: Conductor lesionat en accident que no és de trànsit
V431;Ocupant de cotxe lesionat en col·lisió amb cotxe, camioneta o furgoneta: Passatger lesionat en accident que no és de trànsit
V432;Ocupant de cotxe lesionat en col·lisió amb cotxe, camioneta o furgoneta: Persona que viatja fora del vehicle lesionada en accident que no és de trànsit
V433;Ocupant de cotxe lesionat en col·lisió amb cotxe, camioneta o furgoneta: Ocupant de cotxe no especificat lesionat en accident que no és de trànsit
V434;Ocupant de cotxe lesionat en col·lisió amb cotxe, camioneta o furgoneta: Persona lesionada en pujar o baixar de vehicle
V435;Ocupant de cotxe lesionat en col·lisió amb cotxe, camioneta o furgoneta: Conductor lesionat en accident de trànsit
V436;Ocupant de cotxe lesionat en col·lisió amb cotxe, camioneta o furgoneta: Passatger lesionat en accident de trànsit
V437;Ocupant de cotxe lesionat en col·lisió amb cotxe, camioneta o furgoneta: Persona que viatja fora del vehicle lesionada en accident de trànsit
V439;Ocupant de cotxe lesionat en col·lisió amb cotxe, camioneta o furgoneta: Ocupant de cotxe no especificat lesionat en accident de trànsit
V440;Ocupant de cotxe lesionat en col·lisió amb vehicle pesant o autobús: Conductor lesionat en accident que no és de trànsit
V441;Ocupant de cotxe lesionat en col·lisió amb vehicle pesant o autobús: Passatger lesionat en accident que no és de trànsit
V442;Ocupant de cotxe lesionat en col·lisió amb vehicle pesant o autobús: Persona que viatja fora del vehicle lesionada en accident que no és de trànsit
V443;Ocupant de cotxe lesionat en col·lisió amb vehicle pesant o autobús: Ocupant de cotxe no especificat lesionat en accident que no és de trànsit
V444;Ocupant de cotxe lesionat en col·lisió amb vehicle pesant o autobús: Persona lesionada en pujar o baixar de vehicle
V445;Ocupant de cotxe lesionat en col·lisió amb vehicle pesant o autobús: Conductor lesionat en accident de trànsit
V446;Ocupant de cotxe lesionat en col·lisió amb vehicle pesant o autobús: Passatger lesionat en accident de trànsit
V447;Ocupant de cotxe lesionat en col·lisió amb vehicle pesant o autobús: Persona que viatja fora del vehicle lesionada en accident de trànsit
V449;Ocupant de cotxe lesionat en col·lisió amb vehicle pesant o autobús: Ocupant de cotxe no especificat lesionat en accident de trànsit
V450;Ocupant de cotxe lesionat en col·lisió amb ferrocarril o vehicle ferroviari: Conductor lesionat en accident que no és de trànsit
V451;Ocupant de cotxe lesionat en col·lisió amb ferrocarril o vehicle ferroviari: Passatger lesionat en accident que no és de trànsit
V452;Ocupant de cotxe lesionat en col·lisió amb ferrocarril o vehicle ferroviari: Persona que viatja fora del vehicle lesionada en accident que no és de trànsit
V453;Ocupant de cotxe lesionat en col·lisió amb ferrocarril o vehicle ferroviari: Ocupant de cotxe no especificat lesionat en accident que no és de trànsit
V454;Ocupant de cotxe lesionat en col·lisió amb ferrocarril o vehicle ferroviari: Persona lesionada en pujar o baixar de vehicle
V455;Ocupant de cotxe lesionat en col·lisió amb ferrocarril o vehicle ferroviari: Conductor lesionat en accident de trànsit
V456;Ocupant de cotxe lesionat en col·lisió amb ferrocarril o vehicle ferroviari: Passatger lesionat en accident de trànsit
V457;Ocupant de cotxe lesionat en col·lisió amb ferrocarril o vehicle ferroviari: Persona que viatja fora del vehicle lesionada en accident de trànsit
V459;Ocupant de cotxe lesionat en col·lisió amb ferrocarril o vehicle ferroviari: Ocupant de cotxe no especificat lesionat en accident de trànsit
V460;Ocupant de cotxe lesionat en col·lisió amb un altre vehicle sense motor: Conductor lesionat en accident que no és de trànsit
V461;Ocupant de cotxe lesionat en col·lisió amb un altre vehicle sense motor: Passatger lesionat en accident que no és de trànsit
V462;Ocupant de cotxe lesionat en col·lisió amb un altre vehicle sense motor: Persona que viatja fora del vehicle lesionada en accident que no és de trànsit
V463;Ocupant de cotxe lesionat en col·lisió amb un altre vehicle sense motor: Ocupant de cotxe no especificat lesionat en accident que no és de trànsit
V464;Ocupant de cotxe lesionat en col·lisió amb un altre vehicle sense motor: Persona lesionada en pujar o baixar de vehicle
V465;Ocupant de cotxe lesionat en col·lisió amb un altre vehicle sense motor: Conductor lesionat en accident de trànsit
V466;Ocupant de cotxe lesionat en col·lisió amb un altre vehicle sense motor: Passatger lesionat en accident de trànsit
V467;Ocupant de cotxe lesionat en col·lisió amb un altre vehicle sense motor: Persona que viatja fora del vehicle lesionada en accident de trànsit
V469;Ocupant de cotxe lesionat en col·lisió amb un altre vehicle sense motor: Ocupant de cotxe no especificat lesionat en accident de trànsit
V470;Ocupant de cotxe lesionat en col·lisió amb objecte fix o immòbil: Conductor lesionat en accident que no és de trànsit
V471;Ocupant de cotxe lesionat en col·lisió amb objecte fix o immòbil: Passatger lesionat en accident que no és de trànsit
V472;Ocupant de cotxe lesionat en col·lisió amb objecte fix o immòbil: Persona que viatja fora del vehicle lesionada en accident que no és de trànsit
V473;Ocupant de cotxe lesionat en col·lisió amb objecte fix o immòbil: Ocupant de cotxe no especificat lesionat en accident que no és de trànsit
V474;Ocupant de cotxe lesionat en col·lisió amb objecte fix o immòbil: Persona lesionada en pujar o baixar de vehicle
V475;Ocupant de cotxe lesionat en col·lisió amb objecte fix o immòbil: Conductor lesionat en accident de trànsit
V476;Ocupant de cotxe lesionat en col·lisió amb objecte fix o immòbil: Passatger lesionat en accident de trànsit
V477;Ocupant de cotxe lesionat en col·lisió amb objecte fix o immòbil: Persona que viatja fora del vehicle lesionada en accident de trànsit
V479;Ocupant de cotxe lesionat en col·lisió amb objecte fix o immòbil: Ocupant de cotxe no especificat lesionat en accident de trànsit
V480;Ocupant de cotxe lesionat en accident de mitjà de transport sense col·lisió: Conductor lesionat en accident que no és de trànsit
V481;Ocupant de cotxe lesionat en accident de mitjà de transport sense col·lisió: Passatger lesionat en accident que no és de trànsit
V482;Ocupant de cotxe lesionat en accident de mitjà de transport sense col·lisió: Persona que viatja fora del vehicle lesionada en accident que no és de trànsit
V483;Ocupant de cotxe lesionat en accident de mitjà de transport sense col·lisió: Ocupant de cotxe no especificat lesionat en accident que no és de trànsit
V484;Ocupant de cotxe lesionat en accident de mitjà de transport sense col·lisió: Persona lesionada en pujar o baixar de vehicle
V485;Ocupant de cotxe lesionat en accident de mitjà de transport sense col·lisió: Conductor lesionat en accident de trànsit
V486;Ocupant de cotxe lesionat en accident de mitjà de transport sense col·lisió: Passatger lesionat en accident de trànsit
V487;Ocupant de cotxe lesionat en accident de mitjà de transport sense col·lisió: Persona que viatja fora del vehicle lesionada en accident de trànsit
V489;Ocupant de cotxe lesionat en accident de mitjà de transport sense col·lisió: Ocupant de cotxe no especificat lesionat en accident de trànsit
V490;Conductor lesionat en col·lisió amb altres vehicles de motor o vehicles de motor no especificats en accident que no és de trànsit
V491;Passatger lesionat en col·lisió amb altres vehicles de motor o vehicles de motor no especificats en accident que no és de trànsit
V492;Ocupant de cotxe no especificat lesionat en col·lisió amb altres vehicles de motor o vehicles de motor no especificats en accident que no és de trànsit
V493;Ocupant de cotxe [qualsevol] lesionat en accident que no és de trànsit no especificat
V494;Conductor lesionat en col·lisió amb altres vehicles de motor o vehicles de motor no especificats en accident de trànsit
V495;Passatger lesionat en col·lisió amb altres vehicles de motor o vehicles de motor no especificats en accident de trànsit
V496;Ocupant de cotxe no especificat lesionat en col·lisió amb altres vehicles de motor o vehicles de motor no especificats en accident de trànsit
V498;Ocupant de cotxe [qualsevol] lesionat en altres accidents de mitjans de transport especificats
V499;Ocupant de cotxe [qualsevol] lesionat en accident de trànsit no especificat
V500;Ocupant de camioneta o furgoneta lesionat en col·lisió amb vianant o animal: Conductor lesionat en accident que no és de trànsit
V501;Ocupant de camioneta o furgoneta lesionat en col·lisió amb vianant o animal: Passatger lesionat en accident que no és de trànsit
V502;Ocupant de camioneta o furgoneta lesionat en col·lisió amb vianant o animal: Persona que viatja fora del vehicle lesionada en accident que no és de trànsit
V503;Ocupant de camioneta o furgoneta lesionat en col·lisió amb vianant o animal: Ocupant no especificat de camioneta o furgoneta lesionat en accident que no és de trànsit
V504;Ocupant de camioneta o furgoneta lesionat en col·lisió amb vianant o animal: Persona lesionada en pujar o baixar de vehicle
V505;Ocupant de camioneta o furgoneta lesionat en col·lisió amb vianant o animal: Conductor lesionat en accident de trànsit
V506;Ocupant de camioneta o furgoneta lesionat en col·lisió amb vianant o animal: Passatger lesionat en accident de trànsit
V507;Ocupant de camioneta o furgoneta lesionat en col·lisió amb vianant o animal: Persona que viatja fora del vehicle lesionada en accident de trànsit
V509;Ocupant de camioneta o furgoneta lesionat en col·lisió amb vianant o animal: Ocupant no especificat de camioneta o furgoneta lesionat en accident de trànsit
V510;Ocupant de camioneta o furgoneta lesionat en col·lisió amb vehicle amb pedals: Conductor lesionat en accident que no és de trànsit
V511;Ocupant de camioneta o furgoneta lesionat en col·lisió amb vehicle amb pedals: Passatger lesionat en accident que no és de trànsit
V512;Ocupant de camioneta o furgoneta lesionat en col·lisió amb vehicle amb pedals: Persona que viatja fora del vehicle lesionada en accident que no és de trànsit
V513;Ocupant de camioneta o furgoneta lesionat en col·lisió amb vehicle amb pedals: Ocupant no especificat de camioneta o furgoneta lesionat en accident que no és de trànsit
V514;Ocupant de camioneta o furgoneta lesionat en col·lisió amb vehicle amb pedals: Persona lesionada en pujar o baixar de vehicle
V515;Ocupant de camioneta o furgoneta lesionat en col·lisió amb vehicle amb pedals: Conductor lesionat en accident de trànsit
V516;Ocupant de camioneta o furgoneta lesionat en col·lisió amb vehicle amb pedals: Passatger lesionat en accident de trànsit
V517;Ocupant de camioneta o furgoneta lesionat en col·lisió amb vehicle amb pedals: Persona que viatja fora del vehicle lesionat en accident de trànsit
V519;Ocupant de camioneta o furgoneta lesionat en col·lisió amb vehicle amb pedals: Ocupant no especificat de camioneta o furgoneta lesionat en accident de trànsit
V520;Ocupant de camioneta o furgoneta lesionat en col·lisió amb vehicle de motor de dues o tres rodes: Conductor lesionat en accident que no és de trànsit
V521;Ocupant de camioneta o furgoneta lesionat en col·lisió amb vehicle de motor de dues o tres rodes: Passatger lesionat en accident que no és de trànsit
V522;Ocupant de camioneta o furgoneta lesionat en col·lisió amb vehicle de motor de dues o tres rodes: Persona que viatja fora del vehicle lesionada en accident que no és de trànsit
V523;Ocupant de camioneta o furgoneta lesionat en col·lisió amb vehicle de motor de dues o tres rodes: Ocupant no especificat de camioneta o furgoneta lesionat en accident que no és de trànsit
V524;Ocupant de camioneta o furgoneta lesionat en col·lisió amb vehicle de motor de dues o tres rodes: Persona lesionada en pujar o baixar de vehicle
V525;Ocupant de camioneta o furgoneta lesionat en col·lisió amb vehicle de motor de dues o tres rodes: Conductor lesionat en accident de trànsit
V526;Ocupant de camioneta o furgoneta lesionat en col·lisió amb vehicle de motor de dues o tres rodes: Passatger lesionat en accident de trànsit
V527;Ocupant de camioneta o furgoneta lesionat en col·lisió amb vehicle de motor de dues o tres rodes: Persona que viatja fora del vehicle lesionada en accident de trànsit
V529;Ocupant de camioneta o furgoneta lesionat en col·lisió amb vehicle de motor de dues o tres rodes: Ocupant no especificat de camioneta o furgoneta lesionat en accident de trànsit
V530;Ocupant de camioneta o furgoneta lesionat en col·lisió amb cotxe, camioneta o furgoneta: Conductor lesionat en accident que no és de trànsit
V531;Ocupant de camioneta o furgoneta lesionat en col·lisió amb cotxe, camioneta o furgoneta: Passatger lesionat en accident que no és de trànsit
V532;Ocupant de camioneta o furgoneta lesionat en col·lisió amb cotxe, camioneta o furgoneta: Persona que viatja fora del vehicle lesionada en accident que no és de trànsit
V533;Ocupant de camioneta o furgoneta lesionat en col·lisió amb cotxe, camioneta o furgoneta: Ocupant no especificat de camioneta o furgoneta lesionat en accident que no és de trànsit
V534;Ocupant de camioneta o furgoneta lesionat en col·lisió amb cotxe, camioneta o furgoneta: Persona lesionada en pujar o baixar de vehicle
V535;Ocupant de camioneta o furgoneta lesionat en col·lisió amb cotxe, camioneta o furgoneta: Conductor lesionat en accident de trànsit
V536;Ocupant de camioneta o furgoneta lesionat en col·lisió amb cotxe, camioneta o furgoneta: Passatger lesionat en accident de trànsit
V537;Ocupant de camioneta o furgoneta lesionat en col·lisió amb cotxe, camioneta o furgoneta: Persona que viatja fora del vehicle lesionada en accident de trànsit
V539;Ocupant de camioneta o furgoneta lesionat en col·lisió amb cotxe, camioneta o furgoneta: Ocupant no especificat de camioneta o furgoneta lesionat en accident de trànsit
V540;Ocupant de camioneta o furgoneta lesionat en col·lisió amb vehicle pesant o autobús: Conductor lesionat en accident que no és de trànsit
V541;Ocupant de camioneta o furgoneta lesionat en col·lisió amb vehicle pesant o autobús: Passatger lesionat en accident que no és de trànsit
V542;Ocupant de camioneta o furgoneta lesionat en col·lisió amb vehicle pesant o autobús: Persona que viatja fora del vehicle lesionada en accident que no és de trànsit
V543;Ocupant de camioneta o furgoneta lesionat en col·lisió amb vehicle pesant o autobús: Ocupant no especificat de camioneta o furgoneta lesionada en accident que no és de trànsit
V544;Ocupant de camioneta o furgoneta lesionat en col·lisió amb vehicle pesant o autobús: Persona lesionada en pujar o baixar de vehicle
V545;Ocupant de camioneta o furgoneta lesionat en col·lisió amb vehicle pesant o autobús: Conductor lesionat en accident de trànsit
V546;Ocupant de camioneta o furgoneta lesionat en col·lisió amb vehicle pesant o autobús: Passatger lesionat en accident de trànsit
V547;Ocupant de camioneta o furgoneta lesionat en col·lisió amb vehicle pesant o autobús: Persona que viatja fora del vehicle lesionada en accident de trànsit
V549;Ocupant de camioneta o furgoneta lesionat en col·lisió amb vehicle pesant o autobús: Ocupant no especificat de camioneta o furgoneta lesionada en accident de trànsit
V550;Ocupant de camioneta o furgoneta lesionat en col·lisió amb ferrocarril o vehicle ferroviari: Conductor lesionat en accident que no és de trànsit
V551;Ocupant de camioneta o furgoneta lesionat en col·lisió amb ferrocarril o vehicle ferroviari: Passatger lesionat en accident que no és de trànsit
V552;Ocupant de camioneta o furgoneta lesionat en col·lisió amb ferrocarril o vehicle ferroviari: Persona que viatja fora del vehicle lesionada en accident que no és de trànsit
V553;Ocupant de camioneta o furgoneta lesionat en col·lisió amb ferrocarril o vehicle ferroviari: Ocupant no especificat de camioneta o furgoneta lesionat en accident que no és de trànsit
V554;Ocupant de camioneta o furgoneta lesionat en col·lisió amb ferrocarril o vehicle ferroviari: Persona lesionada en pujar o baixar de vehicle
V555;Ocupant de camioneta o furgoneta lesionat en col·lisió amb ferrocarril o vehicle ferroviari: Conductor lesionat en accident de trànsit
V556;Ocupant de camioneta o furgoneta lesionat en col·lisió amb ferrocarril o vehicle ferroviari: Passatger lesionat en accident de trànsit
V557;Ocupant de camioneta o furgoneta lesionat en col·lisió amb ferrocarril o vehicle ferroviari: Persona que viatja fora del vehicle lesionada en accident de trànsit
V559;Ocupant de camioneta o furgoneta lesionat en col·lisió amb ferrocarril o vehicle ferroviari: Ocupant no especificat de de camioneta o furgoneta lesionat en accident de trànsit
V560;Ocupant de camioneta o furgoneta lesionat en col·lisió amb un altre vehicle sense motor: Conductor lesionat en accident que no és de trànsit
V561;Ocupant de camioneta o furgoneta lesionat en col·lisió amb un altre vehicle sense motor: Passatger lesionat en accident que no és de trànsit
V562;Ocupant de camioneta o furgoneta lesionat en col·lisió amb un altre vehicle sense motor: Persona que viatja fora del vehicle lesionada en accident que no és de trànsit
V563;Ocupant de camioneta o furgoneta lesionat en col·lisió amb un altre vehicle sense motor: Ocupant no especificat de camioneta o furgoneta lesionada en accident que no és de trànsit
V564;Ocupant de camioneta o furgoneta lesionat en col·lisió amb un altre vehicle sense motor: Persona lesionada en pujar o baixar de vehicle
V565;Ocupant de camioneta o furgoneta lesionat en col·lisió amb un altre vehicle sense motor: Conductor lesionat en accident de trànsit
V566;Ocupant de camioneta o furgoneta lesionat en col·lisió amb un altre vehicle sense motor: Passatger lesionat en accident de trànsit
V567;Ocupant de camioneta o furgoneta lesionat en col·lisió amb un altre vehicle sense motor: Persona que viatja fora del vehicle lesionada en accident de trànsit
V569;Ocupant de camioneta o furgoneta lesionat en col·lisió amb un altre vehicle sense motor: Ocupant no especificat de camioneta o furgoneta lesionada en accident de trànsit
V570;Ocupant de camioneta o furgoneta lesionat en col·lisió amb objecte fix o immòbil: Conductor lesionat en accident que no és de trànsit
V571;Ocupant de camioneta o furgoneta lesionat en col·lisió amb objecte fix o immòbil: Passatger lesionat en accident que no és de trànsit
V572;Ocupant de camioneta o furgoneta lesionat en col·lisió amb objecte fix o immòbil: Persona que viatja fora del vehicle lesionada en accident que no és de trànsit
V573;Ocupant de camioneta o furgoneta lesionat en col·lisió amb objecte fix o immòbil: Ocupant no especificat de camioneta o furgoneta lesionat en accident que no és de trànsit
V574;Ocupant de camioneta o furgoneta lesionat en col·lisió amb objecte fix o immòbil: Persona lesionada en pujar o baixar de vehicle
V575;Ocupant de camioneta o furgoneta lesionat en col·lisió amb objecte fix o immòbil: Conductor lesionat en accident de trànsit
V576;Ocupant de camioneta o furgoneta lesionat en col·lisió amb objecte fix o immòbil: Passatger lesionat en accident de trànsti
V577;Ocupant de camioneta o furgoneta lesionat en col·lisió amb objecte fix o immòbil: Persona que viatja fora del vehicle lesionada en accident de trànsit
V579;Ocupant de camioneta o furgoneta lesionat en col·lisió amb objecte fix o immòbil: Ocupant no especificat de camioneta o furgoneta lesionat en accident de trànsit
V580;Ocupant de camioneta o furgoneta lesionat en accident de mitjà de transport sense col·lisió: Conductor lesionat en accident que no és de trànsit
V581;Ocupant de camioneta o furgoneta lesionat en accident de mitjà de transport sense col·lisió: Passatger lesionat en accident que no és de trànsit
V582;Ocupant de camioneta o furgoneta lesionat en accident de mitjà de transport sense col·lisió: Persona que viatja fora del vehicle lesionada en accident que no és de trànsit
V583;Ocupant de camioneta o furgoneta lesionat en accident de mitjà de transport sense col·lisió: Ocupant no especificat de de camioneta o furgoneta lesionat en accident que no és de trànsit
V584;Ocupant de camioneta o furgoneta lesionat en accident de mitjà de transport sense col·lisió: Persona lesionada en pujar o baixar de vehicle
V585;Ocupant de camioneta o furgoneta lesionat en accident de mitjà de transport sense col·lisió: Conductor lesionat en accident de trànsit
V586;Ocupant de camioneta o furgoneta lesionat en accident de mitjà de transport sense col·lisió: Passatger lesionat en accident de trànsit
V587;Ocupant de camioneta o furgoneta lesionat en accident de mitjà de transport sense col·lisió: Persona que viatja fora del vehicle lesionada en accident de trànsit
V589;Ocupant de camioneta o furgoneta lesionat en accident de mitjà de transport sense col·lisió: Ocupant no especificat de camioneta o furgoneta lesionat en accident de trànsit
V590;Conductor lesionat en col·lisió amb altres vehicles de motor o vehicles de motor no especificats en accident que no és de trànsit
V591;Passatger lesionat en col·lisió amb altres vehicles de motor o vehicles de motor no especificats en accident que no és de trànsit
V592;Ocupant no especificat de camioneta o furgoneta lesionat en col·lisió amb altres vehicles de motor o vehicles de motor no especificats en accident que no és de trànsit
V593;Ocupant [qualsevol] de camioneta o furgoneta lesionat en accident que no és de trànsit no especificat
V594;Conductor lesionat en col·lisió amb altres vehicles de motor o vehicles de motor no especificats en accident de trànsit
V595;Passatger lesionat en col·lisió amb altres vehicles de motor o vehicles de motor no especificats en accident de trànsit
V596;Ocupant no especificat de camioneta o furgoneta lesionat en col·lisió amb altres vehicles de motor o vehicles de motor no especificats en accident de trànsit
V598;Ocupant [qualsevol] de camioneta o furgoneta lesionat en altres accidents de mitjans de transport especificats
V599;Ocupant [qualsevol] de camioneta o furgoneta lesionat en accident de trànsit no especificat
V600;Ocupant de vehicle pesant lesionat en col·lisió amb vianant o animal: Conductor lesionat en accident que no és de trànsit
V601;Ocupant de vehicle pesant lesionat en col·lisió amb vianant o animal: Passatger lesionat en accident que no és de trànsit
V602;Ocupant de vehicle pesant lesionat en col·lisió amb vianant o animal: Persona que viatja fora del vehicle lesionada en en accident que no és de trànsit
V603;Ocupant de vehicle pesant lesionat en col·lisió amb vianant o animal: Ocupant no especificat de vehicle pesant lesionat en accident que no és de trànsit
V604;Ocupant de vehicle pesant lesionat en col·lisió amb vianant o animal: Persona lesionada en pujar o baixar de vehicle
V605;Ocupant de vehicle pesant lesionat en col·lisió amb vianant o animal: Conductor lesionat en accident de trànsit
V606;Ocupant de vehicle pesant lesionat en col·lisió amb vianant o animal: Passatger lesionat en accident de trànsit
V607;Ocupant de vehicle pesant lesionat en col·lisió amb vianant o animal: Persona que viatja fora del vehicle lesionada en accident de trànsit
V609;Ocupant de vehicle pesant lesionat en col·lisió amb vianant o animal: Ocupant no especificat de vehicle pesant lesionat en accident de trànsit
V610;Ocupant de vehicle pesant lesionat en col·lisió amb vehicle amb pedals: Conductor lesionat en accident que no és de trànsit
V611;Ocupant de vehicle pesant lesionat en col·lisió amb vehicle amb pedals: Passatger lesionat en accident que no és de trànsit
V612;Ocupant de vehicle pesant lesionat en col·lisió amb vehicle amb pedals: Persona que viatja fora del vehicle lesionada en accident que no és de trànsit
V613;Ocupant de vehicle pesant lesionat en col·lisió amb vehicle amb pedals: Ocupant no especificat de vehicle pesant lesionat en accident que no és de trànsit
V614;Ocupant de vehicle pesant lesionat en col·lisió amb vehicle amb pedals: Persona lesionada en pujar o baixar de vehicle
V615;Ocupant de vehicle pesant lesionat en col·lisió amb vehicle amb pedals: Conductor lesionat en accident de trànsit
V616;Ocupant de vehicle pesant lesionat en col·lisió amb vehicle amb pedals: Passatger lesionat en accident de trànsit
V617;Ocupant de vehicle pesant lesionat en col·lisió amb vehicle amb pedals: Persona que viatja fora del vehicle lesionada en accident de trànsit
V619;Ocupant de vehicle pesant lesionat en col·lisió amb vehicle amb pedals: Ocupant no especificat de vehicle pesant lesionat en accident de trànsit
V620;Ocupant de vehicle pesant lesionat en col·lisió amb vehicle de motor de dues o tres rodes: Conductor lesionat en accident que no és de trànsit
V621;Ocupant de vehicle pesant lesionat en col·lisió amb vehicle de motor de dues o tres rodes: Passatger lesionat en accident que no és de trànsit
V622;Ocupant de vehicle pesant lesionat en col·lisió amb vehicle de motor de dues o tres rodes: Persona que viatja fora del vehicle lesionada en accident que no és de trànsit
V623;Ocupant de vehicle pesant lesionat en col·lisió amb vehicle de motor de dues o tres rodes: Ocupant no especificat de vehicle pesant lesionat en accident que no és de trànsit
V624;Ocupant de vehicle pesant lesionat en col·lisió amb vehicle de motor de dues o tres rodes: Persona lesionada en pujar o baixar de vehicle
V625;Ocupant de vehicle pesant lesionat en col·lisió amb vehicle de motor de dues o tres rodes: Conductor lesionat en accident de trànsit
V626;Ocupant de vehicle pesant lesionat en col·lisió amb vehicle de motor de dues o tres rodes: Passatger lesionat en accident de trànsit
V627;Ocupant de vehicle pesant lesionat en col·lisió amb vehicle de motor de dues o tres rodes: Persona que viatja fora del vehicle lesionada en accident de trànsit
V629;Ocupant de vehicle pesant lesionat en col·lisió amb vehicle de motor de dues o tres rodes: Ocupant no especificat de vehicle pesant lesionat en accident de trànsit
V630;Ocupant de vehicle pesant lesionat en col·lisió amb cotxe, camioneta o furgoneta: Conductor lesionat en accident que no és de trànsit
V631;Ocupant de vehicle pesant lesionat en col·lisió amb cotxe, camioneta o furgoneta: Passatger lesionat en accident que no és de trànsit
V632;Ocupant de vehicle pesant lesionat en col·lisió amb cotxe, camioneta o furgoneta: Persona que viatja fora del vehicle lesionada en accident que no és de trànsit
V633;Ocupant de vehicle pesant lesionat en col·lisió amb cotxe, camioneta o furgoneta: Ocupant no especificat de vehicle pesant lesionat en accident que no és de trànsit
V634;Ocupant de vehicle pesant lesionat en col·lisió amb cotxe, camioneta o furgoneta: Persona lesionada en pujar o baixar de vehicle
V635;Ocupant de vehicle pesant lesionat en col·lisió amb cotxe, camioneta o furgoneta: Conductor lesionat en accident de trànsit
V636;Ocupant de vehicle pesant lesionat en col·lisió amb cotxe, camioneta o furgoneta: Passatger lesionat en accident de trànsit
V637;Ocupant de vehicle pesant lesionat en col·lisió amb cotxe, camioneta o furgoneta: Persona que viatja fora del vehicle lesionada en accident de trànsit
V639;Ocupant de vehicle pesant lesionat en col·lisió amb cotxe, camioneta o furgoneta: Ocupant no especificat de vehicle pesant lesionat en accident de trànsit
V640;Ocupant de vehicle pesant lesionat en col·lisió amb vehicle pesant o autobús: Conductor lesionat en accident que no és de trànsit
V641;Ocupant de vehicle pesant lesionat en col·lisió amb vehicle pesant o autobús: Passatger lesionat en accident que no és de trànsit
V642;Ocupant de vehicle pesant lesionat en col·lisió amb vehicle pesant o autobús: Persona que viatja fora del vehicle lesionada en accident que no és de trànsit
V643;Ocupant de vehicle pesant lesionat en col·lisió amb vehicle pesant o autobús: Ocupant no especificat de vehicle pesant lesionat en accident que noés de trànsit
V644;Ocupant de vehicle pesant lesionat en col·lisió amb vehicle pesant o autobús: Persona lesionada en pujar o baixar de vehicle
V645;Ocupant de vehicle pesant lesionat en col·lisió amb vehicle pesant o autobús: Conductor lesionat en accident de trànsit
V646;Ocupant de vehicle pesant lesionat en col·lisió amb vehicle pesant o autobús: Passatger lesionat en accident de trànsit
V647;Ocupant de vehicle pesant lesionat en col·lisió amb vehicle pesant o autobús: Persona que viatja fora del vehicle lesionada en accident de trànsit
V649;Ocupant de vehicle pesant lesionat en col·lisió amb vehicle pesant o autobús: Ocupant no especificat de vehicle pesant lesionat en accident de trànsit
V650;Ocupant de vehicle pesant lesionat en col·lisió amb ferrocarril o vehicle ferroviari: Conductor lesionat en accident que no és de trànsit
V651;Ocupant de vehicle pesant lesionat en col·lisió amb ferrocarril o vehicle ferroviari: Passatger lesionat en accident que no és de trànsit
V652;Ocupant de vehicle pesant lesionat en col·lisió amb ferrocarril o vehicle ferroviari: Persona que viatja fora del vehicle lesionada en accident que no és de trànsit
V653;Ocupant de vehicle pesant lesionat en col·lisió amb ferrocarril o vehicle ferroviari: Ocupant no especificat de vehicle pesant lesionat en accident que no és de trànsit
V654;Ocupant de vehicle pesant lesionat en col·lisió amb ferrocarril o vehicle ferroviari: Persona lesionada en pujar o baixar de vehicle
V655;Ocupant de vehicle pesant lesionat en col·lisió amb ferrocarril o vehicle ferroviari: Conductor lesionat en accident de trànsit
V656;Ocupant de vehicle pesant lesionat en col·lisió amb ferrocarril o vehicle ferroviari: Passatger lesionat en accident de trànsit
V657;Ocupant de vehicle pesant lesionat en col·lisió amb ferrocarril o vehicle ferroviari: Persona que viatja fora del vehicle lesionada en accident de trànsit
V659;Ocupant de vehicle pesant lesionat en col·lisió amb ferrocarril o vehicle ferroviari: Ocupant no especificat de vehicle pesant lesionat en accident de trànsit
V660;Ocupant de vehicle pesant lesionat en col·lisió amb un altre vehicle sense motor: Conductor lesionat en accident que no és de trànsit
V661;Ocupant de vehicle pesant lesionat en col·lisió amb un altre vehicle sense motor: Passatger lesionat en accident que no és de trànsit
V662;Ocupant de vehicle pesant lesionat en col·lisió amb un altre vehicle sense motor: Persona que viatja fora del vehicle lesionada en accident que no és de trànsit
V663;Ocupant de vehicle pesant lesionat en col·lisió amb un altre vehicle sense motor: Ocupant no especificat de vehicle pesant lesionat en accident que no és de trànsit
V664;Ocupant de vehicle pesant lesionat en col·lisió amb un altre vehicle sense motor: Persona lesionada en pujar o baixar de vehicle
V665;Ocupant de vehicle pesant lesionat en col·lisió amb un altre vehicle sense motor: Conductor lesionat en accident de trànsit
V666;Ocupant de vehicle pesant lesionat en col·lisió amb un altre vehicle sense motor: Passatger lesionat en accident de trànsit
V667;Ocupant de vehicle pesant lesionat en col·lisió amb un altre vehicle sense motor: Persona que viatja fora del vehicle lesionada en accident de trànsit
V669;Ocupant de vehicle pesant lesionat en col·lisió amb un altre vehicle sense motor: Ocupant no especificat de vehicle pesant lesionat en accident de trànsit
V670;Ocupant de vehicle pesant lesionat en col·lisió amb objecte fix o immòbil: Conductor lesionat en accident que no és de trànsit
V671;Ocupant de vehicle pesant lesionat en col·lisió amb objecte fix o immòbil: Passatger lesionat en accident que no és de trànsit
V672;Ocupant de vehicle pesant lesionat en col·lisió amb objecte fix o immòbil: Persona que viatja fora del vehicle lesionada en accident que no és de trànsit
V673;Ocupant de vehicle pesant lesionat en col·lisió amb objecte fix o immòbil: Ocupant no especificat de vehicle pesant lesionat en accident que no és de trànsit
V674;Ocupant de vehicle pesant lesionat en col·lisió amb objecte fix o immòbil: Persona lesionada en pujar o baixar de vehicle
V675;Ocupant de vehicle pesant lesionat en col·lisió amb objecte fix o immòbil: Conductor lesionat en accident de trànsit
V676;Ocupant de vehicle pesant lesionat en col·lisió amb objecte fix o immòbil: Passatger lesionat en accident de trànsit
V677;Ocupant de vehicle pesant lesionat en col·lisió amb objecte fix o immòbil: Persona que viatja fora del vehicle lesionada en accident de trànsit
V679;Ocupant de vehicle pesant lesionat en col·lisió amb objecte fix o immòbil: Ocupant no especificat de vehicle pesant lesionat en accident de trànsit
V680;Ocupant de vehicle pesant lesionat en accident de mitjà de transport sense col·lisió: Conductor lesionat en accident que no és de trànsit
V681;Ocupant de vehicle pesant lesionat en accident de mitjà de transport sense col·lisió: Passatger lesionat en accident que no és de trànsit
V682;Ocupant de vehicle pesant lesionat en accident de mitjà de transport sense col·lisió: Persona que viatja fora del vehicle lesionada en accident que no és de trànsit
V683;Ocupant de vehicle pesant lesionat en accident de mitjà de transport sense col·lisió: Ocupant no especificat de vehicle lesionat en accident que no és de trànsit
V684;Ocupant de vehicle pesant lesionat en accident de mitjà de transport sense col·lisió: Persona lesionada en pujar o baixar de vehicle
V685;Ocupant de vehicle pesant lesionat en accident de mitjà de transport sense col·lisió: Conductor lesionat en accident de trànsit
V686;Ocupant de vehicle pesant lesionat en accident de mitjà de transport sense col·lisió: Passatger lesionat en accident de trànsit
V687;Ocupant de vehicle pesant lesionat en accident de mitjà de transport sense col·lisió: Persona que viatja fora del vehicle lesionada en accident de trànsit
V689;Ocupant de vehicle pesant lesionat en accident de mitjà de transport sense col·lisió: Ocupant no especificat de vehicle lesionat en accident de trànsit
V690;Conductor lesionat en col·lisió amb altres vehicles de motor o vehicles de motor no especificats en accident que no és de trànsit
V691;Passatger lesionat en col·lisió amb altres vehicles de motor o vehicles de motor no especificats en accident que no és de trànsit
V692;Ocupant no especificat de vehicle pesant lesionat en col·lisió amb altres vehicles de motor o vehicles de motor no especificats en accident que no és de trànsit
V693;Ocupant [qualsevol] de vehicle pesant lesionat en accident que no és de trànsit no especificat
V694;Conductor lesionat en col·lisió amb altres vehicles de motor o vehicles de motor no especificats en accident de trànsit
V695;Passatger lesionat en col·lisió amb altres vehicles de motor o vehicles de motor no especificats en accident de trànsit
V696;Ocupant no especificat de vehicle pesant lesionat en col·lisió amb altres vehicles de motor o vehicles de motor no especificats en accident de trànsit
V698;Ocupant [qualsevol] de vehicle pesant lesionat en altres accidents de mitjans de transport especificats
V699;Ocupant [qualsevol] de vehicle pesant lesionat en accident de trànsit no especificat
V700;Ocupant d'autobús lesionat en col·lisió amb vianant o animal: Conductor lesionat en accident que no és de trànsit
V701;Ocupant d'autobús lesionat en col·lisió amb vianant o animal: Passatger lesionat en accident que no és de trànsit
V702;Ocupant d'autobús lesionat en col·lisió amb vianant o animal: Persona que viatja fora del vehicle lesionada en accident que no és de trànsit
V703;Ocupant d'autobús lesionat en col·lisió amb vianant o animal: Ocupant d'autobús no especificat lesionat en accident que no és de trànsit
V704;Ocupant d'autobús lesionat en col·lisió amb vianant o animal: Persona lesionada en pujar o baixar de vehicle
V705;Ocupant d'autobús lesionat en col·lisió amb vianant o animal: Conductor lesionat en accident de trànsit
V706;Ocupant d'autobús lesionat en col·lisió amb vianant o animal: Passatger lesionat en accident de trànsit
V707;Ocupant d'autobús lesionat en col·lisió amb vianant o animal: Persona que viatja fora del vehicle lesionada en accident de trànsit
V709;Ocupant d'autobús lesionat en col·lisió amb vianant o animal: Ocupant d'autobús no especificat lesionat en accident de trànsit
V710;Ocupant d'autobús lesionat en col·lisió amb vehicle amb pedals: Conductor lesionat en accident que no és de trànsit
V711;Ocupant d'autobús lesionat en col·lisió amb vehicle amb pedals: Passatger lesionat en accident que no és de trànsit
V712;Ocupant d'autobús lesionat en col·lisió amb vehicle amb pedals: Persona que viatja fora del vehicle lesionada en accident que no és de trànsit
V713;Ocupant d'autobús lesionat en col·lisió amb vehicle amb pedals: Ocupant d'autobús no especificat lesionat en accident que no és de trànsit
V714;Ocupant d'autobús lesionat en col·lisió amb vehicle amb pedals: Persona lesionada en pujar o baixar de vehicle
V715;Ocupant d'autobús lesionat en col·lisió amb vehicle amb pedals: Conductor lesionat en accident de trànsit
V716;Ocupant d'autobús lesionat en col·lisió amb vehicle amb pedals: Passatger lesionat en accident de trànsit
V717;Ocupant d'autobús lesionat en col·lisió amb vehicle amb pedals: Persona que viatja fora del vehicle lesionada en accident de trànsit
V719;Ocupant d'autobús lesionat en col·lisió amb vehicle amb pedals: Ocupant d'autobús no especificat lesionat en accident de trànsit
V720;Ocupant d'autobús lesionat en col·lisió amb vehicle de motor de dues o tres rodes: Conductor lesionat en accident que no és de trànsit
V721;Ocupant d'autobús lesionat en col·lisió amb vehicle de motor de dues o tres rodes: Passatger lesionat en accident que no és de trànsit
V722;Ocupant d'autobús lesionat en col·lisió amb vehicle de motor de dues o tres rodes: Persona que viatja fora del vehicle lesionada en accident que no és de trànsit
V723;Ocupant d'autobús lesionat en col·lisió amb vehicle de motor de dues o tres rodes: Ocupant d'autobús no especificat lesionat en accident que no és de trànsit
V724;Ocupant d'autobús lesionat en col·lisió amb vehicle de motor de dues o tres rodes: Persona lesionada en pujar o baixar del vehicle
V725;Ocupant d'autobús lesionat en col·lisió amb vehicle de motor de dues o tres rodes: Conductor lesionat en accident de trànsit
V726;Ocupant d'autobús lesionat en col·lisió amb vehicle de motor de dues o tres rodes: Passatger lesionat en accident de trànsit
V727;Ocupant d'autobús lesionat en col·lisió amb vehicle de motor de dues o tres rodes: Persona que viatja fora del vehicle lesionada en accident de trànsit
V729;Ocupant d'autobús lesionat en col·lisió amb vehicle de motor de dues o tres rodes: Ocupant d'autobús no especificat lesionat en accident de trànsit
V730;Ocupant d'autobús lesionat en col·lisió amb cotxe, camioneta o furgoneta: Conductor lesionat en accident que no és de trànsit
V731;Ocupant d'autobús lesionat en col·lisió amb cotxe, camioneta o furgoneta: Passatger lesionat en accident que no és de trànsit
V732;Ocupant d'autobús lesionat en col·lisió amb cotxe, camioneta o furgoneta: Persona que viatja fora del vehicle lesionada en accident que no és de trànsit
V733;Ocupant d'autobús lesionat en col·lisió amb cotxe, camioneta o furgoneta: Ocupant d'autobús no especificat lesionat en accident que no és de trànsit
V734;Ocupant d'autobús lesionat en col·lisió amb cotxe, camioneta o furgoneta: Persona lesionada en pujar o baixar de vehicle
V735;Ocupant d'autobús lesionat en col·lisió amb cotxe, camioneta o furgoneta: Conductor lesionat en accident de trànsit
V736;Ocupant d'autobús lesionat en col·lisió amb cotxe, camioneta o furgoneta: Passatger lesionat en accident de trànsit
V737;Ocupant d'autobús lesionat en col·lisió amb cotxe, camioneta o furgoneta: Persona que viatja fora del vehicle lesionada en accident de trànsit
V739;Ocupant d'autobús lesionat en col·lisió amb cotxe, camioneta o furgoneta: Ocupant d'autobús no especificat lesionat en accident de trànsit
V740;Ocupant d'autobús lesionat en col·lisió amb vehicle pesant o autobús: Conductor lesionat en accident que no és de trànsit
V741;Ocupant d'autobús lesionat en col·lisió amb vehicle pesant o autobús: Passatger lesionat en accident que no és de trànsit
V742;Ocupant d'autobús lesionat en col·lisió amb vehicle pesant o autobús: Persona que viatja fora del vehicle lesionada en accident que no és de trànsit
V743;Ocupant d'autobús lesionat en col·lisió amb vehicle pesant o autobús: Ocupant d'autobús no especificat lesionat en accident que no és de trànsit
V744;Ocupant d'autobús lesionat en col·lisió amb vehicle pesant o autobús: Persona lesionada en pujar o baixar de vehicle
V745;Ocupant d'autobús lesionat en col·lisió amb vehicle pesant o autobús: Conductor lesionat en accident de trànsit
V746;Ocupant d'autobús lesionat en col·lisió amb vehicle pesant o autobús: Passatger lesionat en accident de trànsit
V747;Ocupant d'autobús lesionat en col·lisió amb vehicle pesant o autobús: Persona que viatja fora del vehicle lesionada en accident de trànsit
V749;Ocupant d'autobús lesionat en col·lisió amb vehicle pesant o autobús: Ocupant d'autobús no especificat lesionat en accident de trànsit
V750;Ocupant d'autobús lesionat en col·lisió amb ferrocarril o vehicle ferroviari: Conductor lesionat en accident que no és de trànsit
V751;Ocupant d'autobús lesionat en col·lisió amb ferrocarril o vehicle ferroviari: Passatger lesionat en accident que no és de trànsit
V752;Ocupant d'autobús lesionat en col·lisió amb ferrocarril o vehicle ferroviari: Persona que viatja fora del vehicle lesionada en accident que no és de trànsit
V753;Ocupant d'autobús lesionat en col·lisió amb ferrocarril o vehicle ferroviari: Ocupant d'autobús no especificat lesionat en accident que no és de trànsit
V754;Ocupant d'autobús lesionat en col·lisió amb ferrocarril o vehicle ferroviari: Persona lesionada en pujar o baixar de vehicle
V755;Ocupant d'autobús lesionat en col·lisió amb ferrocarril o vehicle ferroviari: Conductor lesionat en accident de trànsit
V756;Ocupant d'autobús lesionat en col·lisió amb ferrocarril o vehicle ferroviari: Passatger lesionat en accident de trànsit
V757;Ocupant d'autobús lesionat en col·lisió amb ferrocarril o vehicle ferroviari: Persona que viatja fora del vehicle lesionada en accident de trànsit
V759;Ocupant d'autobús lesionat en col·lisió amb ferrocarril o vehicle ferroviari: Ocupant d'autobús no especificat lesionat en accident de trànsit
V760;Ocupant d'autobús lesionat en col·lisió amb un altre vehicle sense motor: Conductor lesionat en accident que no és de trànsit
V761;Ocupant d'autobús lesionat en col·lisió amb un altre vehicle sense motor: Passatger lesionat en accident que no és de trànsit
V762;Ocupant d'autobús lesionat en col·lisió amb un altre vehicle sense motor: Persona que viatja fora del vehicle lesionada en accident que no és de trànsit
V763;Ocupant d'autobús lesionat en col·lisió amb un altre vehicle sense motor: Ocupant d'autobús no especificat lesionat en accident que no és de trànsit
V764;Ocupant d'autobús lesionat en col·lisió amb un altre vehicle sense motor: Persona lesionada en pujar o baixar de vehicle
V765;Ocupant d'autobús lesionat en col·lisió amb un altre vehicle sense motor: Conductor lesionat en accident de trànsit
V766;Ocupant d'autobús lesionat en col·lisió amb un altre vehicle sense motor: Passatger lesionat en accident de trànsit
V767;Ocupant d'autobús lesionat en col·lisió amb un altre vehicle sense motor: Persona que viatja fora del vehicle lesionada en accident de trànsit
V769;Ocupant d'autobús lesionat en col·lisió amb un altre vehicle sense motor: Ocupant d'autobús no especificat lesionat en accident de trànsit
V770;Ocupant d'autobús lesionat en col·lisió amb objecte fix o immòbil: Conductor lesionat en accident que no és de trànsit
V771;Ocupant d'autobús lesionat en col·lisió amb objecte fix o immòbil: Passatger lesionat en accident que no és de trànsit
V772;Ocupant d'autobús lesionat en col·lisió amb objecte fix o immòbil: Persona que viatja fora del vehicle lesionada en accident que no és de trànsit
V773;Ocupant d'autobús lesionat en col·lisió amb objecte fix o immòbil: Ocupant d'autobús no especificat lesionat en accident que no és de trànsit
V774;Ocupant d'autobús lesionat en col·lisió amb objecte fix o immòbil: Persona lesionada en pujar o baixar de vehicle
V775;Ocupant d'autobús lesionat en col·lisió amb objecte fix o immòbil: Conductor lesionat en accident de trànsit
V776;Ocupant d'autobús lesionat en col·lisió amb objecte fix o immòbil: Passatger lesionat en accident de trànsit
V777;Ocupant d'autobús lesionat en col·lisió amb objecte fix o immòbil: Persona que viatja fora del vehicle lesionada en accident de trànsit
V779;Ocupant d'autobús lesionat en col·lisió amb objecte fix o immòbil: Ocupant d'autobús no especificat lesionat en accident de trànsit
V780;Ocupant d'autobús lesionat en accident de mitjà de transport sense col·lisió: Conductor lesionat en accident que no és de trànsit
V781;Ocupant d'autobús lesionat en accident de mitjà de transport sense col·lisió: Passatger lesionat en accident que no és de trànsit
V782;Ocupant d'autobús lesionat en accident de mitjà de transport sense col·lisió: Persona que viatja fora del vehicle lesionada en accident que no és de trànsit
V783;Ocupant d'autobús lesionat en accident de mitjà de transport sense col·lisió: Ocupant d'autobús no especificat lesionat en accident que no és de trànsit
V784;Ocupant d'autobús lesionat en accident de mitjà de transport sense col·lisió: Persona lesionada en pujar o baixar de vehicle
V785;Ocupant d'autobús lesionat en accident de mitjà de transport sense col·lisió: Conductor lesionat en accident de trànsit
V786;Ocupant d'autobús lesionat en accident de mitjà de transport sense col·lisió: Passatger lesionat en accident de trànsit
V787;Ocupant d'autobús lesionat en accident de mitjà de transport sense col·lisió: Persona que viatja fora del vehicle lesionada en accident de trànsit
V789;Ocupant d'autobús lesionat en accident de mitjà de transport sense col·lisió: Ocupant d'autobús no especificat lesionat en accident de trànsit
V790;Conductor lesionat en col·lisió amb altres vehicles de motor o vehicles de motor no especificats en accident que no és de trànsit
V791;Passatger lesionat en col·lisió amb altres vehicles de motor o vehicles de motor no especificats en accident que no és de trànsit
V792;Ocupant d'autobús no especificat lesionat en col·lisió amb altres vehicles de motor o vehicles de motor no especificats en accident que no és de trànsit
V793;Ocupant d'autobús [qualsevol] lesionat en accident que no és de trànsit no especificat
V794;Conductor lesionat en col·lisió amb altres vehicles de motor o vehicles de motor no especificats en accident de trànsit
V795;Passatger lesionat en col·lisió amb altres vehicles de motor o vehicles de motor no especificats en accident de trànsit
V796;Ocupant d'autobús no especificat lesionat en col·lisió amb altres vehicles de motor o vehicles de motor no especificats en accident de trànsit
V798;Ocupant d'autobús [qualsevol] lesionat en altres accidents de mitjans de transport especificats
V799;Ocupant d'autobús [qualsevol] lesionat en accident de trànsit no especificat
V800;Genet o ocupant lesionat per caiguda o llançament des d'animal o vehicle de tracció animal en accident sense col·lisió
V801;Genet o ocupant lesionat en col·lisió amb vianant o animal
V802;Genet o ocupant lesionat en col·lisió amb vehicle amb pedals
V803;Genet o ocupant lesionat en col·lisió amb vehicle de motor de dues o tres rodes
V804;Genet o ocupant lesionat en col·lisió amb cotxe, camioneta, furgoneta, vehicle pesant o autobús
V805;Genet o ocupant lesionat en col·lisió amb un altre vehicle de motor especificat
V806;Genet o ocupant lesionat en col·lisió amb ferrocarril o vehicle ferroviari
V807;Genet o ocupant lesionat en col·lisió amb un altre vehicle sense motor
V808;Genet o ocupant lesionat en col·lisió amb objecte fix o immòbil
V809;Genet o ocupant lesionat en altres accidents de mitjans de transport, i genet o ocupant lesionat en accidents de mitjans de transport no especificats
V810;Ocupant de ferrocarril o vehicle ferroviari lesionat en col·lisió amb vehicle de motor en accident que no és de trànsit
V811;Ocupant de ferrocarril o vehicle ferroviari lesionat en col·lisió amb vehicle de motor en accident de trànsit
V812;Ocupant de ferrocarril o vehicle ferroviari lesionat en col·lisió amb material rodant o per cop de material rodant
V813;Ocupant de ferrocarril o vehicle ferroviari lesionat en col·lisió amb un altre objecte
V814;Persona lesionada en pujar o baixar de ferrocarril o vehicle ferroviari
V815;Ocupant de ferrocarril o vehicle ferroviari lesionat per caiguda en ferrocarril o vehicle ferroviari
V816;Ocupant de ferrocarril o vehicle ferroviari lesionat per caiguda des de ferrocarril o vehicle ferroviari
V817;Ocupant de ferrocarril o vehicle ferroviari lesionat en descarrilament sense col·lisió prèvia
V818;Ocupant de ferrocarril o vehicle ferroviari lesionat en altres accidents de ferrocarril especificats
V819;Ocupant de ferrocarril o vehicle ferroviari lesionat en accident de ferrocarril no especificat
V820;Ocupant de tramvia lesionat en col·lisió amb vehicle de motor en accident que no és de trànsit
V821;Ocupant de tramvia lesionat en col·lisió amb vehicle de motor en accident de trànsit
V822;Ocupant de tramvia lesionat en col·lisió amb material rodant o per cop de material rodant
V823;Ocupant de tramvia lesionat en col·lisió amb un altre objecte
V824;Persona lesionada en pujar o baixar de tramvia
V825;Ocupant de tramvia lesionat per caiguda en tramvia
V826;Ocupant de tramvia lesionat per caiguda des de tramvia
V827;Ocupant de tramvia lesionat en descarrilament sense col·lisió prèvia
V828;Ocupant de tramvia lesionat en altres accidents de mitjans de transport especificats
V829;Ocupant de tramvia lesionat en accident de trànsit no especificat
V830;Conductor de vehicle industrial especial lesionat en accident de trànsit
V831;Passatger de vehicle industrial especial lesionat en accident de trànsit
V832;Persona que viatja fora de vehicle industrial especial lesionada en accident de trànsit
V833;Ocupant no especificat de vehicle industrial especial lesionat en accident de trànsit
V834;Persona lesionada en pujar o baixar de vehicle industrial especial
V835;Conductor de vehicle industrial especial lesionat en accident que no és de trànsit
V836;Passatger de vehicle industrial especial lesionat en accident que no és de trànsit
V837;Persona que viatja fora de vehicle industrial especial lesionada en accident que no és de trànsit
V839;Ocupant no especificat de vehicle industrial especial lesionat en accident que no és de trànsit
V840;Conductor de vehicle agrícola especial lesionat en accident de trànsit
V841;Passatger de vehicle agrícola especial lesionat en accident de trànsit
V842;Persona que viatja fora de vehicle agrícola especial lesionada en accident de trànsit
V843;Ocupant no especificat de vehicle agrícola especial lesionat en accident de trànsit
V844;Persona lesionada en pujar o baixar de vehicle agrícola especial
V845;Conductor de vehicle agrícola especial lesionat en accident que no és de trànsit
V846;Passatger de vehicle agrícola especial lesionat en accident que no és de trànsit
V847;Persona que viatja fora de vehicle agrícola especial lesionada en accident que no és de trànsit
V849;Ocupant no especificat de vehicle agrícola especial lesionat en accident que no és de trànsit
V850;Conductor de vehicle especial per a la construcció lesionat en accident de trànsit
V851;Passatger de vehicle especial per a la construcció lesionat en accident de trànsit
V852;Persona que viatja fora de vehicle especial per a la construcció lesionada en accident de trànsit
V853;Ocupant no especificat de vehicle especial per a la construcció lesionat en accident de trànsit
V854;Persona lesionada en pujar o baixar de vehicle especial per a la construcció
V855;Conductor de vehicle especial per a la construcció lesionat en accident que no és de trànsit
V856;Passatger de vehicle especial per a la construcció lesionat en accident que no és de trànsit
V857;Persona que viatja fora de vehicle especial per a la construcció lesionada en accident que no és de trànsit
V859;Ocupant no especificat de vehicle especial per a la construcció lesionat en accident que no és de trànsit
V860;Conductor de vehicle tot terreny o altre vehicle de motor no viari lesionat en accident de trànsit
V861;Passatger de vehicle tot terreny o altre vehicle de motor no viari lesionat en accident de trànsit
V862;Persona que viatja fora de vehicle tot terreny o altre vehicle de motor no viari lesionat en accident de trànsit
V863;Ocupant no especificat de vehicle tot terreny o altre vehicle de motor no viari lesionat en accident de trànsit
V864;Persona lesionada en pujar o baixar de vehicle tot terreny o altre vehicle de motor no viari
V865;Conductor de vehicle tot terreny o altre vehicle de motor no viari lesionat en accident que no és de trànsit
V866;Passatger de vehicle tot terreny o altre vehicle de motor no viari lesionat en accident que no és de trànsit
V867;Persona que viatja fora de vehicle tot terreny o altre vehicle de motor no viari lesionat en accident que no és de trànsit
V869;Ocupant no especificat de vehicle tot terreny o altre vehicle de motor no viari lesionat en accident que no és de trànsit
V870;Persona lesionada en col·lisió entre cotxe i vehicle de motor de dues o tres rodes (trànsit)
V871;Persona lesionada en col·lisió entre un altre vehicle de motor i vehicle de motor de dues o tres rodes (trànsit)
V872;Persona lesionada en col·lisió entre cotxe i camioneta o furgoneta (trànsit)
V873;Persona lesionada en col·lisió entre cotxe i autobús (trànsit)
V874;Persona lesionada en col·lisió entre cotxe i vehicle pesant (trànsit)
V875;Persona lesionada en col·lisió entre vehicle pesant i autobús (trànsit)
V876;Persona lesionada en col·lisió entre ferrocarril o vehicle ferroviari i cotxe (trànsit)
V877;Persona lesionada en col·lisió entre altres vehicles de motor especificats (trànsit)
V878;Persona lesionada en altres accidents de mitjans de transport especificats sense col·lisió que impliquen vehicle de motor (trànsit)
V879;Persona lesionada en altres accidents de mitjans de transport especificats (amb col·lisió) (sense col·lisió) que impliquen vehicle sense motor (trànsit)
V880;Persona lesionada en col·lisió que no és de trànsit entre cotxe i vehicle de motor de dues o tres rodes
V881;Persona lesionada en col·lisió que no és de trànsit entre un altre vehicle de motor i vehicle de motor de dues o tres rodes
V882;Persona lesionada en col·lisió que no és de trànsit entre cotxe i camioneta o furgoneta
V883;Persona lesionada en col·lisió que no és de trànsit entre cotxe i autobús
V884;Persona lesionada en col·lisió que no és de trànsit entre cotxe i vehicle pesant
V885;Persona lesionada en col·lisió que no és de trànsit entre vehicle pesant i autobús
V886;Persona lesionada en col·lisió que no és de trànsit entre ferrocarril o vehicle ferroviari i cotxe
V887;Persona lesionada en col·lisió que no és de trànsit entre altres vehicles de motor especificats
V888;Persona lesionada en altres accidents que no són de trànsit de mitjans de transport especificats sense col·lisió que impliquen vehicle de motor
V889;Persona lesionada en altres accidents que no són de trànsit de mitjans de transport especificats (amb col·lisió) (sense col·lisió) que impliquen vehicle sense motor
V890;Persona lesionada en accident que no és de trànsit de vehicle de motor no especificat
V891;Persona lesionada en accident que no és de trànsit de vehicle sense motor no especificat
V892;Persona lesionada en accident de trànsit de vehicle de motor no especificat
V893;Persona lesionada en accident de trànsit de vehicle sense motor no especificat
V899;Persona lesionada en accident de vehicle no especificat
V900;Accident d'embarcació que causa ofegament per immersió i submersió: Vaixell mercant
V901;Accident d'embarcació que causa ofegament per immersió i submersió: Vaixell de passatge
V902;Accident d'embarcació que causa ofegament per immersió i submersió: Vaixell de pesca
V903;Accident d'embarcació que causa ofegament per immersió i submersió: Altres embarcacions motoritzades
V904;Accident d'embarcació que causa ofegament per immersió i submersió: Embarcació de vela
V905;Accident d'embarcació que causa ofegament per immersió i submersió: Canoa o caiac
V906;Accident d'embarcació que causa ofegament per immersió i submersió: Embarcació pneumàtica (no motoritzada)
V907;Accident d'embarcació que causa ofegament per immersió i submersió: Esquís aquàtics
V908;Accident d'embarcació que causa ofegament per immersió i submersió: Altres embarcacions no motoritzades
V909;Accident d'embarcació que causa ofegament per immersió i submersió: Embarcació no especificada
V910;Accident d'embarcació que causa altres tipus de lesions: Vaixell mercant
V911;Accident d'embarcació que causa altres tipus de lesions: Vaixell de passatge
V912;Accident d'embarcació que causa altres tipus de lesions: Vaixell de pesca
V913;Accident d'embarcació que causa altres tipus de lesions: Altres embarcacions motoritzades
V914;Accident d'embarcació que causa altres tipus de lesions: Embarcació de vela
V915;Accident d'embarcació que causa altres tipus de lesions: Canoa o caiac
V916;Accident d'embarcació que causa altres tipus de lesions: Embarcació pneumàtica (no motoritzada)
V917;Accident d'embarcació que causa altres tipus de lesions: Esquís aquàtics
V918;Accident d'embarcació que causa altres tipus de lesions: Altres embarcacions no motoritzades
V919;Accident d'embarcació que causa altres tipus de lesions: Embarcació no especificada
V920;Ofegament per immersió i submersió relacionats amb mitjans de transport aquàtic sense accident d'embarcació: Vaixell mercant
V921;Ofegament per immersió i submersió relacionats amb mitjans de transport aquàtic sense accident d'embarcació: Vaixell de passatge
V922;Ofegament per immersió i submersió relacionats amb mitjans de transport aquàtic sense accident d'embarcació: Vaixell de pesca
V923;Ofegament per immersió i submersió relacionats amb mitjans de transport aquàtic sense accident d'embarcació: Altres embarcacions motoritzades
V924;Ofegament per immersió i submersió relacionats amb mitjans de transport aquàtic sense accident d'embarcació: Embarcació de vela
V925;Ofegament per immersió i submersió relacionats amb mitjans de transport aquàtic sense accident d'embarcació: Canoa o caiac
V926;Ofegament per immersió i submersió relacionats amb mitjans de transport aquàtic sense accident d'embarcació: Embarcació pneumàtica (no motoritzada)
V927;Ofegament per immersió i submersió relacionats amb mitjans de transport aquàtic sense accident d'embarcació: Esquís aquàtics
V928;Ofegament per immersió i submersió relacionats amb mitjans de transport aquàtic sense accident d'embarcació: Altres embarcacions no motoritzades
V929;Ofegament per immersió i submersió relacionats amb mitjans de transport aquàtic sense accident d'embarcació: Embarcació no especificada
V930;Accident a bord d'embarcació, sense accident d'embarcació, que no causa ofegament per immersió i submersió: Vaixell mercant
V931;Accident a bord d'embarcació, sense accident d'embarcació, que no causa ofegament per immersió i submersió: Vaixell de passatge
V932;Accident a bord d'embarcació, sense accident d'embarcació, que no causa ofegament per immersió i submersió: Vaixell de pesca
V933;Accident a bord d'embarcació, sense accident d'embarcació, que no causa ofegament per immersió i submersió: Altres embarcacions motoritzades
V934;Accident a bord d'embarcació, sense accident d'embarcació, que no causa ofegament per immersió i submersió: Embarcació de vela
V935;Accident a bord d'embarcació, sense accident d'embarcació, que no causa ofegament per immersió i submersió: Canoa o caiac
V936;Accident a bord d'embarcació, sense accident d'embarcació, que no causa ofegament per immersió i submersió: Embarcació pneumàtica (no motoritzada)
V937;Accident a bord d'embarcació, sense accident d'embarcació, que no causa ofegament per immersió i submersió: Esquís aquàtics
V938;Accident a bord d'embarcació, sense accident d'embarcació, que no causa ofegament per immersió i submersió: Altres embarcacions no motoritzades
V939;Accident a bord d'embarcació, sense accident d'embarcació, que no causa ofegament per immersió i submersió: Embarcació no especificada
V940;Altres accidents de mitjans de transport aquàtic i accidents de mitjans de transport aquàtic no especificats: Vaixell mercant
V941;Altres accidents de mitjans de transport aquàtic i accidents de mitjans de transport aquàtic no especificats: Vaixell de passatge
V942;Altres accidents de mitjans de transport aquàtic i accidents de mitjans de transport aquàtic no especificats: Vaixell de pesca
V943;Altres accidents de mitjans de transport aquàtic i accidents de mitjans de transport aquàtic no especificats: Altres embarcacions motoritzades
V944;Altres accidents de mitjans de transport aquàtic i accidents de mitjans de transport aquàtic no especificats: Embarcació de vela
V945;Altres accidents de mitjans de transport aquàtic i accidents de mitjans de transport aquàtic no especificats: Canoa o caiac
V946;Altres accidents de mitjans de transport aquàtic i accidents de mitjans de transport aquàtic no especificats: Embarcació pneumàtica (no motoritzada)
V947;Altres accidents de mitjans de transport aquàtic i accidents de mitjans de transport aquàtic no especificats: Esquís aquàtics
V948;Altres accidents de mitjans de transport aquàtic i accidents de mitjans de transport aquàtic no especificats: Altres embarcacions no motoritzades
V949;Altres accidents de mitjans de transport aquàtic i accidents de mitjans de transport aquàtic no especificats: Embarcació no especificada
V950;Accident d'helicòpter que causa lesió a l'ocupant
V951;Accident d'ultralleuger, microlleuger o motoveler que causa lesió a ocupant
V952;Accident d'altra aeronau privada d'ales fixes que causa lesió a ocupant
V953;Accident d'aeronau comercial d'ales fixes que causa lesió a ocupant
V954;Accident d'aeronau espacial que causa lesió a l'ocupant
V958;Altres accidents d'aeronau que causen lesió a ocupant
V959;Accident d'aeronau no especificada que causa lesió a ocupant
V960;Accident de globus que causa lesió a l'ocupant
V961;Accident d'ala delta que causa lesió a ocupant
V962;Accident de planador (no motoritzat) que causa lesió a ocupant
V968;Altres accidents d'aeronau no motoritzada que causen lesió a ocupant
V969;Accident d'aeronau no motoritzada no especificada que causa lesió a ocupant
V970;Ocupant d'aeronau lesionat en altres accidents de mitjans de transport aeri especificats
V971;Persona lesionada en pujar o baixar d'aeronau
V972;Paracaigudista lesionat en accident de mitjà de transport aeri
V973;Persona a terra lesionada en accident de mitjà de transport aeri
V978;Altres accidents de mitjans de transport aeri no classificats a cap altre lloc
W000;Caiguda al mateix nivell que implica gel i neu: domicili
W001;Caiguda al mateix nivell que implica gel i neu:  institució residencial
W002;Caiguda al mateix nivell que implica gel i neu:  escola, altres institucions i àrees administratives públiques
W003;Caiguda al mateix nivell que implica gel i neu: zona esportiva
W004;Caiguda al mateix nivell que implica gel i neu: carrer i via pública
W005;Caiguda al mateix nivell que implica gel i neu:  àrea comercial i de serveis
W006;Caiguda al mateix nivell que implica gel i neu: zona industrial i de construcció
W007;Caiguda al mateix nivell que implica gel i neu:  granja
W008;Caiguda al mateix nivell que implica gel i neu: altres llocs especificats
W009;Caiguda al mateix nivell que implica gel i neu:  lloc no especificat
W010;Caiguda al mateix nivell per relliscada, ensopegada i entrebancada:  domicili
W011;Caiguda al mateix nivell per relliscada, ensopegada i entrebancada:  institució residencial
W012;Caiguda al mateix nivell per relliscada, ensopegada i entrebancada:  escola, altres institucions i àrees administratives públiques
W013;Caiguda al mateix nivell per relliscada, ensopegada i entrebancada:  zona esportiva
W014;Caiguda al mateix nivell per relliscada, ensopegada i entrebancada:  carrer i via pública
W015;Caiguda al mateix nivell per relliscada, ensopegada i entrebancada:  àrea comercial i de serveis
W016;Caiguda al mateix nivell per relliscada, ensopegada i entrebancada:  zona industrial i de construcció
W017;Caiguda al mateix nivell per relliscada, ensopegada i entrebancada:  granja
W018;Caiguda al mateix nivell per relliscada, ensopegada i entrebancada:  altres llocs especificats
W019;Caiguda al mateix nivell per relliscada, ensopegada i entrebancada:  lloc no especificat
W020;Caiguda que implica patins de gel, esquís, patins de rodes o monopatins:  domicili
W021;Caiguda que implica patins de gel, esquís, patins de rodes o monopatins:  institució residencial
W022;Caiguda que implica patins de gel, esquís, patins de rodes o monopatins:  escola, altres institucions i àrees administratives públiques
W023;Caiguda que implica patins de gel, esquís, patins de rodes o monopatins:  zona esportiva
W024;Caiguda que implica patins de gel, esquís, patins de rodes o monopatins:  carrer i via pública
W025;Caiguda que implica patins de gel, esquís, patins de rodes o monopatins:  àrea comercial i de serveis
W026;Caiguda que implica patins de gel, esquís, patins de rodes o monopatins:  zona industrial i de construcció
W027;Caiguda que implica patins de gel, esquís, patins de rodes o monopatins:  granja
W028;Caiguda que implica patins de gel, esquís, patins de rodes o monopatins:  altres llocs especificats
W029;Caiguda que implica patins de gel, esquís, patins de rodes o monopatins:  lloc no especificat
W030;Altra caiguda al mateix nivell per col·lisió amb una altra persona o empenta d'una altra persona:  domicili
W031;Altra caiguda al mateix nivell per col·lisió amb una altra persona o empenta d'una altra persona:  institució residencial
W032;Altra caiguda al mateix nivell per col·lisió amb una altra persona o empenta d'una altra persona:  escola, altres institucions i àrees administratives públiques
W033;Altra caiguda al mateix nivell per col·lisió amb una altra persona o empenta d'una altra persona:  zona esportiva
W034;Altra caiguda al mateix nivell per col·lisió amb una altra persona o empenta d'una altra persona:  carrer i via pública
W035;Altra caiguda al mateix nivell per col·lisió amb una altra persona o empenta d'una altra persona:  àrea comercial i de serveis
W036;Altra caiguda al mateix nivell per col·lisió amb una altra persona o empenta d'una altra persona:  zona industrial i de construcció
W037;Altra caiguda al mateix nivell per col·lisió amb una altra persona o empenta d'una altra persona:  granja
W038;Altra caiguda al mateix nivell per col·lisió amb una altra persona o empenta d'una altra persona:  altres llocs especifificats
W039;Altra caiguda al mateix nivell per col·lisió amb una altra persona o empenta d'una altra persona:  lloc no especificat
W040;Caiguda d'una persona en ser transportada o sostinguda per altres persones:  domicili
W041;Caiguda d'una persona en ser transportada o sostinguda per altres persones:  institució residencial
W042;Caiguda d'una persona en ser transportada o sostinguda per altres persones:  escola, altres institucions i àrees administratives públiques
W043;Caiguda d'una persona en ser transportada o sostinguda per altres persones:  zona esportiva
W044;Caiguda d'una persona en ser transportada o sostinguda per altres persones:  carrer i via pública
W045;Caiguda d'una persona en ser transportada o sostinguda per altres persones:  àrea comercial i de serveis
W046;Caiguda d'una persona en ser transportada o sostinguda per altres persones:  zona industrial i de construcció
W047;Caiguda d'una persona en ser transportada o sostinguda per altres persones:  granja
W048;Caiguda d'una persona en ser transportada o sostinguda per altres persones:  altres llocs especificats
W049;Caiguda d'una persona en ser transportada o sostinguda per altres persones:  lloc no especificat
W050;Caiguda que implica cadira de rodes:  domicili
W051;Caiguda que implica cadira de rodes:  institució residencial
W052;Caiguda que implica cadira de rodes:  escola, altres institucions i àrees administratives públiques
W053;Caiguda que implica cadira de rodes:  zona esportiva
W054;Caiguda que implica cadira de rodes:  carrer i via pública
W055;Caiguda que implica cadira de rodes:  àrea comercial i de serveis
W056;Caiguda que implica cadira de rodes:  zona industrial i de construcció
W057;Caiguda que implica cadira de rodes:  granja
W058;Caiguda que implica cadira de rodes:  altres llocs especificats
W059;Caiguda que implica cadira de rodes:  lloc no especificat
W060;Caiguda que implica llit: domicili
W061;Caiguda que implica llit: institució residencial
W062;Caiguda que implica llit: escola, altres institucions i àrees administratives públiques
W063;Caiguda que implica llit: zona esportiva
W064;Caiguda que implica llit: carrer i via pública
W065;Caiguda que implica llit: àrea comercial i de serveis
W066;Caiguda que implica llit: zona industrial i de construcció
W067;Caiguda que implica llit: granja
W068;Caiguda que implica llit: altres llocs especificats
W069;Caiguda que implica llit: lloc no especificat
W070;Caiguda que implica cadira: domicili
W071;Caiguda que implica cadira: institució residencial
W072;Caiguda que implica cadira: escola, altres institucions i àrees administratives públiques
W073;Caiguda que implica cadira: zona esportiva
W074;Caiguda que implica cadira: carrer i via pública
W075;Caiguda que implica cadira: àrea comercial i de serveis
W076;Caiguda que implica cadira: zona industrial i de construcció
W077;Caiguda que implica cadira: granja
W078;Caiguda que implica cadira: altres llocs especificats
W079;Caiguda que implica cadira: lloc no especificat
W080;Caiguda que implica altres mobles: domicili
W081;Caiguda que implica altres mobles: institució residencial
W082;Caiguda que implica altres mobles: escola, altres institucions i àrees administratives públiques
W083;Caiguda que implica altres mobles: zona esportiva
W084;Caiguda que implica altres mobles: carrer i via pública
W085;Caiguda que implica altres mobles: àrea comercial i de serveis
W086;Caiguda que implica altres mobles: zona industrial i de construcció
W087;Caiguda que implica altres mobles: granja
W088;Caiguda que implica altres mobles: altres llocs especificats
W089;Caiguda que implica altres mobles: lloc no especificat
W090;Caiguda que implica instal·lacions de pati de jocs: domicili
W091;Caiguda que implica instal·lacions de pati de jocs: institució residencial
W092;Caiguda que implica instal·lacions de pati de jocs: escola, altres institucions i àrees administratives públiques
W093;Caiguda que implica instal·lacions de pati de jocs: zona esportiva
W094;Caiguda que implica instal·lacions de pati de jocs: carrer i via pública
W095;Caiguda que implica instal·lacions de pati de jocs: àrea comercial i de serveis
W096;Caiguda que implica instal·lacions de pati de jocs: zona industrial i de construcció
W097;Caiguda que implica instal·lacions de pati de jocs: granja
W098;Caiguda que implica instal·lacions de pati de jocs: altres llocs especificats
W099;Caiguda que implica instal·lacions de pati de jocs: lloc no especificat
W100;Caiguda per i des d'esglaons i escales: domicili
W101;Caiguda per i des d'esglaons i escales: institució residencial
W102;Caiguda per i des d'esglaons i escales: escola, altres institucions i àrees administratives públiques
W103;Caiguda per i des d'esglaons i escales: zona esportiva
W104;Caiguda per i des d'esglaons i escales: carrer i via pública
W105;Caiguda per i des d'esglaons i escales: àrea comercial i de serveis
W106;Caiguda per i des d'esglaons i escales: zona industrial i de construcció
W107;Caiguda per i des d'esglaons i escales: granja
W108;Caiguda per i des d'esglaons i escales: altres llocs especificats
W109;Caiguda per i des d'esglaons i escales: lloc no especificat
W110;Caiguda per i des d'escala de mà: domicili
W111;Caiguda per i des d'escala de mà: institució residencial
W112;Caiguda per i des d'escala de mà: escola, altres institucions i àrees administratives públiques
W113;Caiguda per i des d'escala de mà: zona esportiva
W114;Caiguda per i des d'escala de mà: carrer i via pública
W115;Caiguda per i des d'escala de mà: àrea comercial i de serveis
W116;Caiguda per i des d'escala de mà: zona industrial i de construcció
W117;Caiguda per i des d'escala de mà: granja
W118;Caiguda per i des d'escala de mà: altres llocs especificats
W119;Caiguda per i des d'escala de mà: lloc no especificat
W120;Caiguda per i des de bastida: domicili
W121;Caiguda per i des de bastida: institució residencial
W122;Caiguda per i des de bastida: escola, altres institucions i àrees administratives públiques
W123;Caiguda per i des de bastida: zona esportiva
W124;Caiguda per i des de bastida: carrer i via pública
W125;Caiguda per i des de bastida: àrea comercial i de serveis
W126;Caiguda per i des de bastida: zona industrial i de construcció
W127;Caiguda per i des de bastida: granja
W128;Caiguda per i des de bastida: altres llocs especificats
W129;Caiguda per i des de bastida: lloc no especificat
W130;Caiguda des de, fora de o per un edifici o una altra estructura: domicili
W131;Caiguda des de, fora de o per un edifici o una altra estructura: institució residencial
W132;Caiguda des de, fora de o per un edifici o una altra estructura: escola, altres institucions i àrees administratives públiques
W133;Caiguda des de, fora de o per un edifici o una altra estructura: zona esportiva
W134;Caiguda des de, fora de o per un edifici o una altra estructura: carrer i via pública
W135;Caiguda des de, fora de o per un edifici o una altra estructura: àrea comercial i de serveis
W136;Caiguda des de, fora de o per un edifici o una altra estructura: zona industrial i de construcció
W137;Caiguda des de, fora de o per un edifici o una altra estructura: granja
W138;Caiguda des de, fora de o per un edifici o una altra estructura: altres llocs especificats
W139;Caiguda des de, fora de o per un edifici o una altra estructura: lloc no especificat
W140;Caiguda des d'arbre: domicili
W141;Caiguda des d'arbre: institució residencial
W142;Caiguda des d'arbre: escola, altres institucions i àrees administratives públiques
W143;Caiguda des d'arbre: zona esportiva
W144;Caiguda des d'arbre: carrer i via pública
W145;Caiguda des d'arbre: àrea comercial i de serveis
W146;Caiguda des d'arbre: zona industrial i de construcció
W147;Caiguda des d'arbre: granja
W148;Caiguda des d'arbre: altres llocs especificats
W149;Caiguda des d'arbre: lloc no especificat
W150;Caiguda des de cingle: domicili
W151;Caiguda des de cingle: institució residencial
W152;Caiguda des de cingle: escola, altres institucions i àrees administratives públiques
W153;Caiguda des de cingle: zona esportiva
W154;Caiguda des de cingle: carrer i via pública
W155;Caiguda des de cingle: àrea comercial i de serveis
W156;Caiguda des de cingle: zona industrial i de construcció
W157;Caiguda des de cingle: granja
W158;Caiguda des de cingle: altres llocs especificats
W159;Caiguda des de cingle: lloc no especificat
W160;Immersió o salt a l'aigua que causa lesió diferent d'ofegament per immersió o submersió: domicili
W161;Immersió o salt a l'aigua que causa lesió diferent d'ofegament per immersió o submersió: institució residencial
W162;Immersió o salt a l'aigua que causa lesió diferent d'ofegament per immersió o submersió: escola, altres institucions i àrees administratives públiques
W163;Immersió o salt a l'aigua que causa lesió diferent d'ofegament per immersió o submersió: zona esportiva
W164;Immersió o salt a l'aigua que causa lesió diferent d'ofegament per immersió o submersió: carrer i via pública
W165;Immersió o salt a l'aigua que causa lesió diferent d'ofegament per immersió o submersió: àrea comercial i de serveis
W166;Immersió o salt a l'aigua que causa lesió diferent d'ofegament per immersió o submersió: zona industrial i de construcció
W167;Immersió o salt a l'aigua que causa lesió diferent d'ofegament per immersió o submersió: granja
W168;Immersió o salt a l'aigua que causa lesió diferent d'ofegament per immersió o submersió: altres llocs especificats
W169;Immersió o salt a l'aigua que causa lesió diferent d'ofegament per immersió o submersió: lloc no especificat
W170;Altre tipus de caiguda des d'un nivell superior: domicili
W171;Altre tipus de caiguda des d'un nivell superior: institució residencial
W172;Altre tipus de caiguda des d'un nivell superior: escola, altres institucions i àrees administratives públiques
W173;Altre tipus de caiguda des d'un nivell superior: zona esportiva
W174;Altre tipus de caiguda des d'un nivell superior: carrer i via pública
W175;Altre tipus de caiguda des d'un nivell superior: àrea comercial i de serveis
W176;Altre tipus de caiguda des d'un nivell superior: zona industrial i de construcció
W177;Altre tipus de caiguda des d'un nivell superior: granja
W178;Altre tipus de caiguda des d'un nivell superior: altres llocs especificats
W179;Altre tipus de caiguda des d'un nivell superior: lloc no especificat
W180;Altre tipus de caiguda al mateix nivell: domicili
W181;Altre tipus de caiguda al mateix nivell: institució residencial
W182;Altre tipus de caiguda al mateix nivell: escola, altres institucions i àrees administratives públiques
W183;Altre tipus de caiguda al mateix nivell: zona esportiva
W184;Altre tipus de caiguda al mateix nivell: carrer i via pública
W185;Altre tipus de caiguda al mateix nivell: àrea comercial i de serveis
W186;Altre tipus de caiguda al mateix nivell: zona industrial i de construcció
W187;Altre tipus de caiguda al mateix nivell: granja
W188;Altre tipus de caiguda al mateix nivell: altres llocs especificats
W189;Altre tipus de caiguda al mateix nivell: lloc no especificat
W190;Caiguda no especificada: domicili
W191;Caiguda no especificada: institució residencial
W192;Caiguda no especificada: escola, altres institucions i àrees administratives públiques
W193;Caiguda no especificada: zona esportiva
W194;Caiguda no especificada: carrer i via pública
W195;Caiguda no especificada: àrea comercial i de serveis
W196;Caiguda no especificada: zona industrial i de construcció
W197;Caiguda no especificada: granja
W198;Caiguda no especificada: altres llocs especificats
W199;Caiguda no especificada: lloc no especificat
W200;Cop per objecte llançat, projectat o caigut: domicili
W201;Cop per objecte llançat, projectat o caigut: institució residencial
W202;Cop per objecte llançat, projectat o caigut: escola, altres institucions i àrees administratives públiques
W203;Cop per objecte llançat, projectat o caigut: zona esportiva
W204;Cop per objecte llançat, projectat o caigut: carrer i via pública
W205;Cop per objecte llançat, projectat o caigut: àrea comercial i de serveis
W206;Cop per objecte llançat, projectat o caigut: zona industrial i de construcció
W207;Cop per objecte llançat, projectat o caigut: granja
W208;Cop per objecte llançat, projectat o caigut: altres llocs especificats
W209;Cop per objecte llançat, projectat o caigut: lloc no especificat
W210;Cop o topada contra equipament esportiu: domicili
W211;Cop o topada contra equipament esportiu: institució residencial
W212;Cop o topada contra equipament esportiu: escola, altres institucions i àrees administratives públiques
W213;Cop o topada contra equipament esportiu: zona esportiva
W214;Cop o topada contra equipament esportiu: carrer i via pública
W215;Cop o topada contra equipament esportiu: àrea comercial i de serveis
W216;Cop o topada contra equipament esportiu: zona industrial i de construcció
W217;Cop o topada contra equipament esportiu: granja
W218;Cop o topada contra equipament esportiu: altres llocs especificats
W219;Cop o topada contra equipament esportiu: lloc no especificat
W220;Cop o topada contra altres objectes: domicili
W221;Cop o topada contra altres objectes: institució residencial
W222;Cop o topada contra altres objectes: escola, altres institucions i àrees administratives públiques
W223;Cop o topada contra altres objectes: zona esportiva
W224;Cop o topada contra altres objectes: carrer i via pública
W225;Cop o topada contra altres objectes: àrea comercial i de serveis
W226;Cop o topada contra altres objectes: zona industrial i de construcció
W227;Cop o topada contra altres objectes: granja
W228;Cop o topada contra altres objectes: altres llocs especificats
W229;Cop o topada contra altres objectes: lloc no especificat
W230;Atrapada, esclafada, agafada o enxampada en o entre objectes: domicili
W231;Atrapada, esclafada, agafada o enxampada en o entre objectes: institució residencial
W232;Atrapada, esclafada, agafada o enxampada en o entre objectes: escola, altres institucions i àrees administratives públiques
W233;Atrapada, esclafada, agafada o enxampada en o entre objectes: zona esportiva
W234;Atrapada, esclafada, agafada o enxampada en o entre objectes: carrer i via pública
W235;Atrapada, esclafada, agafada o enxampada en o entre objectes: àrea comercial i de serveis
W236;Atrapada, esclafada, agafada o enxampada en o entre objectes: zona industrial i de construcció
W237;Atrapada, esclafada, agafada o enxampada en o entre objectes: granja
W238;Atrapada, esclafada, agafada o enxampada en o entre objectes: altres llocs especificats
W239;Atrapada, esclafada, agafada o enxampada en o entre objectes: lloc no especificat
W240;Contacte amb dispositius elevadors i transmissors no classificats a cap altre lloc: domicili
W241;Contacte amb dispositius elevadors i transmissors no classificats a cap altre lloc: institució residencial
W242;Contacte amb dispositius elevadors i transmissors no classificats a cap altre lloc: escola, altres institucions i àrees administratives públiques
W243;Contacte amb dispositius elevadors i transmissors no classificats a cap altre lloc: zona esportiva
W244;Contacte amb dispositius elevadors i transmissors no classificats a cap altre lloc: carrer i via pública
W245;Contacte amb dispositius elevadors i transmissors no classificats a cap altre lloc: àrea comercial i de serveis
W246;Contacte amb dispositius elevadors i transmissors no classificats a cap altre lloc: zona industrial i de construcció
W247;Contacte amb dispositius elevadors i transmissors no classificats a cap altre lloc: granja
W248;Contacte amb dispositius elevadors i transmissors no classificats a cap altre lloc: altres llocs especificats
W249;Contacte amb dispositius elevadors i transmissors no classificats a cap altre lloc: lloc no especificat
W250;Contacte amb vidre afilat: domicili
W251;Contacte amb vidre afilat: institució residencial
W252;Contacte amb vidre afilat: escola, altres institucions i àrees administratives públiques
W253;Contacte amb vidre afilat: zona esportiva
W254;Contacte amb vidre afilat: carrer i via pública
W255;Contacte amb vidre afilat: àrea comercial i de serveis
W256;Contacte amb vidre afilat: zona industrial i de construcció
W257;Contacte amb vidre afilat: granja
W258;Contacte amb vidre afilat: altres llocs especificats
W259;Contacte amb vidre afilat: lloc no especificat
W260;Contacte amb ganivet, espasa o daga: domicili
W261;Contacte amb ganivet, espasa o daga: institució residencial
W262;Contacte amb ganivet, espasa o daga: escola, altres institucions i àrees administratives públiques
W263;Contacte amb ganivet, espasa o daga: zona esportiva
W264;Contacte amb ganivet, espasa o daga: carrer i via pública
W265;Contacte amb ganivet, espasa o daga: àrea comercial i de serveis
W266;Contacte amb ganivet, espasa o daga: zona industrial i de construcció
W267;Contacte amb ganivet, espasa o daga: granja
W268;Contacte amb ganivet, espasa o daga: altres llocs especificats
W269;Contacte amb ganivet, espasa o daga: lloc no especificat
W270;Contacte amb estri manual no elèctric: domicili
W271;Contacte amb estri manual no elèctric: institució residencial
W272;Contacte amb estri manual no elèctric: escola, altres institucions i àrees administratives públiques
W273;Contacte amb estri manual no elèctric: zona esportiva
W274;Contacte amb estri manual no elèctric: carrer i via pública
W275;Contacte amb estri manual no elèctric: àrea comercial i de serveis
W276;Contacte amb estri manual no elèctric: zona industrial i de construcció
W277;Contacte amb estri manual no elèctric: granja
W278;Contacte amb estri manual no elèctric: altres llocs especificats
W279;Contacte amb estri manual no elèctric: lloc no especificat
W280;Contacte amb tallagespa motoritzat: domicili
W281;Contacte amb tallagespa motoritzat: institució residencial
W282;Contacte amb tallagespa motoritzat: escola, altres institucions i àrees administratives públiques
W283;Contacte amb tallagespa motoritzat: zona esportiva
W284;Contacte amb tallagespa motoritzat: carrer i via pública
W285;Contacte amb tallagespa motoritzat: àrea comercial i de serveis
W286;Contacte amb tallagespa motoritzat: zona industrial i de construcció
W287;Contacte amb tallagespa motoritzat: granja
W288;Contacte amb tallagespa motoritzat: altres llocs especificats
W289;Contacte amb tallagespa motoritzat: lloc no especificat
W290;Contacte amb altres estris manuals i dispositius domèstics elèctrics: domicili
W291;Contacte amb altres estris manuals i dispositius domèstics elèctrics: institució residencial
W292;Contacte amb altres estris manuals i dispositius domèstics elèctrics: escola, altres institucions i àrees administratives públiques
W293;Contacte amb altres estris manuals i dispositius domèstics elèctrics: zona esportiva
W294;Contacte amb altres estris manuals i dispositius domèstics elèctrics: carrer i via pública
W295;Contacte amb altres estris manuals i dispositius domèstics elèctrics: àrea comercial i de serveis
W296;Contacte amb altres estris manuals i dispositius domèstics elèctrics: zona industrial i de construcció
W297;Contacte amb altres estris manuals i dispositius domèstics elèctrics: granja
W298;Contacte amb altres estris manuals i dispositius domèstics elèctrics: altres llocs especificats
W299;Contacte amb altres estris manuals i dispositius domèstics elèctrics: lloc no especificat
W300;Contacte amb maquinària agrícola: domicili
W301;Contacte amb maquinària agrícola: institució residencial
W302;Contacte amb maquinària agrícola: escola, altres institucions i àrees administratives públiques
W303;Contacte amb maquinària agrícola: zona esportiva
W304;Contacte amb maquinària agrícola: carrer i via pública
W305;Contacte amb maquinària agrícola: àrea comercial i de serveis
W306;Contacte amb maquinària agrícola: zona industrial i de construcció
W307;Contacte amb maquinària agrícola: granja
W308;Contacte amb maquinària agrícola: altres llocs especificats
W309;Contacte amb maquinària agrícola: lloc no especificat
W310;Contacte amb altra maquinària i contacte amb maquinària no especificada: domicili
W311;Contacte amb altra maquinària i contacte amb maquinària no especificada: institució residencial
W312;Contacte amb altra maquinària i contacte amb maquinària no especificada: escola, altres institucions i àrees administratives públiques
W313;Contacte amb altra maquinària i contacte amb maquinària no especificada: zona esportiva
W314;Contacte amb altra maquinària i contacte amb maquinària no especificada: carrer i via pública
W315;Contacte amb altra maquinària i contacte amb maquinària no especificada: àrea comercial i de serveis
W316;Contacte amb altra maquinària i contacte amb maquinària no especificada: zona industrial i de construcció
W317;Contacte amb altra maquinària i contacte amb maquinària no especificada: granja
W318;Contacte amb altra maquinària i contacte amb maquinària no especificada: altres llocs especificats
W319;Contacte amb altra maquinària i contacte amb maquinària no especificada: lloc no especificat
W320;Tret d'arma curta: domicili
W321;Tret d'arma curta: institució residencial
W322;Tret d'arma curta: escola, altres institucions i àrees administratives públiques
W323;Tret d'arma curta: zona esportiva
W324;Tret d'arma curta: carrer i via pública
W325;Tret d'arma curta: àrea comercial i de serveis
W326;Tret d'arma curta: zona industrial i de construcció
W327;Tret d'arma curta: granja
W328;Tret d'arma curta: altres llocs especificats
W329;Tret d'arma curta: lloc no especificat
W330;Tret de rifle, escopeta i arma llarga de foc: domicili
W331;Tret de rifle, escopeta i arma llarga de foc: institució residencial
W332;Tret de rifle, escopeta i arma llarga de foc: escola, altres institucions i àrees administratives públiques
W333;Tret de rifle, escopeta i arma llarga de foc: zona esportiva
W334;Tret de rifle, escopeta i arma llarga de foc: carrer i via pública
W335;Tret de rifle, escopeta i arma llarga de foc: àrea comercial i de serveis
W336;Tret de rifle, escopeta i arma llarga de foc: zona industrial i de construcció
W337;Tret de rifle, escopeta i arma llarga de foc: granja
W338;Tret de rifle, escopeta i arma llarga de foc: altres llocs especificats
W339;Tret de rifle, escopeta i arma llarga de foc: lloc no especificat
W340;Tret d'altres armes de foc i tret d'armes de foc no especificades: domicili
W341;Tret d'altres armes de foc i tret d'armes de foc no especificades: institució residencial
W342;Tret d'altres armes de foc i tret d'armes de foc no especificades: escola, altres institucions i àrees administratives públiques
W343;Tret d'altres armes de foc i tret d'armes de foc no especificades: zona esportiva
W344;Tret d'altres armes de foc i tret d'armes de foc no especificades: carrer i via pública
W345;Tret d'altres armes de foc i tret d'armes de foc no especificades: àrea comercial i de serveis
W346;Tret d'altres armes de foc i tret d'armes de foc no especificades: zona industrial i de construcció
W347;Tret d'altres armes de foc i tret d'armes de foc no especificades: granja
W348;Tret d'altres armes de foc i tret d'armes de foc no especificades: altres llocs especificats
W349;Tret d'altres armes de foc i tret d'armes de foc no especificades: lloc no especificat
W350;Explosió i ruptura de caldera: domicili
W351;Explosió i ruptura de caldera: institució residencial
W352;Explosió i ruptura de caldera: escola, altres institucions i àrees administratives públiques
W353;Explosió i ruptura de caldera: zona esportiva
W354;Explosió i ruptura de caldera: carrer i via pública
W355;Explosió i ruptura de caldera: àrea comercial i de serveis
W356;Explosió i ruptura de caldera: zona industrial i de construcció
W357;Explosió i ruptura de caldera: granja
W358;Explosió i ruptura de caldera: altres llocs especificats
W359;Explosió i ruptura de caldera: lloc no especificat
W360;Explosió i ruptura de cilindre de gas: domicili
W361;Explosió i ruptura de cilindre de gas: institució residencial
W362;Explosió i ruptura de cilindre de gas: escola, altres institucions i àrees administratives públiques
W363;Explosió i ruptura de cilindre de gas: zona esportiva
W364;Explosió i ruptura de cilindre de gas: carrer i via pública
W365;Explosió i ruptura de cilindre de gas: àrea comercial i de serveis
W366;Explosió i ruptura de cilindre de gas: zona industrial i de construcció
W367;Explosió i ruptura de cilindre de gas: granja
W368;Explosió i ruptura de cilindre de gas: altres llocs especificats
W369;Explosió i ruptura de cilindre de gas: lloc no especificat
W370;Explosió i ruptura de pneumàtic, canonada o mànega pressuritzats: domicili
W371;Explosió i ruptura de pneumàtic, canonada o mànega pressuritzats: institució residencial
W372;Explosió i ruptura de pneumàtic, canonada o mànega pressuritzats: escola, altres institucions i àrees administratives públiques
W373;Explosió i ruptura de pneumàtic, canonada o mànega pressuritzats: zona esportiva
W374;Explosió i ruptura de pneumàtic, canonada o mànega pressuritzats: carrer i via pública
W375;Explosió i ruptura de pneumàtic, canonada o mànega pressuritzats: àrea comercial i de serveis
W376;Explosió i ruptura de pneumàtic, canonada o mànega pressuritzats: zona industrial i de construcció
W377;Explosió i ruptura de pneumàtic, canonada o mànega pressuritzats: granja
W378;Explosió i ruptura de pneumàtic, canonada o mànega pressuritzats: altres llocs especificats
W379;Explosió i ruptura de pneumàtic, canonada o mànega pressuritzats: lloc no especificat
W380;Explosió i ruptura d'altres dispositius pressuritzats especificats: domicili
W381;Explosió i ruptura d'altres dispositius pressuritzats especificats: institució residencial
W382;Explosió i ruptura d'altres dispositius pressuritzats especificats: escola, altres institucions i àrees administratives públiques
W383;Explosió i ruptura d'altres dispositius pressuritzats especificats: zona esportiva
W384;Explosió i ruptura d'altres dispositius pressuritzats especificats: carrer i via pública
W385;Explosió i ruptura d'altres dispositius pressuritzats especificats: àrea comercial i de serveis
W386;Explosió i ruptura d'altres dispositius pressuritzats especificats: zona industrial i de construcció
W387;Explosió i ruptura d'altres dispositius pressuritzats especificats: granja
W388;Explosió i ruptura d'altres dispositius pressuritzats especificats: altres llocs especificats
W389;Explosió i ruptura d'altres dispositius pressuritzats especificats: lloc no especificat
W390;Accident pirotècnic: domicili
W391;Accident pirotècnic: institució residencial
W392;Accident pirotècnic: escola, altres institucions i àrees administratives públiques
W393;Accident pirotècnic: zona esportiva
W394;Accident pirotècnic: carrer i via pública
W395;Accident pirotècnic: àrea comercial i de serveis
W396;Accident pirotècnic: zona industrial i de construcció
W397;Accident pirotècnic: granja
W398;Accident pirotècnic: altres llocs especificats
W399;Accident pirotècnic: lloc no especificat
W400;Explosió d'altres materials: domicili
W401;Explosió d'altres materials: institució residencial
W402;Explosió d'altres materials: escola, altres institucions i àrees administratives públiques
W403;Explosió d'altres materials: zona esportiva
W404;Explosió d'altres materials: carrer i via pública
W405;Explosió d'altres materials: àrea comercial i de serveis
W406;Explosió d'altres materials: zona industrial i de construcció
W407;Explosió d'altres materials: granja
W408;Explosió d'altres materials: altres llocs especificats
W409;Explosió d'altres materials: lloc no especificat
W410;Exposició a doll d'alta pressió: domicili
W411;Exposició a doll d'alta pressió: institució residencial
W412;Exposició a doll d'alta pressió: escola, altres institucions i àrees administratives públiques
W413;Exposició a doll d'alta pressió: zona esportiva
W414;Exposició a doll d'alta pressió: carrer i via pública
W415;Exposició a doll d'alta pressió: àrea comercial i de serveis
W416;Exposició a doll d'alta pressió: zona industrial i de construcció
W417;Exposició a doll d'alta pressió: granja
W418;Exposició a doll d'alta pressió: altres llocs especificats
W419;Exposició a doll d'alta pressió: lloc no especificat
W420;Exposició al soroll: domicili
W421;Exposició al soroll: institució residencial
W422;Exposició al soroll: escola, altres institucions i àrees administratives públiques
W423;Exposició al soroll: zona esportiva
W424;Exposició al soroll: carrer i via pública
W425;Exposició al soroll: àrea comercial i de serveis
W426;Exposició al soroll: zona industrial i de construcció
W427;Exposició al soroll: granja
W428;Exposició al soroll: altres llocs especificats
W429;Exposició al soroll: lloc no especificat
W430;Exposició a vibració: domicili
W431;Exposició a vibració: institució residencial
W432;Exposició a vibració: escola, altres institucions i àrees administratives públiques
W433;Exposició a vibració: zona esportiva
W434;Exposició a vibració: carrer i via pública
W435;Exposició a vibració: àrea comercial i de serveis
W436;Exposició a vibració: zona industrial i de construcció
W437;Exposició a vibració: granja
W438;Exposició a vibració: altres llocs especificats
W439;Exposició a vibració: lloc no especificat
W440;Cos estrany que entra o penetra l'ull o un orifici natural: domicili
W441;Cos estrany que entra o penetra l'ull o un orifici natural: institució residencial
W442;Cos estrany que entra o penetra l'ull o un orifici natural: escola, altres institucions i àrees administratives públiques
W443;Cos estrany que entra o penetra l'ull o un orifici natural: zona esportiva
W444;Cos estrany que entra o penetra l'ull o un orifici natural: carrer i via pública
W445;Cos estrany que entra o penetra l'ull o un orifici natural: àrea comercial i de serveis
W446;Cos estrany que entra o penetra l'ull o un orifici natural: zona industrial i de construcció
W447;Cos estrany que entra o penetra l'ull o un orifici natural: granja
W448;Cos estrany que entra o penetra l'ull o un orifici natural: altres llocs especificats
W449;Cos estrany que entra o penetra l'ull o un orifici natural: lloc no especificat
W450;Cos estrany o objecte que travessa la pell: domicili
W451;Cos estrany o objecte que travessa la pell: institució residencial
W452;Cos estrany o objecte que travessa la pell: escola, altres institucions i àrees administratives públiques
W453;Cos estrany o objecte que travessa la pell: zona esportiva
W454;Cos estrany o objecte que travessa la pell: carrer i via pública
W455;Cos estrany o objecte que travessa la pell: àrea comercial i de serveis
W456;Cos estrany o objecte que travessa la pell: zona industrial i de construcció
W457;Cos estrany o objecte que travessa la pell: granja
W458;Cos estrany o objecte que travessa la pell: altres llocs especificats
W459;Cos estrany o objecte que travessa la pell: lloc no especificat
W460;Contacte amb agulla hipodèrmica: domicili
W461;Contacte amb agulla hipodèrmica: institució residencial
W462;Contacte amb agulla hipodèrmica: escola, altres institucions i àrees administratives públiques
W463;Contacte amb agulla hipodèrmica: zona esportiva
W464;Contacte amb agulla hipodèrmica: carrer i via pública
W465;Contacte amb agulla hipodèrmica: àrea comercial i de serveis
W466;Contacte amb agulla hipodèrmica: zona industrial i de construcció
W467;Contacte amb agulla hipodèrmica: granja
W468;Contacte amb agulla hipodèrmica: altres llocs especificats
W469;Contacte amb agulla hipodèrmica: lloc no especificat
W490;Exposició a altres forces mecàniques inanimades i exposició a forces mecàniques inanimades no especificades: domicili
W491;Exposició a altres forces mecàniques inanimades i exposició a forces mecàniques inanimades no especificades: institució residencial
W492;Exposició a altres forces mecàniques inanimades i exposició a forces mecàniques inanimades no especificades: escola, altres institucions i àrees administratives públiques
W493;Exposició a altres forces mecàniques inanimades i exposició a forces mecàniques inanimades no especificades: zona esportiva
W494;Exposició a altres forces mecàniques inanimades i exposició a forces mecàniques inanimades no especificades: carrer i via pública
W495;Exposició a altres forces mecàniques inanimades i exposició a forces mecàniques inanimades no especificades: àrea comercial i de serveis
W496;Exposició a altres forces mecàniques inanimades i exposició a forces mecàniques inanimades no especificades: zona industrial i de construcció
W497;Exposició a altres forces mecàniques inanimades i exposició a forces mecàniques inanimades no especificades: granja
W498;Exposició a altres forces mecàniques inanimades i exposició a forces mecàniques inanimades no especificades: altres llocs especificats
W499;Exposició a altres forces mecàniques inanimades i exposició a forces mecàniques inanimades no especificades: lloc no especificat
W500;Cop, copejament, puntada de peu, torçada, mossegada o esgarrapada fets per una altra persona: domicili
W501;Cop, copejament, puntada de peu, torçada, mossegada o esgarrapada fets per una altra persona: institució residencial
W502;Cop, copejament, puntada de peu, torçada, mossegada o esgarrapada fets per una altra persona: escola, altres institucions i àrees administratives públiques
W503;Cop, copejament, puntada de peu, torçada, mossegada o esgarrapada fets per una altra persona: zona esportiva
W504;Cop, copejament, puntada de peu, torçada, mossegada o esgarrapada fets per una altra persona: carrer i via pública
W505;Cop, copejament, puntada de peu, torçada, mossegada o esgarrapada fets per una altra persona: àrea comercial i de serveis
W506;Cop, copejament, puntada de peu, torçada, mossegada o esgarrapada fets per una altra persona: zona industrial i de construcció
W507;Cop, copejament, puntada de peu, torçada, mossegada o esgarrapada fets per una altra persona: granja
W508;Cop, copejament, puntada de peu, torçada, mossegada o esgarrapada fets per una altra persona: altres llocs especificats
W509;Cop, copejament, puntada de peu, torçada, mossegada o esgarrapada fets per una altra persona: lloc no especificat
W510;Topada o xoc amb una altra persona: domicili
W511;Topada o xoc amb una altra persona: institució residencial
W512;Topada o xoc amb una altra persona: escola, altres institucions i àrees administratives públiques
W513;Topada o xoc amb una altra persona: zona esportiva
W514;Topada o xoc amb una altra persona: carrer i via pública
W515;Topada o xoc amb una altra persona: àrea comercial i de serveis
W516;Topada o xoc amb una altra persona: zona industrial i de construcció
W517;Topada o xoc amb una altra persona: granja
W518;Topada o xoc amb una altra persona: altres llocs especificats
W519;Topada o xoc amb una altra persona: lloc no especificat
W520;Esclafada, empenta o trepitjada per una multitud o desbandada humana: domicili
W521;Esclafada, empenta o trepitjada per una multitud o desbandada humana: institució residencial
W522;Esclafada, empenta o trepitjada per una multitud o desbandada humana: escola, altres institucions i àrees administratives públiques
W523;Esclafada, empenta o trepitjada per una multitud o desbandada humana: zona esportiva
W524;Esclafada, empenta o trepitjada per una multitud o desbandada humana: carrer i via pública
W525;Esclafada, empenta o trepitjada per una multitud o desbandada humana: àrea comercial i de serveis
W526;Esclafada, empenta o trepitjada per una multitud o desbandada humana: zona industrial i de construcció
W527;Esclafada, empenta o trepitjada per una multitud o desbandada humana: granja
W528;Esclafada, empenta o trepitjada per una multitud o desbandada humana: altres llocs especificats
W529;Esclafada, empenta o trepitjada per una multitud o desbandada humana: lloc no especificat
W530;Mossegada de rata: domicili
W531;Mossegada de rata: institució residencial
W532;Mossegada de rata: escola, altres institucions i àrees administratives públiques
W533;Mossegada de rata: zona esportiva
W534;Mossegada de rata: carrer i via pública
W535;Mossegada de rata: àrea comercial i de serveis
W536;Mossegada de rata: zona industrial i de construcció
W537;Mossegada de rata: granja
W538;Mossegada de rata: altres llocs especificats
W539;Mossegada de rata: lloc no especificat
W540;Mossegada o cop de gos: domicili
W541;Mossegada o cop de gos: institució residencial
W542;Mossegada o cop de gos: escola, altres institucions i àrees administratives públiques
W543;Mossegada o cop de gos: zona esportiva
W544;Mossegada o cop de gos: carrer i via pública
W545;Mossegada o cop de gos: àrea comercial i de serveis
W546;Mossegada o cop de gos: zona industrial i de construcció
W547;Mossegada o cop de gos: granja
W548;Mossegada o cop de gos: altres llocs especificats
W549;Mossegada o cop de gos: lloc no especificat
W550;Mossegada o cop d'altres mamífers: domicili
W551;Mossegada o cop d'altres mamífers: institució residencial
W552;Mossegada o cop d'altres mamífers: escola, altres institucions i àrees administratives públiques
W553;Mossegada o cop d'altres mamífers: zona esportiva
W554;Mossegada o cop d'altres mamífers: carrer i via pública
W555;Mossegada o cop d'altres mamífers: àrea comercial i de serveis
W556;Mossegada o cop d'altres mamífers: zona industrial i de construcció
W557;Mossegada o cop d'altres mamífers: granja
W558;Mossegada o cop d'altres mamífers: altres llocs especificats
W559;Mossegada o cop d'altres mamífers: lloc no especificat
W560;Contacte amb animal marí: domicili
W561;Contacte amb animal marí: institució residencial
W562;Contacte amb animal marí: escola, altres institucions i àrees administratives públiques
W563;Contacte amb animal marí: zona esportiva
W564;Contacte amb animal marí: carrer i via pública
W565;Contacte amb animal marí: àrea comercial i de serveis
W566;Contacte amb animal marí: zona industrial i de construcció
W567;Contacte amb animal marí: granja
W568;Contacte amb animal marí: altres llocs especificats
W569;Contacte amb animal marí: lloc no especificat
W570;Picada o fiblada d'insecte no verinós i altres artròpodes no verinosos: domicili
W571;Picada o fiblada d'insecte no verinós i altres artròpodes no verinosos: institució residencial
W572;Picada o fiblada d'insecte no verinós i altres artròpodes no verinosos: escola, altres institucions i àrees administratives públiques
W573;Picada o fiblada d'insecte no verinós i altres artròpodes no verinosos: zona esportiva
W574;Picada o fiblada d'insecte no verinós i altres artròpodes no verinosos: carrer i via pública
W575;Picada o fiblada d'insecte no verinós i altres artròpodes no verinosos: àrea comercial i de serveis
W576;Picada o fiblada d'insecte no verinós i altres artròpodes no verinosos: zona industrial i de construcció
W577;Picada o fiblada d'insecte no verinós i altres artròpodes no verinosos: granja
W578;Picada o fiblada d'insecte no verinós i altres artròpodes no verinosos: altres llocs especificats
W579;Picada o fiblada d'insecte no verinós i altres artròpodes no verinosos: lloc no especificat
W580;Mossegada o cop de cocodril o caiman: domicili
W581;Mossegada o cop de cocodril o caiman: institució residencial
W582;Mossegada o cop de cocodril o caiman: escola, altres institucions i àrees administratives públiques
W583;Mossegada o cop de cocodril o caiman: zona esportiva
W584;Mossegada o cop de cocodril o caiman: carrer i via pública
W585;Mossegada o cop de cocodril o caiman: àrea comercial i de serveis
W586;Mossegada o cop de cocodril o caiman: zona industrial i de construcció
W587;Mossegada o cop de cocodril o caiman: granja
W588;Mossegada o cop de cocodril o caiman: altres llocs especificats
W589;Mossegada o cop de cocodril o caiman: lloc no especificat
W590;Mossegada o esclafada per altres rèptils: domicili
W591;Mossegada o esclafada per altres rèptils: institució residencial
W592;Mossegada o esclafada per altres rèptils: escola, altres institucions i àrees administratives públiques
W593;Mossegada o esclafada per altres rèptils: zona esportiva
W594;Mossegada o esclafada per altres rèptils: carrer i via pública
W595;Mossegada o esclafada per altres rèptils: àrea comercial i de serveis
W596;Mossegada o esclafada per altres rèptils: zona industrial i de construcció
W597;Mossegada o esclafada per altres rèptils: granja
W598;Mossegada o esclafada per altres rèptils: altres llocs especificats
W599;Mossegada o esclafada per altres rèptils: lloc no especificat
W600;Contacte amb punxes o espines de plantes i fulles punxegudes: domicili
W601;Contacte amb punxes o espines de plantes i fulles punxegudes: institució residencial
W602;Contacte amb punxes o espines de plantes i fulles punxegudes: escola, altres institucions i àrees administratives públiques
W603;Contacte amb punxes o espines de plantes i fulles punxegudes: zona esportiva
W604;Contacte amb punxes o espines de plantes i fulles punxegudes: carrer i via pública
W605;Contacte amb punxes o espines de plantes i fulles punxegudes: àrea comercial i de serveis
W606;Contacte amb punxes o espines de plantes i fulles punxegudes: zona industrial i de construcció
W607;Contacte amb punxes o espines de plantes i fulles punxegudes: granja
W608;Contacte amb punxes o espines de plantes i fulles punxegudes: altres llocs especificats
W609;Contacte amb punxes o espines de plantes i fulles punxegudes: lloc no especificat
W640;Exposició a altres forces mecàniques animades i exposició a forces mecàniques animades no especificades:
W641;Exposició a altres forces mecàniques animades i exposició a forces mecàniques animades no especificades: domicili
W642;Exposició a altres forces mecàniques animades i exposició a forces mecàniques animades no especificades: institució residencial
W643;Exposició a altres forces mecàniques animades i exposició a forces mecàniques animades no especificades: escola, altres institucions i àrees administratives públiques
W644;Exposició a altres forces mecàniques animades i exposició a forces mecàniques animades no especificades: zona esportiva
W645;Exposició a altres forces mecàniques animades i exposició a forces mecàniques animades no especificades: carrer i via pública
W646;Exposició a altres forces mecàniques animades i exposició a forces mecàniques animades no especificades: àrea comercial i de serveis
W647;Exposició a altres forces mecàniques animades i exposició a forces mecàniques animades no especificades: zona industrial i de construcció
W648;Exposició a altres forces mecàniques animades i exposició a forces mecàniques animades no especificades: granja
W649;Exposició a altres forces mecàniques animades i exposició a forces mecàniques animades no especificades: altres llocs especificats
W650;Ofegament per immersió i submersió a la banyera: domicili
W651;Ofegament per immersió i submersió a la banyera: institució residencial
W652;Ofegament per immersió i submersió a la banyera: escola, altres institucions i àrees administratives públiques
W653;Ofegament per immersió i submersió a la banyera: zona esportiva
W654;Ofegament per immersió i submersió a la banyera: carrer i via pública
W655;Ofegament per immersió i submersió a la banyera: àrea comercial i de serveis
W656;Ofegament per immersió i submersió a la banyera: zona industrial i de construcció
W657;Ofegament per immersió i submersió a la banyera: granja
W658;Ofegament per immersió i submersió a la banyera: altres llocs especificats
W659;Ofegament per immersió i submersió a la banyera: lloc no especificat
W660;Ofegament per immersió i submersió consecutius a caiguda a la banyera: domicili
W661;Ofegament per immersió i submersió consecutius a caiguda a la banyera: institució residencial
W662;Ofegament per immersió i submersió consecutius a caiguda a la banyera: escola, altres institucions i àrees administratives públiques
W663;Ofegament per immersió i submersió consecutius a caiguda a la banyera: zona esportiva
W664;Ofegament per immersió i submersió consecutius a caiguda a la banyera: carrer i via pública
W665;Ofegament per immersió i submersió consecutius a caiguda a la banyera: àrea comercial i de serveis
W666;Ofegament per immersió i submersió consecutius a caiguda a la banyera: zona industrial i de construcció
W667;Ofegament per immersió i submersió consecutius a caiguda a la banyera: granja
W668;Ofegament per immersió i submersió consecutius a caiguda a la banyera: altres llocs especificats
W669;Ofegament per immersió i submersió consecutius a caiguda a la banyera: lloc no especificat
W670;Ofegament per immersió i submersió a la piscina: domicili
W671;Ofegament per immersió i submersió a la piscina: institució residencial
W672;Ofegament per immersió i submersió a la piscina: escola, altres institucions i àrees administratives públiques
W673;Ofegament per immersió i submersió a la piscina: zona esportiva
W674;Ofegament per immersió i submersió a la piscina: carrer i via pública
W675;Ofegament per immersió i submersió a la piscina: àrea comercial i de serveis
W676;Ofegament per immersió i submersió a la piscina: zona industrial i de construcció
W677;Ofegament per immersió i submersió a la piscina: granja
W678;Ofegament per immersió i submersió a la piscina: altres llocs especificats
W679;Ofegament per immersió i submersió a la piscina: lloc no especificat
W680;Ofegament per immersió i submersió consecutius a caiguda a la piscina: domicili
W681;Ofegament per immersió i submersió consecutius a caiguda a la piscina: institució residencial
W682;Ofegament per immersió i submersió consecutius a caiguda a la piscina: escola, altres institucions i àrees administratives públiques
W683;Ofegament per immersió i submersió consecutius a caiguda a la piscina: zona esportiva
W684;Ofegament per immersió i submersió consecutius a caiguda a la piscina: carrer i via pública
W685;Ofegament per immersió i submersió consecutius a caiguda a la piscina: àrea comercial i de serveis
W686;Ofegament per immersió i submersió consecutius a caiguda a la piscina: zona industrial i de construcció
W687;Ofegament per immersió i submersió consecutius a caiguda a la piscina: granja
W688;Ofegament per immersió i submersió consecutius a caiguda a la piscina: altres llocs especificats
W689;Ofegament per immersió i submersió consecutius a caiguda a la piscina: lloc no especificat
W690;Ofegament per immersió i submersió en aigües naturals: domicili
W691;Ofegament per immersió i submersió en aigües naturals: institució residencial
W692;Ofegament per immersió i submersió en aigües naturals: escola, altres institucions i àrees administratives públiques
W693;Ofegament per immersió i submersió en aigües naturals: zona esportiva
W694;Ofegament per immersió i submersió en aigües naturals: carrer i via pública
W695;Ofegament per immersió i submersió en aigües naturals: àrea comercial i de serveis
W696;Ofegament per immersió i submersió en aigües naturals: zona industrial i de construcció
W697;Ofegament per immersió i submersió en aigües naturals: granja
W698;Ofegament per immersió i submersió en aigües naturals: altres llocs especificats
W699;Ofegament per immersió i submersió en aigües naturals: lloc no especificat
W700;Ofegament per immersió i submersió consecutius a caiguda en aigües naturals: domicili
W701;Ofegament per immersió i submersió consecutius a caiguda en aigües naturals: institució residencial
W702;Ofegament per immersió i submersió consecutius a caiguda en aigües naturals: escola, altres institucions i àrees administratives públiques
W703;Ofegament per immersió i submersió consecutius a caiguda en aigües naturals: zona esportiva
W704;Ofegament per immersió i submersió consecutius a caiguda en aigües naturals: carrer i via pública
W705;Ofegament per immersió i submersió consecutius a caiguda en aigües naturals: àrea comercial i de serveis
W706;Ofegament per immersió i submersió consecutius a caiguda en aigües naturals: zona industrial i de construcció
W707;Ofegament per immersió i submersió consecutius a caiguda en aigües naturals: granja
W708;Ofegament per immersió i submersió consecutius a caiguda en aigües naturals: altres llocs especificats
W709;Ofegament per immersió i submersió consecutius a caiguda en aigües naturals: lloc no especificat
W730;Altres ofegaments per immersió i submersions especificats: domicili
W731;Altres ofegaments per immersió i submersions especificats: institució residencial
W732;Altres ofegaments per immersió i submersions especificats: escola, altres institucions i àrees administratives públiques
W733;Altres ofegaments per immersió i submersions especificats: zona esportiva
W734;Altres ofegaments per immersió i submersions especificats: carrer i via pública
W735;Altres ofegaments per immersió i submersions especificats: àrea comercial i de serveis
W736;Altres ofegaments per immersió i submersions especificats: zona industrial i de construcció
W737;Altres ofegaments per immersió i submersions especificats: granja
W738;Altres ofegaments per immersió i submersions especificats: altres llocs especificats
W739;Altres ofegaments per immersió i submersions especificats: lloc no especificat
W740;Ofegament per immersió i submersió no especificats: domicili
W741;Ofegament per immersió i submersió no especificats: institució residencial
W742;Ofegament per immersió i submersió no especificats: escola, altres institucions i àrees administratives públiques
W743;Ofegament per immersió i submersió no especificats: zona esportiva
W744;Ofegament per immersió i submersió no especificats: carrer i via pública
W745;Ofegament per immersió i submersió no especificats: àrea comercial i de serveis
W746;Ofegament per immersió i submersió no especificats: zona industrial i de construcció
W747;Ofegament per immersió i submersió no especificats: granja
W748;Ofegament per immersió i submersió no especificats: altres llocs especificats
W749;Ofegament per immersió i submersió no especificats: lloc no especificat
W750;Sufocació i estrangulació accidentals al llit: domicili
W751;Sufocació i estrangulació accidentals al llit: institució residencial
W752;Sufocació i estrangulació accidentals al llit: escola, altres institucions i àrees administratives públiques
W753;Sufocació i estrangulació accidentals al llit: zona esportiva
W754;Sufocació i estrangulació accidentals al llit: carrer i via pública
W755;Sufocació i estrangulació accidentals al llit: àrea comercial i de serveis
W756;Sufocació i estrangulació accidentals al llit: zona industrial i de construcció
W757;Sufocació i estrangulació accidentals al llit: granja
W758;Sufocació i estrangulació accidentals al llit: altres llocs especificats
W759;Sufocació i estrangulació accidentals al llit: lloc no especificat
W760;Altres penjaments i estrangulacions accidentals: domicili
W761;Altres penjaments i estrangulacions accidentals: institució residencial
W762;Altres penjaments i estrangulacions accidentals: escola, altres institucions i àrees administratives públiques
W763;Altres penjaments i estrangulacions accidentals: zona esportiva
W764;Altres penjaments i estrangulacions accidentals: carrer i via pública
W765;Altres penjaments i estrangulacions accidentals: àrea comercial i de serveis
W766;Altres penjaments i estrangulacions accidentals: zona industrial i de construcció
W767;Altres penjaments i estrangulacions accidentals: granja
W768;Altres penjaments i estrangulacions accidentals: altres llocs especificats
W769;Altres penjaments i estrangulacions accidentals: lloc no especificat
W770;Dificultat per respirar per esfondrament, caiguda de terra i altres substàncies: domicili
W771;Dificultat per respirar per esfondrament, caiguda de terra i altres substàncies: institució residencial
W772;Dificultat per respirar per esfondrament, caiguda de terra i altres substàncies: escola, altres institucions i àrees administratives públiques
W773;Dificultat per respirar per esfondrament, caiguda de terra i altres substàncies: zona esportiva
W774;Dificultat per respirar per esfondrament, caiguda de terra i altres substàncies: carrer i via pública
W775;Dificultat per respirar per esfondrament, caiguda de terra i altres substàncies: àrea comercial i de serveis
W776;Dificultat per respirar per esfondrament, caiguda de terra i altres substàncies: zona industrial i de construcció
W777;Dificultat per respirar per esfondrament, caiguda de terra i altres substàncies: granja
W778;Dificultat per respirar per esfondrament, caiguda de terra i altres substàncies: altres llocs especificats
W779;Dificultat per respirar per esfondrament, caiguda de terra i altres substàncies: lloc no especificat
W780;Inhalació de continguts gàstrics: domicili
W781;Inhalació de continguts gàstrics: institució residencial
W782;Inhalació de continguts gàstrics: escola, altres institucions i àrees administratives públiques
W783;Inhalació de continguts gàstrics: zona esportiva
W784;Inhalació de continguts gàstrics: carrer i via pública
W785;Inhalació de continguts gàstrics: àrea comercial i de serveis
W786;Inhalació de continguts gàstrics: zona industrial i de construcció
W787;Inhalació de continguts gàstrics: granja
W788;Inhalació de continguts gàstrics: altres llocs especificats
W789;Inhalació de continguts gàstrics: lloc no especificat
W790;Inhalació i ingestió d'aliments que causen obstrucció del tracte respiratori: domicili
W791;Inhalació i ingestió d'aliments que causen obstrucció del tracte respiratori: institució residencial
W792;Inhalació i ingestió d'aliments que causen obstrucció del tracte respiratori: escola, altres institucions i àrees administratives públiques
W793;Inhalació i ingestió d'aliments que causen obstrucció del tracte respiratori: zona esportiva
W794;Inhalació i ingestió d'aliments que causen obstrucció del tracte respiratori: carrer i via pública
W795;Inhalació i ingestió d'aliments que causen obstrucció del tracte respiratori: àrea comercial i de serveis
W796;Inhalació i ingestió d'aliments que causen obstrucció del tracte respiratori: zona industrial i de construcció
W797;Inhalació i ingestió d'aliments que causen obstrucció del tracte respiratori: granja
W798;Inhalació i ingestió d'aliments que causen obstrucció del tracte respiratori: altres llocs especificats
W799;Inhalació i ingestió d'aliments que causen obstrucció del tracte respiratori: lloc no especificat
W800;Inhalació i ingestió d'altres objectes que causen obstrucció del tracte respiratori: domicili
W801;Inhalació i ingestió d'altres objectes que causen obstrucció del tracte respiratori: institució residencial
W802;Inhalació i ingestió d'altres objectes que causen obstrucció del tracte respiratori: escola, altres institucions i àrees administratives públiques
W803;Inhalació i ingestió d'altres objectes que causen obstrucció del tracte respiratori: zona esportiva
W804;Inhalació i ingestió d'altres objectes que causen obstrucció del tracte respiratori: carrer i via pública
W805;Inhalació i ingestió d'altres objectes que causen obstrucció del tracte respiratori: àrea comercial i de serveis
W806;Inhalació i ingestió d'altres objectes que causen obstrucció del tracte respiratori: zona industrial i de construcció
W807;Inhalació i ingestió d'altres objectes que causen obstrucció del tracte respiratori: granja
W808;Inhalació i ingestió d'altres objectes que causen obstrucció del tracte respiratori: altres llocs especificats
W809;Inhalació i ingestió d'altres objectes que causen obstrucció del tracte respiratori: lloc no especificat
W810;Confinament o atrapada en un entorn amb poc oxigen hermètics: domicili
W811;Confinament o atrapada en un entorn amb poc oxigen hermètics: institució residencial
W812;Confinament o atrapada en un entorn amb poc oxigen hermètics: escola, altres institucions i àrees administratives públiques
W813;Confinament o atrapada en un entorn amb poc oxigen hermètics: zona esportiva
W814;Confinament o atrapada en un entorn amb poc oxigen hermètics: carrer i via pública
W815;Confinament o atrapada en un entorn amb poc oxigen hermètics: àrea comercial i de serveis
W816;Confinament o atrapada en un entorn amb poc oxigen hermètics: zona industrial i de construcció
W817;Confinament o atrapada en un entorn amb poc oxigen hermètics: granja
W818;Confinament o atrapada en un entorn amb poc oxigen hermètics: altres llocs especificats
W819;Confinament o atrapada en un entorn amb poc oxigen hermètics: lloc no especificat
W830;Altres dificultats per respirar especificades: domicili
W831;Altres dificultats per respirar especificades: institució residencial
W832;Altres dificultats per respirar especificades: escola, altres institucions i àrees administratives públiques
W833;Altres dificultats per respirar especificades: zona esportiva
W834;Altres dificultats per respirar especificades: carrer i via pública
W835;Altres dificultats per respirar especificades: àrea comercial i de serveis
W836;Altres dificultats per respirar especificades: zona industrial i de construcció
W837;Altres dificultats per respirar especificades: granja
W838;Altres dificultats per respirar especificades: altres llocs especificats
W839;Altres dificultats per respirar especificades: lloc no especificat
W840;Dificultat per respirar no especificada: domicili
W841;Dificultat per respirar no especificada: institució residencial
W842;Dificultat per respirar no especificada: escola, altres institucions i àrees administratives públiques
W843;Dificultat per respirar no especificada: zona esportiva
W844;Dificultat per respirar no especificada: carrer i via pública
W845;Dificultat per respirar no especificada: àrea comercial i de serveis
W846;Dificultat per respirar no especificada: zona industrial i de construcció
W847;Dificultat per respirar no especificada: granja
W848;Dificultat per respirar no especificada: altres llocs especificats
W849;Dificultat per respirar no especificada: lloc no especificat
W850;Exposició a línies de transmissió elèctrica: domicili
W851;Exposició a línies de transmissió elèctrica: institució residencial
W852;Exposició a línies de transmissió elèctrica: escola, altres institucions i àrees administratives públiques
W853;Exposició a línies de transmissió elèctrica: zona esportiva
W854;Exposició a línies de transmissió elèctrica: carrer i via pública
W855;Exposició a línies de transmissió elèctrica: àrea comercial i de serveis
W856;Exposició a línies de transmissió elèctrica: zona industrial i de construcció
W857;Exposició a línies de transmissió elèctrica: granja
W858;Exposició a línies de transmissió elèctrica: altres llocs especificats
W859;Exposició a línies de transmissió elèctrica: lloc no especificat
W860;Exposició a altres tipus de corrent elèctric especificat: domicili
W861;Exposició a altres tipus de corrent elèctric especificat: institució residencial
W862;Exposició a altres tipus de corrent elèctric especificat: escola, altres institucions i àrees administratives públiques
W863;Exposició a altres tipus de corrent elèctric especificat: zona esportiva
W864;Exposició a altres tipus de corrent elèctric especificat: carrer i via pública
W865;Exposició a altres tipus de corrent elèctric especificat: àrea comercial i de serveis
W866;Exposició a altres tipus de corrent elèctric especificat: zona industrial i de construcció
W867;Exposició a altres tipus de corrent elèctric especificat: granja
W868;Exposició a altres tipus de corrent elèctric especificat: altres llocs especificats
W869;Exposició a altres tipus de corrent elèctric especificat: lloc no especificat
W870;Exposició a corrent elèctric no especificat: domicili
W871;Exposició a corrent elèctric no especificat: institució residencial
W872;Exposició a corrent elèctric no especificat: escola, altres institucions i àrees administratives públiques
W873;Exposició a corrent elèctric no especificat: zona esportiva
W874;Exposició a corrent elèctric no especificat: carrer i via pública
W875;Exposició a corrent elèctric no especificat: àrea comercial i de serveis
W876;Exposició a corrent elèctric no especificat: zona industrial i de construcció
W877;Exposició a corrent elèctric no especificat: granja
W878;Exposició a corrent elèctric no especificat: altres llocs especificats
W879;Exposició a corrent elèctric no especificat: lloc no especificat
W880;Exposició a radiació ionitzant: domicili
W881;Exposició a radiació ionitzant: institució residencial
W882;Exposició a radiació ionitzant: escola, altres institucions i àrees administratives públiques
W883;Exposició a radiació ionitzant: zona esportiva
W884;Exposició a radiació ionitzant: carrer i via pública
W885;Exposició a radiació ionitzant: àrea comercial i de serveis
W886;Exposició a radiació ionitzant: zona industrial i de construcció
W887;Exposició a radiació ionitzant: granja
W888;Exposició a radiació ionitzant: altres llocs especificats
W889;Exposició a radiació ionitzant: lloc no especificat
W890;Exposició a llum visible i ultraviolada artificials: domicili
W891;Exposició a llum visible i ultraviolada artificials: institució residencial
W892;Exposició a llum visible i ultraviolada artificials: escola, altres institucions i àrees administratives públiques
W893;Exposició a llum visible i ultraviolada artificials: zona esportiva
W894;Exposició a llum visible i ultraviolada artificials: carrer i via pública
W895;Exposició a llum visible i ultraviolada artificials: àrea comercial i de serveis
W896;Exposició a llum visible i ultraviolada artificials: zona industrial i de construcció
W897;Exposició a llum visible i ultraviolada artificials: granja
W898;Exposició a llum visible i ultraviolada artificials: altres llocs especificats
W899;Exposició a llum visible i ultraviolada artificials: lloc no especificat
W900;Exposició a altres tipus de radiació no ionitzant: domicili
W901;Exposició a altres tipus de radiació no ionitzant: institució residencial
W902;Exposició a altres tipus de radiació no ionitzant: escola, altres institucions i àrees administratives públiques
W903;Exposició a altres tipus de radiació no ionitzant: zona esportiva
W904;Exposició a altres tipus de radiació no ionitzant: carrer i via pública
W905;Exposició a altres tipus de radiació no ionitzant: àrea comercial i de serveis
W906;Exposició a altres tipus de radiació no ionitzant: zona industrial i de construcció
W907;Exposició a altres tipus de radiació no ionitzant: granja
W908;Exposició a altres tipus de radiació no ionitzant: altres llocs especificats
W909;Exposició a altres tipus de radiació no ionitzant: lloc no especificat
W910;Exposició a tipus de radiació no especificat: domicili
W911;Exposició a tipus de radiació no especificat: institució residencial
W912;Exposició a tipus de radiació no especificat: escola, altres institucions i àrees administratives públiques
W913;Exposició a tipus de radiació no especificat: zona esportiva
W914;Exposició a tipus de radiació no especificat: carrer i via pública
W915;Exposició a tipus de radiació no especificat: àrea comercial i de serveis
W916;Exposició a tipus de radiació no especificat: zona industrial i de construcció
W917;Exposició a tipus de radiació no especificat: granja
W918;Exposició a tipus de radiació no especificat: altres llocs especificats
W919;Exposició a tipus de radiació no especificat: lloc no especificat
W920;Exposició a calor excessiva d'origen artificial: domicili
W921;Exposició a calor excessiva d'origen artificial: institució residencial
W922;Exposició a calor excessiva d'origen artificial: escola, altres institucions i àrees administratives públiques
W923;Exposició a calor excessiva d'origen artificial: zona esportiva
W924;Exposició a calor excessiva d'origen artificial: carrer i via pública
W925;Exposició a calor excessiva d'origen artificial: àrea comercial i de serveis
W926;Exposició a calor excessiva d'origen artificial: zona industrial i de construcció
W927;Exposició a calor excessiva d'origen artificial: granja
W928;Exposició a calor excessiva d'origen artificial: altres llocs especificats
W929;Exposició a calor excessiva d'origen artificial: lloc no especificat
W930;Exposició a fred excessiu d'origen artificial: domicili
W931;Exposició a fred excessiu d'origen artificial: institució residencial
W932;Exposició a fred excessiu d'origen artificial: escola, altres institucions i àrees administratives públiques
W933;Exposició a fred excessiu d'origen artificial: zona esportiva
W934;Exposició a fred excessiu d'origen artificial: carrer i via pública
W935;Exposició a fred excessiu d'origen artificial: àrea comercial i de serveis
W936;Exposició a fred excessiu d'origen artificial: zona industrial i de construcció
W937;Exposició a fred excessiu d'origen artificial: granja
W938;Exposició a fred excessiu d'origen artificial: altres llocs especificats
W939;Exposició a fred excessiu d'origen artificial: lloc no especificat
W940;Exposició a pressió atmosfèrica alta i baixa i variacions de la pressió atmosfèrica: domicili
W941;Exposició a pressió atmosfèrica alta i baixa i variacions de la pressió atmosfèrica: institució residencial
W942;Exposició a pressió atmosfèrica alta i baixa i variacions de la pressió atmosfèrica: escola, altres institucions i àrees administratives públiques
W943;Exposició a pressió atmosfèrica alta i baixa i variacions de la pressió atmosfèrica: zona esportiva
W944;Exposició a pressió atmosfèrica alta i baixa i variacions de la pressió atmosfèrica: carrer i via pública
W945;Exposició a pressió atmosfèrica alta i baixa i variacions de la pressió atmosfèrica: àrea comercial i de serveis
W946;Exposició a pressió atmosfèrica alta i baixa i variacions de la pressió atmosfèrica: zona industrial i de construcció
W947;Exposició a pressió atmosfèrica alta i baixa i variacions de la pressió atmosfèrica: granja
W948;Exposició a pressió atmosfèrica alta i baixa i variacions de la pressió atmosfèrica: altres llocs especificats
W949;Exposició a pressió atmosfèrica alta i baixa i variacions de la pressió atmosfèrica: lloc no especificat
W990;Exposició a altres factors ambientals artificials i exposició a factors ambientals artificials no especificats: domicili
W991;Exposició a altres factors ambientals artificials i exposició a factors ambientals artificials no especificats: institució residencial
W992;Exposició a altres factors ambientals artificials i exposició a factors ambientals artificials no especificats: escola, altres institucions i àrees administratives públiques
W993;Exposició a altres factors ambientals artificials i exposició a factors ambientals artificials no especificats: zona esportiva
W994;Exposició a altres factors ambientals artificials i exposició a factors ambientals artificials no especificats: carrer i via pública
W995;Exposició a altres factors ambientals artificials i exposició a factors ambientals artificials no especificats: àrea comercial i de serveis
W996;Exposició a altres factors ambientals artificials i exposició a factors ambientals artificials no especificats: zona industrial i de construcció
W997;Exposició a altres factors ambientals artificials i exposició a factors ambientals artificials no especificats: granja
W998;Exposició a altres factors ambientals artificials i exposició a factors ambientals artificials no especificats: altres llocs especificats
W999;Exposició a altres factors ambientals artificials i exposició a factors ambientals artificials no especificats: lloc no especificat
X000;Exposició a foc incontrolat en edifici o estructura: domicili
X001;Exposició a foc incontrolat en edifici o estructura: institució residencial
X002;Exposició a foc incontrolat en edifici o estructura: escola, altres institucions i àrees administratives públiques
X003;Exposició a foc incontrolat en edifici o estructura: zona esportiva
X004;Exposició a foc incontrolat en edifici o estructura: carrer i via pública
X005;Exposició a foc incontrolat en edifici o estructura: àrea comercial i de serveis
X006;Exposició a foc incontrolat en edifici o estructura: zona industrial i de construcció
X007;Exposició a foc incontrolat en edifici o estructura: granja
X008;Exposició a foc incontrolat en edifici o estructura: altres llocs especificats
X009;Exposició a foc incontrolat en edifici o estructura: lloc no especificat
X010;Exposició a foc incontrolat fora d'un edifici o una altra estructura: domicili
X011;Exposició a foc incontrolat fora d'un edifici o una altra estructura: institució residencial
X012;Exposició a foc incontrolat fora d'un edifici o una altra estructura: escola, altres institucions i àrees administratives públiques
X013;Exposició a foc incontrolat fora d'un edifici o una altra estructura: zona esportiva
X014;Exposició a foc incontrolat fora d'un edifici o una altra estructura: carrer i via pública
X015;Exposició a foc incontrolat fora d'un edifici o una altra estructura: àrea comercial i de serveis
X016;Exposició a foc incontrolat fora d'un edifici o una altra estructura: zona industrial i de construcció
X017;Exposició a foc incontrolat fora d'un edifici o una altra estructura: granja
X018;Exposició a foc incontrolat fora d'un edifici o una altra estructura: altres llocs especificats
X019;Exposició a foc incontrolat fora d'un edifici o una altra estructura: lloc no especificat
X020;Exposició a foc controlat en edifici o estructura: domicili
X021;Exposició a foc controlat en edifici o estructura: institució residencial
X022;Exposició a foc controlat en edifici o estructura: escola, altres institucions i àrees administratives públiques
X023;Exposició a foc controlat en edifici o estructura: zona esportiva
X024;Exposició a foc controlat en edifici o estructura: carrer i via pública
X025;Exposició a foc controlat en edifici o estructura: àrea comercial i de serveis
X026;Exposició a foc controlat en edifici o estructura: zona industrial i de construcció
X027;Exposició a foc controlat en edifici o estructura: granja
X028;Exposició a foc controlat en edifici o estructura: altres llocs especificats
X029;Exposició a foc controlat en edifici o estructura: lloc no especificat
X030;Exposició a foc controlat fora d'un edifici o una altra estructura: domicili
X031;Exposició a foc controlat fora d'un edifici o una altra estructura: institució residencial
X032;Exposició a foc controlat fora d'un edifici o una altra estructura: escola, altres institucions i àrees administratives públiques
X033;Exposició a foc controlat fora d'un edifici o una altra estructura: zona esportiva
X034;Exposició a foc controlat fora d'un edifici o una altra estructura: carrer i via pública
X035;Exposició a foc controlat fora d'un edifici o una altra estructura: àrea comercial i de serveis
X036;Exposició a foc controlat fora d'un edifici o una altra estructura: zona industrial i de construcció
X037;Exposició a foc controlat fora d'un edifici o una altra estructura: granja
X038;Exposició a foc controlat fora d'un edifici o una altra estructura: altres llocs especificats
X039;Exposició a foc controlat fora d'un edifici o una altra estructura: lloc no especificat
X040;Exposició a ignició de material altament inflamable: domicili
X041;Exposició a ignició de material altament inflamable: institució residencial
X042;Exposició a ignició de material altament inflamable: escola, altres institucions i àrees administratives públiques
X043;Exposició a ignició de material altament inflamable: zona esportiva
X044;Exposició a ignició de material altament inflamable: carrer i via pública
X045;Exposició a ignició de material altament inflamable: àrea comercial i de serveis
X046;Exposició a ignició de material altament inflamable: zona industrial i de construcció
X047;Exposició a ignició de material altament inflamable: granja
X048;Exposició a ignició de material altament inflamable: altres llocs especificats
X049;Exposició a ignició de material altament inflamable: lloc no especificat
X050;Exposició a ignició o fusió de roba de dormir: domicili
X051;Exposició a ignició o fusió de roba de dormir: institució residencial
X052;Exposició a ignició o fusió de roba de dormir: escola, altres institucions i àrees administratives públiques
X053;Exposició a ignició o fusió de roba de dormir: zona esportiva
X054;Exposició a ignició o fusió de roba de dormir: carrer i via pública
X055;Exposició a ignició o fusió de roba de dormir: àrea comercial i de serveis
X056;Exposició a ignició o fusió de roba de dormir: zona industrial i de construcció
X057;Exposició a ignició o fusió de roba de dormir: granja
X058;Exposició a ignició o fusió de roba de dormir: altres llocs especificats
X059;Exposició a ignició o fusió de roba de dormir: lloc no especificat
X060;Exposició a ignició o fusió d'altres tipus de roba i indumentària: domicili
X061;Exposició a ignició o fusió d'altres tipus de roba i indumentària: institució residencial
X062;Exposició a ignició o fusió d'altres tipus de roba i indumentària: escola, altres institucions i àrees administratives públiques
X063;Exposició a ignició o fusió d'altres tipus de roba i indumentària: zona esportiva
X064;Exposició a ignició o fusió d'altres tipus de roba i indumentària: carrer i via pública
X065;Exposició a ignició o fusió d'altres tipus de roba i indumentària: àrea comercial i de serveis
X066;Exposició a ignició o fusió d'altres tipus de roba i indumentària: zona industrial i de construcció
X067;Exposició a ignició o fusió d'altres tipus de roba i indumentària: granja
X068;Exposició a ignició o fusió d'altres tipus de roba i indumentària: altres llocs especificats
X069;Exposició a ignició o fusió d'altres tipus de roba i indumentària: lloc no especificat
X080;Exposició a altres tipus de fum, foc i flames especificats: domicili
X081;Exposició a altres tipus de fum, foc i flames especificats: institució residencial
X082;Exposició a altres tipus de fum, foc i flames especificats: escola, altres institucions i àrees administratives públiques
X083;Exposició a altres tipus de fum, foc i flames especificats: zona esportiva
X084;Exposició a altres tipus de fum, foc i flames especificats: carrer i via pública
X085;Exposició a altres tipus de fum, foc i flames especificats: àrea comercial i de serveis
X086;Exposició a altres tipus de fum, foc i flames especificats: zona industrial i de construcció
X087;Exposició a altres tipus de fum, foc i flames especificats: granja
X088;Exposició a altres tipus de fum, foc i flames especificats: altres llocs especificats
X089;Exposició a altres tipus de fum, foc i flames especificats: lloc no especificat
X090;Exposició a fum, foc i flames no especificats: domicili
X091;Exposició a fum, foc i flames no especificats: institució residencial
X092;Exposició a fum, foc i flames no especificats: escola, altres institucions i àrees administratives públiques
X093;Exposició a fum, foc i flames no especificats: zona esportiva
X094;Exposició a fum, foc i flames no especificats: carrer i via pública
X095;Exposició a fum, foc i flames no especificats: àrea comercial i de serveis
X096;Exposició a fum, foc i flames no especificats: zona industrial i de construcció
X097;Exposició a fum, foc i flames no especificats: granja
X098;Exposició a fum, foc i flames no especificats: altres llocs especificats
X099;Exposició a fum, foc i flames no especificats: lloc no especificat
X100;Contacte amb begudes, aliments, greixos i olis de cuinar calents: domicili
X101;Contacte amb begudes, aliments, greixos i olis de cuinar calents: institució residencial
X102;Contacte amb begudes, aliments, greixos i olis de cuinar calents: escola, altres institucions i àrees administratives públiques
X103;Contacte amb begudes, aliments, greixos i olis de cuinar calents: zona esportiva
X104;Contacte amb begudes, aliments, greixos i olis de cuinar calents: carrer i via pública
X105;Contacte amb begudes, aliments, greixos i olis de cuinar calents: àrea comercial i de serveis
X106;Contacte amb begudes, aliments, greixos i olis de cuinar calents: zona industrial i de construcció
X107;Contacte amb begudes, aliments, greixos i olis de cuinar calents: granja
X108;Contacte amb begudes, aliments, greixos i olis de cuinar calents: altres llocs especificats
X109;Contacte amb begudes, aliments, greixos i olis de cuinar calents: lloc no especificat
X110;Contacte amb aigua calenta de l'aixeta: domicili
X111;Contacte amb aigua calenta de l'aixeta: institució residencial
X112;Contacte amb aigua calenta de l'aixeta: escola, altres institucions i àrees administratives públiques
X113;Contacte amb aigua calenta de l'aixeta: zona esportiva
X114;Contacte amb aigua calenta de l'aixeta: carrer i via pública
X115;Contacte amb aigua calenta de l'aixeta: àrea comercial i de serveis
X116;Contacte amb aigua calenta de l'aixeta: zona industrial i de construcció
X117;Contacte amb aigua calenta de l'aixeta: granja
X118;Contacte amb aigua calenta de l'aixeta: altres llocs especificats
X119;Contacte amb aigua calenta de l'aixeta: lloc no especificat
X120;Contacte amb altres líquids calents: domicili
X121;Contacte amb altres líquids calents: institució residencial
X122;Contacte amb altres líquids calents: escola, altres institucions i àrees administratives públiques
X123;Contacte amb altres líquids calents: zona esportiva
X124;Contacte amb altres líquids calents: carrer i via pública
X125;Contacte amb altres líquids calents: àrea comercial i de serveis
X126;Contacte amb altres líquids calents: zona industrial i de construcció
X127;Contacte amb altres líquids calents: granja
X128;Contacte amb altres líquids calents: altres llocs especificats
X129;Contacte amb altres líquids calents: lloc no especificat
X130;Contacte amb vapor d'aigua i altres vapors calents: domicili
X131;Contacte amb vapor d'aigua i altres vapors calents: institució residencial
X132;Contacte amb vapor d'aigua i altres vapors calents: escola, altres institucions i àrees administratives públiques
X133;Contacte amb vapor d'aigua i altres vapors calents: zona esportiva
X134;Contacte amb vapor d'aigua i altres vapors calents: carrer i via pública
X135;Contacte amb vapor d'aigua i altres vapors calents: àrea comercial i de serveis
X136;Contacte amb vapor d'aigua i altres vapors calents: zona industrial i de construcció
X137;Contacte amb vapor d'aigua i altres vapors calents: granja
X138;Contacte amb vapor d'aigua i altres vapors calents: altres llocs especificats
X139;Contacte amb vapor d'aigua i altres vapors calents: lloc no especificat
X140;Contacte amb aire i gasos calents: domicili
X141;Contacte amb aire i gasos calents: institució residencial
X142;Contacte amb aire i gasos calents: escola, altres institucions i àrees administratives públiques
X143;Contacte amb aire i gasos calents: zona esportiva
X144;Contacte amb aire i gasos calents: carrer i via pública
X145;Contacte amb aire i gasos calents: àrea comercial i de serveis
X146;Contacte amb aire i gasos calents: zona industrial i de construcció
X147;Contacte amb aire i gasos calents: granja
X148;Contacte amb aire i gasos calents: altres llocs especificats
X149;Contacte amb aire i gasos calents: lloc no especificat
X150;Contacte amb aparells domèstics calents: domicili
X151;Contacte amb aparells domèstics calents: institució residencial
X152;Contacte amb aparells domèstics calents: escola, altres institucions i àrees administratives públiques
X153;Contacte amb aparells domèstics calents: zona esportiva
X154;Contacte amb aparells domèstics calents: carrer i via pública
X155;Contacte amb aparells domèstics calents: àrea comercial i de serveis
X156;Contacte amb aparells domèstics calents: zona industrial i de construcció
X157;Contacte amb aparells domèstics calents: granja
X158;Contacte amb aparells domèstics calents: altres llocs especificats
X159;Contacte amb aparells domèstics calents: lloc no especificat
X160;Contacte amb aparells de calefacció, radiadors i canonades calents: domicili
X161;Contacte amb aparells de calefacció, radiadors i canonades calents: institució residencial
X162;Contacte amb aparells de calefacció, radiadors i canonades calents: escola, altres institucions i àrees administratives públiques
X163;Contacte amb aparells de calefacció, radiadors i canonades calents: zona esportiva
X164;Contacte amb aparells de calefacció, radiadors i canonades calents: carrer i via pública
X165;Contacte amb aparells de calefacció, radiadors i canonades calents: àrea comercial i de serveis
X166;Contacte amb aparells de calefacció, radiadors i canonades calents: zona industrial i de construcció
X167;Contacte amb aparells de calefacció, radiadors i canonades calents: granja
X168;Contacte amb aparells de calefacció, radiadors i canonades calents: altres llocs especificats
X169;Contacte amb aparells de calefacció, radiadors i canonades calents: lloc no especificat
X170;Contacte amb motors, màquines i eines calents: domicili
X171;Contacte amb motors, màquines i eines calents: institució residencial
X172;Contacte amb motors, màquines i eines calents: escola, altres institucions i àrees administratives públiques
X173;Contacte amb motors, màquines i eines calents: zona esportiva
X174;Contacte amb motors, màquines i eines calents: carrer i via pública
X175;Contacte amb motors, màquines i eines calents: àrea comercial i de serveis
X176;Contacte amb motors, màquines i eines calents: zona industrial i de construcció
X177;Contacte amb motors, màquines i eines calents: granja
X178;Contacte amb motors, màquines i eines calents: altres llocs especificats
X179;Contacte amb motors, màquines i eines calents: lloc no especificat
X180;Contacte amb altres metalls calents: domicili
X181;Contacte amb altres metalls calents: institució residencial
X182;Contacte amb altres metalls calents: escola, altres institucions i àrees administratives públiques
X183;Contacte amb altres metalls calents: zona esportiva
X184;Contacte amb altres metalls calents: carrer i via pública
X185;Contacte amb altres metalls calents: àrea comercial i de serveis
X186;Contacte amb altres metalls calents: zona industrial i de construcció
X187;Contacte amb altres metalls calents: granja
X188;Contacte amb altres metalls calents: altres llocs especificats
X189;Contacte amb altres metalls calents: lloc no especificat
X190;Contacte amb altres fonts de calor i substàncies calentes i amb fonts de calor i substàncies calentes no especificades: domicili
X191;Contacte amb altres fonts de calor i substàncies calentes i amb fonts de calor i substàncies calentes no especificades: institució residencial
X192;Contacte amb altres fonts de calor i substàncies calentes i amb fonts de calor i substàncies calentes no especificades: escola, altres institucions i àrees administratives públiques
X193;Contacte amb altres fonts de calor i substàncies calentes i amb fonts de calor i substàncies calentes no especificades: zona esportiva
X194;Contacte amb altres fonts de calor i substàncies calentes i amb fonts de calor i substàncies calentes no especificades: carrer i via pública
X195;Contacte amb altres fonts de calor i substàncies calentes i amb fonts de calor i substàncies calentes no especificades: àrea comercial i de serveis
X196;Contacte amb altres fonts de calor i substàncies calentes i amb fonts de calor i substàncies calentes no especificades: zona industrial i de construcció
X197;Contacte amb altres fonts de calor i substàncies calentes i amb fonts de calor i substàncies calentes no especificades: granja
X198;Contacte amb altres fonts de calor i substàncies calentes i amb fonts de calor i substàncies calentes no especificades: altres llocs especificats
X199;Contacte amb altres fonts de calor i substàncies calentes i amb fonts de calor i substàncies calentes no especificades: lloc no especificat
X200;Contacte amb serps i llangardaixos verinosos: domicili
X201;Contacte amb serps i llangardaixos verinosos: institució residencial
X202;Contacte amb serps i llangardaixos verinosos: escola, altres institucions i àrees administratives públiques
X203;Contacte amb serps i llangardaixos verinosos: zona esportiva
X204;Contacte amb serps i llangardaixos verinosos: carrer i via pública
X205;Contacte amb serps i llangardaixos verinosos: àrea comercial i de serveis
X206;Contacte amb serps i llangardaixos verinosos: zona industrial i de construcció
X207;Contacte amb serps i llangardaixos verinosos: granja
X208;Contacte amb serps i llangardaixos verinosos: altres llocs especificats
X209;Contacte amb serps i llangardaixos verinosos: lloc no especificat
X210;Contacte amb aranyes verinoses: domicili
X211;Contacte amb aranyes verinoses: institució residencial
X212;Contacte amb aranyes verinoses: escola, altres institucions i àrees administratives públiques
X213;Contacte amb aranyes verinoses: zona esportiva
X214;Contacte amb aranyes verinoses: carrer i via pública
X215;Contacte amb aranyes verinoses: àrea comercial i de serveis
X216;Contacte amb aranyes verinoses: zona industrial i de construcció
X217;Contacte amb aranyes verinoses: granja
X218;Contacte amb aranyes verinoses: altres llocs especificats
X219;Contacte amb aranyes verinoses: lloc no especificat
X220;Contacte amb escorpins: domicili
X221;Contacte amb escorpins: institució residencial
X222;Contacte amb escorpins: escola, altres institucions i àrees administratives públiques
X223;Contacte amb escorpins: zona esportiva
X224;Contacte amb escorpins: carrer i via pública
X225;Contacte amb escorpins: àrea comercial i de serveis
X226;Contacte amb escorpins: zona industrial i de construcció
X227;Contacte amb escorpins: granja
X228;Contacte amb escorpins: altres llocs especificats
X229;Contacte amb escorpins: lloc no especificat
X230;Contacte amb vespes i abelles: domicili
X231;Contacte amb vespes i abelles: institució residencial
X232;Contacte amb vespes i abelles: escola, altres institucions i àrees administratives públiques
X233;Contacte amb vespes i abelles: zona esportiva
X234;Contacte amb vespes i abelles: carrer i via pública
X235;Contacte amb vespes i abelles: àrea comercial i de serveis
X236;Contacte amb vespes i abelles: zona industrial i de construcció
X237;Contacte amb vespes i abelles: granja
X238;Contacte amb vespes i abelles: altres llocs especificats
X239;Contacte amb vespes i abelles: lloc no especificat
X240;Contacte amb miriàpodes (centpeus i milpeus) verinosos (tropicals): domicili
X241;Contacte amb miriàpodes (centpeus i milpeus) verinosos (tropicals): institució residencial
X242;Contacte amb miriàpodes (centpeus i milpeus) verinosos (tropicals): escola, altres institucions i àrees administratives públiques
X243;Contacte amb miriàpodes (centpeus i milpeus) verinosos (tropicals): zona esportiva
X244;Contacte amb miriàpodes (centpeus i milpeus) verinosos (tropicals): carrer i via pública
X245;Contacte amb miriàpodes (centpeus i milpeus) verinosos (tropicals): àrea comercial i de serveis
X246;Contacte amb miriàpodes (centpeus i milpeus) verinosos (tropicals): zona industrial i de construcció
X247;Contacte amb miriàpodes (centpeus i milpeus) verinosos (tropicals): granja
X248;Contacte amb miriàpodes (centpeus i milpeus) verinosos (tropicals): altres llocs especificats
X249;Contacte amb miriàpodes (centpeus i milpeus) verinosos (tropicals): lloc no especificat
X250;Contacte amb altres artròpodes verinosos: domicili
X251;Contacte amb altres artròpodes verinosos: institució residencial
X252;Contacte amb altres artròpodes verinosos: escola, altres institucions i àrees administratives públiques
X253;Contacte amb altres artròpodes verinosos: zona esportiva
X254;Contacte amb altres artròpodes verinosos: carrer i via pública
X255;Contacte amb altres artròpodes verinosos: àrea comercial i de serveis
X256;Contacte amb altres artròpodes verinosos: zona industrial i de construcció
X257;Contacte amb altres artròpodes verinosos: granja
X258;Contacte amb altres artròpodes verinosos: altres llocs especificats
X259;Contacte amb altres artròpodes verinosos: lloc no especificat
X260;Contacte amb animals i plantes marins verinosos: domicili
X261;Contacte amb animals i plantes marins verinosos: institució residencial
X262;Contacte amb animals i plantes marins verinosos: escola, altres institucions i àrees administratives públiques
X263;Contacte amb animals i plantes marins verinosos: zona esportiva
X264;Contacte amb animals i plantes marins verinosos: carrer i via pública
X265;Contacte amb animals i plantes marins verinosos: àrea comercial i de serveis
X266;Contacte amb animals i plantes marins verinosos: zona industrial i de construcció
X267;Contacte amb animals i plantes marins verinosos: granja
X268;Contacte amb animals i plantes marins verinosos: altres llocs especificats
X269;Contacte amb animals i plantes marins verinosos: lloc no especificat
X270;Contacte amb altres animals verinosos especificats: domicili
X271;Contacte amb altres animals verinosos especificats: institució residencial
X272;Contacte amb altres animals verinosos especificats: escola, altres institucions i àrees administratives públiques
X273;Contacte amb altres animals verinosos especificats: zona esportiva
X274;Contacte amb altres animals verinosos especificats: carrer i via pública
X275;Contacte amb altres animals verinosos especificats: àrea comercial i de serveis
X276;Contacte amb altres animals verinosos especificats: zona industrial i de construcció
X277;Contacte amb altres animals verinosos especificats: granja
X278;Contacte amb altres animals verinosos especificats: altres llocs especificats
X279;Contacte amb altres animals verinosos especificats: lloc no especificat
X280;Contacte amb altres plantes verinoses especificades: domicili
X281;Contacte amb altres plantes verinoses especificades: institució residencial
X282;Contacte amb altres plantes verinoses especificades: escola, altres institucions i àrees administratives públiques
X283;Contacte amb altres plantes verinoses especificades: zona esportiva
X284;Contacte amb altres plantes verinoses especificades: carrer i via pública
X285;Contacte amb altres plantes verinoses especificades: àrea comercial i de serveis
X286;Contacte amb altres plantes verinoses especificades: zona industrial i de construcció
X287;Contacte amb altres plantes verinoses especificades: granja
X288;Contacte amb altres plantes verinoses especificades: altres llocs especificats
X289;Contacte amb altres plantes verinoses especificades: lloc no especificat
X290;Contacte amb animal o planta verinosos no especificats: domicili
X291;Contacte amb animal o planta verinosos no especificats: institució residencial
X292;Contacte amb animal o planta verinosos no especificats: escola, altres institucions i àrees administratives públiques
X293;Contacte amb animal o planta verinosos no especificats: zona esportiva
X294;Contacte amb animal o planta verinosos no especificats: carrer i via pública
X295;Contacte amb animal o planta verinosos no especificats: àrea comercial i de serveis
X296;Contacte amb animal o planta verinosos no especificats: zona industrial i de construcció
X297;Contacte amb animal o planta verinosos no especificats: granja
X298;Contacte amb animal o planta verinosos no especificats: altres llocs especificats
X299;Contacte amb animal o planta verinosos no especificats: lloc no especificat
X300;Exposició a calor natural excessiva: domicili
X301;Exposició a calor natural excessiva: institució residencial
X302;Exposició a calor natural excessiva: escola, altres institucions i àrees administratives públiques
X303;Exposició a calor natural excessiva: zona esportiva
X304;Exposició a calor natural excessiva: carrer i via pública
X305;Exposició a calor natural excessiva: àrea comercial i de serveis
X306;Exposició a calor natural excessiva: zona industrial i de construcció
X307;Exposició a calor natural excessiva: granja
X308;Exposició a calor natural excessiva: altres llocs especificats
X309;Exposició a calor natural excessiva: lloc no especificat
X310;Exposició a fred natural excessiu: domicili
X311;Exposició a fred natural excessiu: institució residencial
X312;Exposició a fred natural excessiu: escola, altres institucions i àrees administratives públiques
X313;Exposició a fred natural excessiu: zona esportiva
X314;Exposició a fred natural excessiu: carrer i via pública
X315;Exposició a fred natural excessiu: àrea comercial i de serveis
X316;Exposició a fred natural excessiu: zona industrial i de construcció
X317;Exposició a fred natural excessiu: granja
X318;Exposició a fred natural excessiu: altres llocs especificats
X319;Exposició a fred natural excessiu: lloc no especificat
X320;Exposició a la llum solar: domicili
X321;Exposició a la llum solar: institució residencial
X322;Exposició a la llum solar: escola, altres institucions i àrees administratives públiques
X323;Exposició a la llum solar: zona esportiva
X324;Exposició a la llum solar: carrer i via pública
X325;Exposició a la llum solar: àrea comercial i de serveis
X326;Exposició a la llum solar: zona industrial i de construcció
X327;Exposició a la llum solar: granja
X328;Exposició a la llum solar: altres llocs especificats
X329;Exposició a la llum solar: lloc no especificat
X330;Víctima de llamp: domicili
X331;Víctima de llamp: institució residencial
X332;Víctima de llamp: escola, altres institucions i àrees administratives públiques
X333;Víctima de llamp: zona esportiva
X334;Víctima de llamp: carrer i via pública
X335;Víctima de llamp: àrea comercial i de serveis
X336;Víctima de llamp: zona industrial i de construcció
X337;Víctima de llamp: granja
X338;Víctima de llamp: altres llocs especificats
X339;Víctima de llamp: lloc no especificat
X340;Víctima de terratrèmol: domicili
X341;Víctima de terratrèmol: institució residencial
X342;Víctima de terratrèmol: escola, altres institucions i àrees administratives públiques
X343;Víctima de terratrèmol: zona esportiva
X344;Víctima de terratrèmol: carrer i via pública
X345;Víctima de terratrèmol: àrea comercial i de serveis
X346;Víctima de terratrèmol: zona industrial i de construcció
X347;Víctima de terratrèmol: granja
X348;Víctima de terratrèmol: altres llocs especificats
X349;Víctima de terratrèmol: lloc no especificat
X350;Víctima d'erupció volcànica: domicili
X351;Víctima d'erupció volcànica: institució residencial
X352;Víctima d'erupció volcànica: escola, altres institucions i àrees administratives públiques
X353;Víctima d'erupció volcànica: zona esportiva
X354;Víctima d'erupció volcànica: carrer i via pública
X355;Víctima d'erupció volcànica: àrea comercial i de serveis
X356;Víctima d'erupció volcànica: zona industrial i de construcció
X357;Víctima d'erupció volcànica: granja
X358;Víctima d'erupció volcànica: altres llocs especificats
X359;Víctima d'erupció volcànica: lloc no especificat
X360;Víctima d'allau, esllavissada de terra o altres moviments del sòl: domicili
X361;Víctima d'allau, esllavissada de terra o altres moviments del sòl: institució residencial
X362;Víctima d'allau, esllavissada de terra o altres moviments del sòl: escola, altres institucions i àrees administratives públiques
X363;Víctima d'allau, esllavissada de terra o altres moviments del sòl: zona esportiva
X364;Víctima d'allau, esllavissada de terra o altres moviments del sòl: carrer i via pública
X365;Víctima d'allau, esllavissada de terra o altres moviments del sòl: àrea comercial i de serveis
X366;Víctima d'allau, esllavissada de terra o altres moviments del sòl: zona industrial i de construcció
X367;Víctima d'allau, esllavissada de terra o altres moviments del sòl: granja
X368;Víctima d'allau, esllavissada de terra o altres moviments del sòl: altres llocs especificats
X369;Víctima d'allau, esllavissada de terra o altres moviments del sòl: lloc no especificat
X370;Víctima de tempesta per cataclisme: domicili
X371;Víctima de tempesta per cataclisme: institució residencial
X372;Víctima de tempesta per cataclisme: escola, altres institucions i àrees administratives públiques
X373;Víctima de tempesta per cataclisme: zona esportiva
X374;Víctima de tempesta per cataclisme: carrer i via pública
X375;Víctima de tempesta per cataclisme: àrea comercial i de serveis
X376;Víctima de tempesta per cataclisme: zona industrial i de construcció
X377;Víctima de tempesta per cataclisme: granja
X378;Víctima de tempesta per cataclisme: altres llocs especificats
X379;Víctima de tempesta per cataclisme: lloc no especificat
X380;Víctima d'inundació: domicili
X381;Víctima d'inundació: institució residencial
X382;Víctima d'inundació: escola, altres institucions i àrees administratives públiques
X383;Víctima d'inundació: zona esportiva
X384;Víctima d'inundació: carrer i via pública
X385;Víctima d'inundació: àrea comercial i de serveis
X386;Víctima d'inundació: zona industrial i de construcció
X387;Víctima d'inundació: granja
X388;Víctima d'inundació: altres llocs especificats
X389;Víctima d'inundació: lloc no especificat
X390;Exposició a altres forces de la natura i exposició a forces de la natura no especificades: domicili
X391;Exposició a altres forces de la natura i exposició a forces de la natura no especificades: institució residencial
X392;Exposició a altres forces de la natura i exposició a forces de la natura no especificades: escola, altres institucions i àrees administratives públiques
X393;Exposició a altres forces de la natura i exposició a forces de la natura no especificades: zona esportiva
X394;Exposició a altres forces de la natura i exposició a forces de la natura no especificades: carrer i via pública
X395;Exposició a altres forces de la natura i exposició a forces de la natura no especificades: àrea comercial i de serveis
X396;Exposició a altres forces de la natura i exposició a forces de la natura no especificades: zona industrial i de construcció
X397;Exposició a altres forces de la natura i exposició a forces de la natura no especificades: granja
X398;Exposició a altres forces de la natura i exposició a forces de la natura no especificades: altres llocs especificats
X399;Exposició a altres forces de la natura i exposició a forces de la natura no especificades: lloc no especificat
X400;Intoxicació i exposició accidentals a analgèsics, antipirètics i antireumàtics no opioides: domicili
X401;Intoxicació i exposició accidentals a analgèsics, antipirètics i antireumàtics no opioides: institució residencial
X402;Intoxicació i exposició accidentals a analgèsics, antipirètics i antireumàtics no opioides: escola, altres institucions i àrees administratives públiques
X403;Intoxicació i exposició accidentals a analgèsics, antipirètics i antireumàtics no opioides: zona esportiva
X404;Intoxicació i exposició accidentals a analgèsics, antipirètics i antireumàtics no opioides: carrer i via pública
X405;Intoxicació i exposició accidentals a analgèsics, antipirètics i antireumàtics no opioides: àrea comercial i de serveis
X406;Intoxicació i exposició accidentals a analgèsics, antipirètics i antireumàtics no opioides: zona industrial i de construcció
X407;Intoxicació i exposició accidentals a analgèsics, antipirètics i antireumàtics no opioides: granja
X408;Intoxicació i exposició accidentals a analgèsics, antipirètics i antireumàtics no opioides: altres llocs especificats
X409;Intoxicació i exposició accidentals a analgèsics, antipirètics i antireumàtics no opioides: lloc no especificat
X410;Intoxicació i exposició accidentals a antiepilèptics, hipnosedants, antiparkinsonians i psicòtrops no classificats a cap altre lloc: domicili
X411;Intoxicació i exposició accidentals a antiepilèptics, hipnosedants, antiparkinsonians i psicòtrops no classificats a cap altre lloc: institució residencial
X412;Intoxicació i exposició accidentals a antiepilèptics, hipnosedants, antiparkinsonians i psicòtrops no classificats a cap altre lloc: escola, altres institucions i àrees administratives públiques
X413;Intoxicació i exposició accidentals a antiepilèptics, hipnosedants, antiparkinsonians i psicòtrops no classificats a cap altre lloc: zona esportiva
X414;Intoxicació i exposició accidentals a antiepilèptics, hipnosedants, antiparkinsonians i psicòtrops no classificats a cap altre lloc: carrer i via pública
X415;Intoxicació i exposició accidentals a antiepilèptics, hipnosedants, antiparkinsonians i psicòtrops no classificats a cap altre lloc: àrea comercial i de serveis
X416;Intoxicació i exposició accidentals a antiepilèptics, hipnosedants, antiparkinsonians i psicòtrops no classificats a cap altre lloc: zona industrial i de construcció
X417;Intoxicació i exposició accidentals a antiepilèptics, hipnosedants, antiparkinsonians i psicòtrops no classificats a cap altre lloc: granja
X418;Intoxicació i exposició accidentals a antiepilèptics, hipnosedants, antiparkinsonians i psicòtrops no classificats a cap altre lloc: altres llocs especificats
X419;Intoxicació i exposició accidentals a antiepilèptics, hipnosedants, antiparkinsonians i psicòtrops no classificats a cap altre lloc: lloc no especificat
X420;Intoxicació i exposició accidentals a narcòtics i psicodislèptics [al·lucinògens] no classificats a cap altre lloc: domicili
X421;Intoxicació i exposició accidentals a narcòtics i psicodislèptics [al·lucinògens] no classificats a cap altre lloc: institució residencial
X422;Intoxicació i exposició accidentals a narcòtics i psicodislèptics [al·lucinògens] no classificats a cap altre lloc: escola, altres institucions i àrees administratives públiques
X423;Intoxicació i exposició accidentals a narcòtics i psicodislèptics [al·lucinògens] no classificats a cap altre lloc: zona esportiva
X424;Intoxicació i exposició accidentals a narcòtics i psicodislèptics [al·lucinògens] no classificats a cap altre lloc: carrer i via pública
X425;Intoxicació i exposició accidentals a narcòtics i psicodislèptics [al·lucinògens] no classificats a cap altre lloc: àrea comercial i de serveis
X426;Intoxicació i exposició accidentals a narcòtics i psicodislèptics [al·lucinògens] no classificats a cap altre lloc: zona industrial i de construcció
X427;Intoxicació i exposició accidentals a narcòtics i psicodislèptics [al·lucinògens] no classificats a cap altre lloc: granja
X428;Intoxicació i exposició accidentals a narcòtics i psicodislèptics [al·lucinògens] no classificats a cap altre lloc: altres llocs especificats
X429;Intoxicació i exposició accidentals a narcòtics i psicodislèptics [al·lucinògens] no classificats a cap altre lloc: lloc no especificat
X430;Intoxicació i exposició accidentals a altres fàrmacs que actuen en el sistema nerviós autònom: domicili
X431;Intoxicació i exposició accidentals a altres fàrmacs que actuen en el sistema nerviós autònom: institució residencial
X432;Intoxicació i exposició accidentals a altres fàrmacs que actuen en el sistema nerviós autònom: escola, altres institucions i àrees administratives públiques
X433;Intoxicació i exposició accidentals a altres fàrmacs que actuen en el sistema nerviós autònom: zona esportiva
X434;Intoxicació i exposició accidentals a altres fàrmacs que actuen en el sistema nerviós autònom: carrer i via pública
X435;Intoxicació i exposició accidentals a altres fàrmacs que actuen en el sistema nerviós autònom: àrea comercial i de serveis
X436;Intoxicació i exposició accidentals a altres fàrmacs que actuen en el sistema nerviós autònom: zona industrial i de construcció
X437;Intoxicació i exposició accidentals a altres fàrmacs que actuen en el sistema nerviós autònom: granja
X438;Intoxicació i exposició accidentals a altres fàrmacs que actuen en el sistema nerviós autònom: altres llocs especificats
X439;Intoxicació i exposició accidentals a altres fàrmacs que actuen en el sistema nerviós autònom: lloc no especificat
X440;Intoxicació i exposició accidentals a altres drogues, fàrmacs i productes biològics, i intoxicació i exposició accidentals a drogues, fàrmacs i productes biològics no especificats: domicili
X441;Intoxicació i exposició accidentals a altres drogues, fàrmacs i productes biològics, i intoxicació i exposició accidentals a drogues, fàrmacs i productes biològics no especificats: institució residencial
X442;Intoxicació i exposició accidentals a altres drogues, fàrmacs i productes biològics, i intoxicació i exposició accidentals a drogues, fàrmacs i productes biològics no especificats: escola, altres institucions i àrees administratives públiques
X443;Intoxicació i exposició accidentals a altres drogues, fàrmacs i productes biològics, i intoxicació i exposició accidentals a drogues, fàrmacs i productes biològics no especificats: zona esportiva
X444;Intoxicació i exposició accidentals a altres drogues, fàrmacs i productes biològics, i intoxicació i exposició accidentals a drogues, fàrmacs i productes biològics no especificats: carrer i via pública
X445;Intoxicació i exposició accidentals a altres drogues, fàrmacs i productes biològics, i intoxicació i exposició accidentals a drogues, fàrmacs i productes biològics no especificats: àrea comercial i de serveis
X446;Intoxicació i exposició accidentals a altres drogues, fàrmacs i productes biològics, i intoxicació i exposició accidentals a drogues, fàrmacs i productes biològics no especificats: zona industrial i de construcció
X447;Intoxicació i exposició accidentals a altres drogues, fàrmacs i productes biològics, i intoxicació i exposició accidentals a drogues, fàrmacs i productes biològics no especificats: granja
X448;Intoxicació i exposició accidentals a altres drogues, fàrmacs i productes biològics, i intoxicació i exposició accidentals a drogues, fàrmacs i productes biològics no especificats: altres llocs especificats
X449;Intoxicació i exposició accidentals a altres drogues, fàrmacs i productes biològics, i intoxicació i exposició accidentals a drogues, fàrmacs i productes biològics no especificats: lloc no especificat
X450;Intoxicació i exposició accidentals a alcohol: domicili
X451;Intoxicació i exposició accidentals a alcohol: institució residencial
X452;Intoxicació i exposició accidentals a alcohol: escola, altres institucions i àrees administratives públiques
X453;Intoxicació i exposició accidentals a alcohol: zona esportiva
X454;Intoxicació i exposició accidentals a alcohol: carrer i via pública
X455;Intoxicació i exposició accidentals a alcohol: àrea comercial i de serveis
X456;Intoxicació i exposició accidentals a alcohol: zona industrial i de construcció
X457;Intoxicació i exposició accidentals a alcohol: granja
X458;Intoxicació i exposició accidentals a alcohol: altres llocs especificats
X459;Intoxicació i exposició accidentals a alcohol: lloc no especificat
X460;Intoxicació i exposició accidentals a dissolvents orgànics i hidrocarburs halogenats i els seus vapors: domicili
X461;Intoxicació i exposició accidentals a dissolvents orgànics i hidrocarburs halogenats i els seus vapors: institució residencial
X462;Intoxicació i exposició accidentals a dissolvents orgànics i hidrocarburs halogenats i els seus vapors: escola, altres institucions i àrees administratives públiques
X463;Intoxicació i exposició accidentals a dissolvents orgànics i hidrocarburs halogenats i els seus vapors: zona esportiva
X464;Intoxicació i exposició accidentals a dissolvents orgànics i hidrocarburs halogenats i els seus vapors: carrer i via pública
X465;Intoxicació i exposició accidentals a dissolvents orgànics i hidrocarburs halogenats i els seus vapors: àrea comercial i de serveis
X466;Intoxicació i exposició accidentals a dissolvents orgànics i hidrocarburs halogenats i els seus vapors: zona industrial i de construcció
X467;Intoxicació i exposició accidentals a dissolvents orgànics i hidrocarburs halogenats i els seus vapors: granja
X468;Intoxicació i exposició accidentals a dissolvents orgànics i hidrocarburs halogenats i els seus vapors: altres llocs especificats
X469;Intoxicació i exposició accidentals a dissolvents orgànics i hidrocarburs halogenats i els seus vapors: lloc no especificat
X470;Intoxicació i exposició accidentals a altres gasos i vapors: domicili
X471;Intoxicació i exposició accidentals a altres gasos i vapors: institució residencial
X472;Intoxicació i exposició accidentals a altres gasos i vapors: escola, altres institucions i àrees administratives públiques
X473;Intoxicació i exposició accidentals a altres gasos i vapors: zona esportiva
X474;Intoxicació i exposició accidentals a altres gasos i vapors: carrer i via pública
X475;Intoxicació i exposició accidentals a altres gasos i vapors: àrea comercial i de serveis
X476;Intoxicació i exposició accidentals a altres gasos i vapors: zona industrial i de construcció
X477;Intoxicació i exposició accidentals a altres gasos i vapors: granja
X478;Intoxicació i exposició accidentals a altres gasos i vapors: altres llocs especificats
X479;Intoxicació i exposició accidentals a altres gasos i vapors: lloc no especificat
X480;Intoxicació i exposició accidentals a pesticides: domicili
X481;Intoxicació i exposició accidentals a pesticides: institució residencial
X482;Intoxicació i exposició accidentals a pesticides: escola, altres institucions i àrees administratives públiques
X483;Intoxicació i exposició accidentals a pesticides: zona esportiva
X484;Intoxicació i exposició accidentals a pesticides: carrer i via pública
X485;Intoxicació i exposició accidentals a pesticides: àrea comercial i de serveis
X486;Intoxicació i exposició accidentals a pesticides: zona industrial i de construcció
X487;Intoxicació i exposició accidentals a pesticides: granja
X488;Intoxicació i exposició accidentals a pesticides: altres llocs especificats
X489;Intoxicació i exposició accidentals a pesticides: lloc no especificat
X490;Intoxicació i exposició accidentals a altres productes químics i substàncies nocives, i intoxicació i exposició accidentals a productes químics i substàncies nocives no especificats: domicili
X491;Intoxicació i exposició accidentals a altres productes químics i substàncies nocives, i intoxicació i exposició accidentals a productes químics i substàncies nocives no especificats: institució residencial
X492;Intoxicació i exposició accidentals a altres productes químics i substàncies nocives, i intoxicació i exposició accidentals a productes químics i substàncies nocives no especificats: escola, altres institucions i àrees administratives públiques
X493;Intoxicació i exposició accidentals a altres productes químics i substàncies nocives, i intoxicació i exposició accidentals a productes químics i substàncies nocives no especificats: zona esportiva
X494;Intoxicació i exposició accidentals a altres productes químics i substàncies nocives, i intoxicació i exposició accidentals a productes químics i substàncies nocives no especificats: carrer i via pública
X495;Intoxicació i exposició accidentals a altres productes químics i substàncies nocives, i intoxicació i exposició accidentals a productes químics i substàncies nocives no especificats: àrea comercial i de serveis
X496;Intoxicació i exposició accidentals a altres productes químics i substàncies nocives, i intoxicació i exposició accidentals a productes químics i substàncies nocives no especificats: zona industrial i de construcció
X497;Intoxicació i exposició accidentals a altres productes químics i substàncies nocives, i intoxicació i exposició accidentals a productes químics i substàncies nocives no especificats: granja
X498;Intoxicació i exposició accidentals a altres productes químics i substàncies nocives, i intoxicació i exposició accidentals a productes químics i substàncies nocives no especificats: altres llocs especificats
X499;Intoxicació i exposició accidentals a altres productes químics i substàncies nocives, i intoxicació i exposició accidentals a productes químics i substàncies nocives no especificats: lloc no especificat
X500;Esforç excessiu i moviments forçats o repetitius: domicili
X501;Esforç excessiu i moviments forçats o repetitius: institució residencial
X502;Esforç excessiu i moviments forçats o repetitius: escola, altres institucions i àrees administratives públiques
X503;Esforç excessiu i moviments forçats o repetitius: zona esportiva
X504;Esforç excessiu i moviments forçats o repetitius: carrer i via pública
X505;Esforç excessiu i moviments forçats o repetitius: àrea comercial i de serveis
X506;Esforç excessiu i moviments forçats o repetitius: zona industrial i de construcció
X507;Esforç excessiu i moviments forçats o repetitius: granja
X508;Esforç excessiu i moviments forçats o repetitius: altres llocs especificats
X509;Esforç excessiu i moviments forçats o repetitius: lloc no especificat
X510;Viatge i moviment: domicili
X511;Viatge i moviment: institució residencial
X512;Viatge i moviment: escola, altres institucions i àrees administratives públiques
X513;Viatge i moviment: zona esportiva
X514;Viatge i moviment: carrer i via pública
X515;Viatge i moviment: àrea comercial i de serveis
X516;Viatge i moviment: zona industrial i de construcció
X517;Viatge i moviment: granja
X518;Viatge i moviment: altres llocs especificats
X519;Viatge i moviment: lloc no especificat
X520;Estada prolongada en condicions d'ingravitació: domicili
X521;Estada prolongada en condicions d'ingravitació: institució residencial
X522;Estada prolongada en condicions d'ingravitació: escola, altres institucions i àrees administratives públiques
X523;Estada prolongada en condicions d'ingravitació: zona esportiva
X524;Estada prolongada en condicions d'ingravitació: carrer i via pública
X525;Estada prolongada en condicions d'ingravitació: àrea comercial i de serveis
X526;Estada prolongada en condicions d'ingravitació: zona industrial i de construcció
X527;Estada prolongada en condicions d'ingravitació: granja
X528;Estada prolongada en condicions d'ingravitació: altres llocs especificats
X529;Estada prolongada en condicions d'ingravitació: lloc no especificat
X530;Manca d'aliments: domicili
X531;Manca d'aliments: institució residencial
X532;Manca d'aliments: escola, altres institucions i àrees administratives públiques
X533;Manca d'aliments: zona esportiva
X534;Manca d'aliments: carrer i via pública
X535;Manca d'aliments: àrea comercial i de serveis
X536;Manca d'aliments: zona industrial i de construcció
X537;Manca d'aliments: granja
X538;Manca d'aliments: altres llocs especificats
X539;Manca d'aliments: lloc no especificat
X540;Manca d'aigua: domicili
X541;Manca d'aigua: institució residencial
X542;Manca d'aigua: escola, altres institucions i àrees administratives públiques
X543;Manca d'aigua: zona esportiva
X544;Manca d'aigua: carrer i via pública
X545;Manca d'aigua: àrea comercial i de serveis
X546;Manca d'aigua: zona industrial i de construcció
X547;Manca d'aigua: granja
X548;Manca d'aigua: altres llocs especificats
X549;Manca d'aigua: lloc no especificat
X570;Privació no especificada: domicili
X571;Privació no especificada: institució residencial
X572;Privació no especificada: escola, altres institucions i àrees administratives públiques
X573;Privació no especificada: zona esportiva
X574;Privació no especificada: carrer i via pública
X575;Privació no especificada: àrea comercial i de serveis
X576;Privació no especificada: zona industrial i de construcció
X577;Privació no especificada: granja
X578;Privació no especificada: altres llocs especificats
X579;Privació no especificada: lloc no especificat
X580;Exposició a altres factors especificats: domicili
X581;Exposició a altres factors especificats: institució residencial
X582;Exposició a altres factors especificats: escola, altres institucions i àrees administratives públiques
X583;Exposició a altres factors especificats: zona esportiva
X584;Exposició a altres factors especificats: carrer i via pública
X585;Exposició a altres factors especificats: àrea comercial i de serveis
X586;Exposició a altres factors especificats: zona industrial i de construcció
X587;Exposició a altres factors especificats: granja
X588;Exposició a altres factors especificats: altres llocs especificats
X589;Exposició a altres factors especificats: lloc no especificat
X590;Exposició a factor no especificat que causa fractura
X599;Exposició a factor no especificat que causa altres lesions i exposició a factor no especificat que causa lesió no especificada
X600;Intoxicació autoinfligida i exposició intencionades a analgèsics, antipirètics i antireumàtics no opioides: domicili
X601;Intoxicació autoinfligida i exposició intencionades a analgèsics, antipirètics i antireumàtics no opioides: institució residencial
X602;Intoxicació autoinfligida i exposició intencionades a analgèsics, antipirètics i antireumàtics no opioides: escola, altres institucions i àrees públiques
X603;Intoxicació autoinfligida i exposició intencionades a analgèsics, antipirètics i antireumàtics no opioides: zona esportiva
X604;Intoxicació autoinfligida i exposició intencionades a analgèsics, antipirètics i antireumàtics no opioides: carrer i via pública
X605;Intoxicació autoinfligida i exposició intencionades a analgèsics, antipirètics i antireumàtics no opioides: àrea comercial i de serveis
X606;Intoxicació autoinfligida i exposició intencionades a analgèsics, antipirètics i antireumàtics no opioides: zona industrial i de construcció
X607;Intoxicació autoinfligida i exposició intencionades a analgèsics, antipirètics i antireumàtics no opioides: granja
X608;Intoxicació autoinfligida i exposició intencionades a analgèsics, antipirètics i antireumàtics no opioides: altres llocs especificats
X609;Intoxicació autoinfligida i exposició intencionades a analgèsics, antipirètics i antireumàtics no opioides: lloc no especificat
X610;Intoxicació autoinfligida i exposició intencionades a antiepilèptics, hipnosedants, antiparkinsonians i psicòtrops no classificats a cap altre lloc: domicili
X611;Intoxicació autoinfligida i exposició intencionades a antiepilèptics, hipnosedants, antiparkinsonians i psicòtrops no classificats a cap altre lloc: institució residencial
X612;Intoxicació autoinfligida i exposició intencionades a antiepilèptics, hipnosedants, antiparkinsonians i psicòtrops no classificats a cap altre lloc: escola, altres institucions i àrees administratives públiques
X613;Intoxicació autoinfligida i exposició intencionades a antiepilèptics, hipnosedants, antiparkinsonians i psicòtrops no classificats a cap altre lloc: zona esportiva
X614;Intoxicació autoinfligida i exposició intencionades a antiepilèptics, hipnosedants, antiparkinsonians i psicòtrops no classificats a cap altre lloc: carrer i via pública
X615;Intoxicació autoinfligida i exposició intencionades a antiepilèptics, hipnosedants, antiparkinsonians i psicòtrops no classificats a cap altre lloc: àrea comercial i de serveis
X616;Intoxicació autoinfligida i exposició intencionades a antiepilèptics, hipnosedants, antiparkinsonians i psicòtrops no classificats a cap altre lloc: zona industrial i de construcció
X617;Intoxicació autoinfligida i exposició intencionades a antiepilèptics, hipnosedants, antiparkinsonians i psicòtrops no classificats a cap altre lloc: granja
X618;Intoxicació autoinfligida i exposició intencionades a antiepilèptics, hipnosedants, antiparkinsonians i psicòtrops no classificats a cap altre lloc: altres llocs especificats
X619;Intoxicació autoinfligida i exposició intencionades a antiepilèptics, hipnosedants, antiparkinsonians i psicòtrops no classificats a cap altre lloc: lloc no especificat
X620;Intoxicació autoinfligida i exposició intencionades a narcòtics i psicodislèptics [al·lucinògens] no classificats a cap altre lloc: domicili
X621;Intoxicació autoinfligida i exposició intencionades a narcòtics i psicodislèptics [al·lucinògens] no classificats a cap altre lloc: institució residencial
X622;Intoxicació autoinfligida i exposició intencionades a narcòtics i psicodislèptics [al·lucinògens] no classificats a cap altre lloc: escola, altres institucions i àrees administratives públiques
X623;Intoxicació autoinfligida i exposició intencionades a narcòtics i psicodislèptics [al·lucinògens] no classificats a cap altre lloc: zona esportiva
X624;Intoxicació autoinfligida i exposició intencionades a narcòtics i psicodislèptics [al·lucinògens] no classificats a cap altre lloc: carrer i via pública
X625;Intoxicació autoinfligida i exposició intencionades a narcòtics i psicodislèptics [al·lucinògens] no classificats a cap altre lloc: àrea comercial i de serveis
X626;Intoxicació autoinfligida i exposició intencionades a narcòtics i psicodislèptics [al·lucinògens] no classificats a cap altre lloc: zona industrial i de construcció
X627;Intoxicació autoinfligida i exposició intencionades a narcòtics i psicodislèptics [al·lucinògens] no classificats a cap altre lloc: granja
X628;Intoxicació autoinfligida i exposició intencionades a narcòtics i psicodislèptics [al·lucinògens] no classificats a cap altre lloc: altres llocs especificats
X629;Intoxicació autoinfligida i exposició intencionades a narcòtics i psicodislèptics [al·lucinògens] no classificats a cap altre lloc: lloc no especificat
X630;Intoxicació autoinfligida i exposició intencionades a altres fàrmacs que actuen en el sistema nerviós autònom: domicili
X631;Intoxicació autoinfligida i exposició intencionades a altres fàrmacs que actuen en el sistema nerviós autònom: institució residencial
X632;Intoxicació autoinfligida i exposició intencionades a altres fàrmacs que actuen en el sistema nerviós autònom: escola, altres institucions i àrees administratives públiques
X633;Intoxicació autoinfligida i exposició intencionades a altres fàrmacs que actuen en el sistema nerviós autònom: zona esportiva
X634;Intoxicació autoinfligida i exposició intencionades a altres fàrmacs que actuen en el sistema nerviós autònom: carrer i via pública
X635;Intoxicació autoinfligida i exposició intencionades a altres fàrmacs que actuen en el sistema nerviós autònom: àrea comercial i de serveis
X636;Intoxicació autoinfligida i exposició intencionades a altres fàrmacs que actuen en el sistema nerviós autònom: zona industrial i de construcció
X637;Intoxicació autoinfligida i exposició intencionades a altres fàrmacs que actuen en el sistema nerviós autònom: granja
X638;Intoxicació autoinfligida i exposició intencionades a altres fàrmacs que actuen en el sistema nerviós autònom: altres llocs especificats
X639;Intoxicació autoinfligida i exposició intencionades a altres fàrmacs que actuen en el sistema nerviós autònom: lloc no especificat
X640;Intoxicació autoinfligida i exposició intencionades a altres drogues, fàrmacs i productes biològics, i intoxicació autoinfligida i exposició intencionades a drogues, fàrmacs i productes biològics no especificats:domicili
X641;Intoxicació autoinfligida i exposició intencionades a altres drogues, fàrmacs i productes biològics, i intoxicació autoinfligida i exposició intencionades a drogues, fàrmacs i productes biològics no especificats:institució residencial
X642;Intoxicació autoinfligida i exposició intencionades a altres drogues, fàrmacs i productes biològics, i intoxicació autoinfligida i exposició intencionades a drogues, fàrmacs i productes biològics no especificats:escola, altres institucions i àrees administratives públiques
X643;Intoxicació autoinfligida i exposició intencionades a altres drogues, fàrmacs i productes biològics, i intoxicació autoinfligida i exposició intencionades a drogues, fàrmacs i productes biològics no especificats:zona esportiva
X644;Intoxicació autoinfligida i exposició intencionades a altres drogues, fàrmacs i productes biològics, i intoxicació autoinfligida i exposició intencionades a drogues, fàrmacs i productes biològics no especificats:carrer i via pública
X645;Intoxicació autoinfligida i exposició intencionades a altres drogues, fàrmacs i productes biològics, i intoxicació autoinfligida i exposició intencionades a drogues, fàrmacs i productes biològics no especificats:àrea comercial i de serveis
X646;Intoxicació autoinfligida i exposició intencionades a altres drogues, fàrmacs i productes biològics, i intoxicació autoinfligida i exposició intencionades a drogues, fàrmacs i productes biològics no especificats:zona industrial i de construcció
X647;Intoxicació autoinfligida i exposició intencionades a altres drogues, fàrmacs i productes biològics, i intoxicació autoinfligida i exposició intencionades a drogues, fàrmacs i productes biològics no especificats:granja
X648;Intoxicació autoinfligida i exposició intencionades a altres drogues, fàrmacs i productes biològics, i intoxicació autoinfligida i exposició intencionades a drogues, fàrmacs i productes biològics no especificats:altres llocs especificats
X649;Intoxicació autoinfligida i exposició intencionades a altres drogues, fàrmacs i productes biològics, i intoxicació autoinfligida i exposició intencionades a drogues, fàrmacs i productes biològics no especificats:lloc no especificat
X650;Intoxicació autoinfligida i exposició intencionades a alcohol: domicili
X651;Intoxicació autoinfligida i exposició intencionades a alcohol: institució residencial
X652;Intoxicació autoinfligida i exposició intencionades a alcohol: escola, altres institucions i àrees administratives públiques
X653;Intoxicació autoinfligida i exposició intencionades a alcohol: zona esportiva
X654;Intoxicació autoinfligida i exposició intencionades a alcohol: carrer i via pública
X655;Intoxicació autoinfligida i exposició intencionades a alcohol: àrea comercial i de serveis
X656;Intoxicació autoinfligida i exposició intencionades a alcohol: zona industrial i de construcció
X657;Intoxicació autoinfligida i exposició intencionades a alcohol: granja
X658;Intoxicació autoinfligida i exposició intencionades a alcohol: altres llocs especificats
X659;Intoxicació autoinfligida i exposició intencionades a alcohol: lloc no especificat
X660;Intoxicació autoinglidida i exposició intencionades a dissolvents: domicili
X661;Intoxicació autoinglidida i exposició intencionades a dissolvents: institució residencial
X662;Intoxicació autoinglidida i exposició intencionades a dissolvents: escola, altres institucions i àrees administratives públiques
X663;Intoxicació autoinglidida i exposició intencionades a dissolvents: zona esportiva
X664;Intoxicació autoinglidida i exposició intencionades a dissolvents: carrer i via pública
X665;Intoxicació autoinglidida i exposició intencionades a dissolvents: àrea comercial i de serveis
X666;Intoxicació autoinglidida i exposició intencionades a dissolvents: zona industrial i de construcció
X667;Intoxicació autoinglidida i exposició intencionades a dissolvents: granja
X668;Intoxicació autoinglidida i exposició intencionades a dissolvents: altres llocs especificats
X669;Intoxicació autoinglidida i exposició intencionades a dissolvents: lloc no especificat
X670;Intoxicació autoinfligida i exposició intencionades a altres gasos i vapors: domicili
X671;Intoxicació autoinfligida i exposició intencionades a altres gasos i vapors: institució residencial
X672;Intoxicació autoinfligida i exposició intencionades a altres gasos i vapors: escola, altres institucions i àrees administratives públiques
X673;Intoxicació autoinfligida i exposició intencionades a altres gasos i vapors: zona esportiva
X674;Intoxicació autoinfligida i exposició intencionades a altres gasos i vapors: carrer i via pública
X675;Intoxicació autoinfligida i exposició intencionades a altres gasos i vapors: àrea comercial i de serveis
X676;Intoxicació autoinfligida i exposició intencionades a altres gasos i vapors: zona industrial i de construcció
X677;Intoxicació autoinfligida i exposició intencionades a altres gasos i vapors: granja
X678;Intoxicació autoinfligida i exposició intencionades a altres gasos i vapors: altres llocs especificats
X679;Intoxicació autoinfligida i exposició intencionades a altres gasos i vapors: lloc no especificat
X680;Intoxicació autoinfligida i exposició intencionades a pesticides: domicili
X681;Intoxicació autoinfligida i exposició intencionades a pesticides: institució residencial
X682;Intoxicació autoinfligida i exposició intencionades a pesticides: escola, altres institucions i àrees administratives públiques
X683;Intoxicació autoinfligida i exposició intencionades a pesticides: zona esportiva
X684;Intoxicació autoinfligida i exposició intencionades a pesticides: carrer i via pública
X685;Intoxicació autoinfligida i exposició intencionades a pesticides: àrea comercial i de serveis
X686;Intoxicació autoinfligida i exposició intencionades a pesticides: zona industrial i de construcció
X687;Intoxicació autoinfligida i exposició intencionades a pesticides: granja
X688;Intoxicació autoinfligida i exposició intencionades a pesticides: altres llocs especificats
X689;Intoxicació autoinfligida i exposició intencionades a pesticides: lloc no especificat
X690;Intoxicació autoinfligida i exposició intencionades a altres productes químics i substàncies nocives, i intoxicació autoinfligida i exposició intencionades a productes químics i substàncies nocives no especificats: domicili
X691;Intoxicació autoinfligida i exposició intencionades a altres productes químics i substàncies nocives, i intoxicació autoinfligida i exposició intencionades a productes químics i substàncies nocives no especificats: institució residencial
X692;Intoxicació autoinfligida i exposició intencionades a altres productes químics i substàncies nocives, i intoxicació autoinfligida i exposició intencionades a productes químics i substàncies nocives no especificats: escola, altres institucions i àrees administratives públiques
X693;Intoxicació autoinfligida i exposició intencionades a altres productes químics i substàncies nocives, i intoxicació autoinfligida i exposició intencionades a productes químics i substàncies nocives no especificats: zona esportiva
X694;Intoxicació autoinfligida i exposició intencionades a altres productes químics i substàncies nocives, i intoxicació autoinfligida i exposició intencionades a productes químics i substàncies nocives no especificats: carrer i via pública
X695;Intoxicació autoinfligida i exposició intencionades a altres productes químics i substàncies nocives, i intoxicació autoinfligida i exposició intencionades a productes químics i substàncies nocives no especificats: àrea comercial i de serveis
X696;Intoxicació autoinfligida i exposició intencionades a altres productes químics i substàncies nocives, i intoxicació autoinfligida i exposició intencionades a productes químics i substàncies nocives no especificats: zona industrial i de construcció
X697;Intoxicació autoinfligida i exposició intencionades a altres productes químics i substàncies nocives, i intoxicació autoinfligida i exposició intencionades a productes químics i substàncies nocives no especificats: granja
X698;Intoxicació autoinfligida i exposició intencionades a altres productes químics i substàncies nocives, i intoxicació autoinfligida i exposició intencionades a productes químics i substàncies nocives no especificats: altres llocs especificats
X699;Intoxicació autoinfligida i exposició intencionades a altres productes químics i substàncies nocives, i intoxicació autoinfligida i exposició intencionades a productes químics i substàncies nocives no especificats: lloc no especificat
X700;Autolesió intencionada per penjament, estrangulació i sufocació: domicili
X701;Autolesió intencionada per penjament, estrangulació i sufocació: institució residencial
X702;Autolesió intencionada per penjament, estrangulació i sufocació: escola, altres institucions i àrees administratives públiques
X703;Autolesió intencionada per penjament, estrangulació i sufocació: zona esportiva
X704;Autolesió intencionada per penjament, estrangulació i sufocació: carrer i via pública
X705;Autolesió intencionada per penjament, estrangulació i sufocació: àrea comercial i de serveis
X706;Autolesió intencionada per penjament, estrangulació i sufocació: zona industrial i de construcció
X707;Autolesió intencionada per penjament, estrangulació i sufocació: granja
X708;Autolesió intencionada per penjament, estrangulació i sufocació: altres llocs especificats
X709;Autolesió intencionada per penjament, estrangulació i sufocació: lloc no especificat
X710;Autolesió intencionada per ofegament per immersió i submersió: domicili
X711;Autolesió intencionada per ofegament per immersió i submersió: institució residencial
X712;Autolesió intencionada per ofegament per immersió i submersió: escola, altres institucions i àrees administratives públiques
X713;Autolesió intencionada per ofegament per immersió i submersió: zona esportiva
X714;Autolesió intencionada per ofegament per immersió i submersió: carrer i via pública
X715;Autolesió intencionada per ofegament per immersió i submersió: àrea comercial i de serveis
X716;Autolesió intencionada per ofegament per immersió i submersió: zona industrial i de construcció
X717;Autolesió intencionada per ofegament per immersió i submersió: granja
X718;Autolesió intencionada per ofegament per immersió i submersió: altres llocs especificats
X719;Autolesió intencionada per ofegament per immersió i submersió: lloc no especificat
X720;Autolesió intencionada per tret d'arma curta: domicili
X721;Autolesió intencionada per tret d'arma curta: institució residencial
X722;Autolesió intencionada per tret d'arma curta: escola, altres institucions i àrees administratives públiques
X723;Autolesió intencionada per tret d'arma curta: zona esportiva
X724;Autolesió intencionada per tret d'arma curta: carrer i via pública
X725;Autolesió intencionada per tret d'arma curta: àrea comercial i de serveis
X726;Autolesió intencionada per tret d'arma curta: zona industrial i de construcció
X727;Autolesió intencionada per tret d'arma curta: granja
X728;Autolesió intencionada per tret d'arma curta: altres llocs especificats
X729;Autolesió intencionada per tret d'arma curta: lloc no especificat
X730;Autolesió intencionada per tret de rifle, escopeta i arma llarga de foc: domicili
X731;Autolesió intencionada per tret de rifle, escopeta i arma llarga de foc: institució residencial
X732;Autolesió intencionada per tret de rifle, escopeta i arma llarga de foc: escola, altres institucions i àrees administratives públiques
X733;Autolesió intencionada per tret de rifle, escopeta i arma llarga de foc: zona esportiva
X734;Autolesió intencionada per tret de rifle, escopeta i arma llarga de foc: carrer i via pública
X735;Autolesió intencionada per tret de rifle, escopeta i arma llarga de foc: àrea comercial i de serveis
X736;Autolesió intencionada per tret de rifle, escopeta i arma llarga de foc: zona industrial i de construcció
X737;Autolesió intencionada per tret de rifle, escopeta i arma llarga de foc: granja
X738;Autolesió intencionada per tret de rifle, escopeta i arma llarga de foc: altres llocs especificats
X739;Autolesió intencionada per tret de rifle, escopeta i arma llarga de foc: lloc no especificat
X740;Autolesió intencionada per tret d'un altre tipus d'arma de foc i autolesió intencionada per tret d'arma de foc no especificada: domicili
X741;Autolesió intencionada per tret d'un altre tipus d'arma de foc i autolesió intencionada per tret d'arma de foc no especificada: institució residencial
X742;Autolesió intencionada per tret d'un altre tipus d'arma de foc i autolesió intencionada per tret d'arma de foc no especificada: escola, altres institucions i àrees administratives públiques
X743;Autolesió intencionada per tret d'un altre tipus d'arma de foc i autolesió intencionada per tret d'arma de foc no especificada: zona esportiva
X744;Autolesió intencionada per tret d'un altre tipus d'arma de foc i autolesió intencionada per tret d'arma de foc no especificada: carrer i via pública
X745;Autolesió intencionada per tret d'un altre tipus d'arma de foc i autolesió intencionada per tret d'arma de foc no especificada: àrea comercial i de serveis
X746;Autolesió intencionada per tret d'un altre tipus d'arma de foc i autolesió intencionada per tret d'arma de foc no especificada: zona industrial i de construcció
X747;Autolesió intencionada per tret d'un altre tipus d'arma de foc i autolesió intencionada per tret d'arma de foc no especificada: granja
X748;Autolesió intencionada per tret d'un altre tipus d'arma de foc i autolesió intencionada per tret d'arma de foc no especificada: altres llocs especificats
X749;Autolesió intencionada per tret d'un altre tipus d'arma de foc i autolesió intencionada per tret d'arma de foc no especificada: lloc no especificat
X750;Autolesió intencionada per material explosiu: domicili
X751;Autolesió intencionada per material explosiu: institució residencial
X752;Autolesió intencionada per material explosiu: escola, altres institucions i àrees administratives públiques
X753;Autolesió intencionada per material explosiu: zona esportiva
X754;Autolesió intencionada per material explosiu: carrer i via pública
X755;Autolesió intencionada per material explosiu: àrea comercial i de serveis
X756;Autolesió intencionada per material explosiu: zona industrial i de construcció
X757;Autolesió intencionada per material explosiu: granja
X758;Autolesió intencionada per material explosiu: altres llocs especificats
X759;Autolesió intencionada per material explosiu: lloc no especificat
X760;Autolesió intencionada per fum, foc i flames: domicili
X761;Autolesió intencionada per fum, foc i flames: institució residencial
X762;Autolesió intencionada per fum, foc i flames: escola, altres institucions i àrees administratives públiques
X763;Autolesió intencionada per fum, foc i flames: zona esportiva
X764;Autolesió intencionada per fum, foc i flames: carrer i via pública
X765;Autolesió intencionada per fum, foc i flames: àrea comercial i de serveis
X766;Autolesió intencionada per fum, foc i flames: zona industrial i de construcció
X767;Autolesió intencionada per fum, foc i flames: granja
X768;Autolesió intencionada per fum, foc i flames: altres llocs especificats
X769;Autolesió intencionada per fum, foc i flames: lloc no especificat
X770;Autolesió intencionada per vapor d'aigua, vapors calents i objectes calents: domicili
X771;Autolesió intencionada per vapor d'aigua, vapors calents i objectes calents: institució residencial
X772;Autolesió intencionada per vapor d'aigua, vapors calents i objectes calents: escola, altres institucions i àrees administratives públiques
X773;Autolesió intencionada per vapor d'aigua, vapors calents i objectes calents: zona esportiva
X774;Autolesió intencionada per vapor d'aigua, vapors calents i objectes calents: carrer i via pública
X775;Autolesió intencionada per vapor d'aigua, vapors calents i objectes calents: àrea comercial i de serveis
X776;Autolesió intencionada per vapor d'aigua, vapors calents i objectes calents: zona industrial i de construcció
X777;Autolesió intencionada per vapor d'aigua, vapors calents i objectes calents: granja
X778;Autolesió intencionada per vapor d'aigua, vapors calents i objectes calents: altres llocs especificats
X779;Autolesió intencionada per vapor d'aigua, vapors calents i objectes calents: lloc no especificat
X780;Autolesió intencionada per objecte punxegut: domicili
X781;Autolesió intencionada per objecte punxegut: institució residencial
X782;Autolesió intencionada per objecte punxegut: escola, altres institucions i àrees administratives públiques
X783;Autolesió intencionada per objecte punxegut: zona esportiva
X784;Autolesió intencionada per objecte punxegut: carrer i via pública
X785;Autolesió intencionada per objecte punxegut: àrea comercial i de serveis
X786;Autolesió intencionada per objecte punxegut: zona industrial i de construcció
X787;Autolesió intencionada per objecte punxegut: granja
X788;Autolesió intencionada per objecte punxegut: altres llocs especificats
X789;Autolesió intencionada per objecte punxegut: lloc no especificat
X790;Autolesió intencionada per objecte contundent: domicili
X791;Autolesió intencionada per objecte contundent: institució residencial
X792;Autolesió intencionada per objecte contundent: escola, altres institucions i àrees administratives públiques
X793;Autolesió intencionada per objecte contundent: zona esportiva
X794;Autolesió intencionada per objecte contundent: carrer i via pública
X795;Autolesió intencionada per objecte contundent: àrea comercial i de serveis
X796;Autolesió intencionada per objecte contundent: zona industrial i de construcció
X797;Autolesió intencionada per objecte contundent: granja
X798;Autolesió intencionada per objecte contundent: altres llocs especificats
X799;Autolesió intencionada per objecte contundent: lloc no especificat
X800;Autolesió intencionada per salt des d'un lloc elevat: domicili
X801;Autolesió intencionada per salt des d'un lloc elevat: institució residencial
X802;Autolesió intencionada per salt des d'un lloc elevat: escola, altres institucions i àrees administratives públiques
X803;Autolesió intencionada per salt des d'un lloc elevat: zona esportiva
X804;Autolesió intencionada per salt des d'un lloc elevat: carrer i via pública
X805;Autolesió intencionada per salt des d'un lloc elevat: àrea comercial i de serveis
X806;Autolesió intencionada per salt des d'un lloc elevat: zona industrial i de construcció
X807;Autolesió intencionada per salt des d'un lloc elevat: granja
X808;Autolesió intencionada per salt des d'un lloc elevat: altres llocs especificats
X809;Autolesió intencionada per salt des d'un lloc elevat: lloc no especificat
X810;Autolesió intencionada per saltar o estirar-se davant d'un objecte en moviment: domicili
X811;Autolesió intencionada per saltar o estirar-se davant d'un objecte en moviment: institució residencial
X812;Autolesió intencionada per saltar o estirar-se davant d'un objecte en moviment: escola, altres institucions i àrees administratives públiques
X813;Autolesió intencionada per saltar o estirar-se davant d'un objecte en moviment: zona esportiva
X814;Autolesió intencionada per saltar o estirar-se davant d'un objecte en moviment: carrer i via pública
X815;Autolesió intencionada per saltar o estirar-se davant d'un objecte en moviment: àrea comercial i de serveis
X816;Autolesió intencionada per saltar o estirar-se davant d'un objecte en moviment: zona industrial i de construcció
X817;Autolesió intencionada per saltar o estirar-se davant d'un objecte en moviment: granja
X818;Autolesió intencionada per saltar o estirar-se davant d'un objecte en moviment: altres llocs especificats
X819;Autolesió intencionada per saltar o estirar-se davant d'un objecte en moviment: lloc no especificat
X820;Autolesió intencionada per xoc de vehicle de motor: domicili
X821;Autolesió intencionada per xoc de vehicle de motor: institució residencial
X822;Autolesió intencionada per xoc de vehicle de motor: escola, altres institucions i àrees administratives públiques
X823;Autolesió intencionada per xoc de vehicle de motor: zona esportiva
X824;Autolesió intencionada per xoc de vehicle de motor: carrer i via pública
X825;Autolesió intencionada per xoc de vehicle de motor: àrea comercial i de serveis
X826;Autolesió intencionada per xoc de vehicle de motor: zona industrial i de construcció
X827;Autolesió intencionada per xoc de vehicle de motor: granja
X828;Autolesió intencionada per xoc de vehicle de motor: altres llocs especificats
X829;Autolesió intencionada per xoc de vehicle de motor: lloc no especificat
X830;Autolesió intencionada per altres mitjans especificats: domicili
X831;Autolesió intencionada per altres mitjans especificats: institució residencial
X832;Autolesió intencionada per altres mitjans especificats: escola, altres institucions i àrees administratives públiques
X833;Autolesió intencionada per altres mitjans especificats: zona esportiva
X834;Autolesió intencionada per altres mitjans especificats: carrer i via pública
X835;Autolesió intencionada per altres mitjans especificats: àrea comercial i de serveis
X836;Autolesió intencionada per altres mitjans especificats: zona industrial i de construcció
X837;Autolesió intencionada per altres mitjans especificats: granja
X838;Autolesió intencionada per altres mitjans especificats: altres llocs especificats
X839;Autolesió intencionada per altres mitjans especificats: lloc no especificat
X840;Autolesió intencionada per mitjans no especificats: domicili
X841;Autolesió intencionada per mitjans no especificats: institució residencial
X842;Autolesió intencionada per mitjans no especificats: escola, altres institucions i àrees administratives públiques
X843;Autolesió intencionada per mitjans no especificats: zona esportiva
X844;Autolesió intencionada per mitjans no especificats: carrer i via pública
X845;Autolesió intencionada per mitjans no especificats: àrea comercial i de serveis
X846;Autolesió intencionada per mitjans no especificats: zona industrial i de construcció
X847;Autolesió intencionada per mitjans no especificats: granja
X848;Autolesió intencionada per mitjans no especificats: altres llocs especificats
X849;Autolesió intencionada per mitjans no especificats: lloc no especificat
X850;Agressió amb drogues, fàrmacs i productes biològics: domicili
X851;Agressió amb drogues, fàrmacs i productes biològics: institució residencial
X852;Agressió amb drogues, fàrmacs i productes biològics: escola, altres institucions i àrees administratives públiques
X853;Agressió amb drogues, fàrmacs i productes biològics: zona esportiva
X854;Agressió amb drogues, fàrmacs i productes biològics: carrer i via pública
X855;Agressió amb drogues, fàrmacs i productes biològics: àrea comercial i de serveis
X856;Agressió amb drogues, fàrmacs i productes biològics: zona industrial i de construcció
X857;Agressió amb drogues, fàrmacs i productes biològics: granja
X858;Agressió amb drogues, fàrmacs i productes biològics: altres llocs especificats
X859;Agressió amb drogues, fàrmacs i productes biològics: lloc no especificat
X860;Agressió amb substància corrosiva: domicili
X861;Agressió amb substància corrosiva: institució residencial
X862;Agressió amb substància corrosiva: escola, altres institucions i àrees administratives públiques
X863;Agressió amb substància corrosiva: zona esportiva
X864;Agressió amb substància corrosiva: carrer i via pública
X865;Agressió amb substància corrosiva: àrea comercial i de serveis
X866;Agressió amb substància corrosiva: zona industrial i de construcció
X867;Agressió amb substància corrosiva: granja
X868;Agressió amb substància corrosiva: altres llocs especificats
X869;Agressió amb substància corrosiva: lloc no especificat
X870;Agressió amb pesticides: domicili
X871;Agressió amb pesticides: institució residencial
X872;Agressió amb pesticides: escola, altres institucions i àrees administratives públiques
X873;Agressió amb pesticides: zona esportiva
X874;Agressió amb pesticides: carrer i via pública
X875;Agressió amb pesticides: àrea comercial i de serveis
X876;Agressió amb pesticides: zona industrial i de construcció
X877;Agressió amb pesticides: granja
X878;Agressió amb pesticides: altres llocs especificats
X879;Agressió amb pesticides: lloc no especificat
X880;Agressió amb gasos i vapors: domicili
X881;Agressió amb gasos i vapors: institució residencial
X882;Agressió amb gasos i vapors: escola, altres institucions i àrees administratives públiques
X883;Agressió amb gasos i vapors: zona esportiva
X884;Agressió amb gasos i vapors: carrer i via pública
X885;Agressió amb gasos i vapors: àrea comercial i de serveis
X886;Agressió amb gasos i vapors: zona industrial i de construcció
X887;Agressió amb gasos i vapors: granja
X888;Agressió amb gasos i vapors: altres llocs especificats
X889;Agressió amb gasos i vapors: lloc no especificat
X890;Agressió amb altres productes químics i substàncies nocives especificats: domicili
X891;Agressió amb altres productes químics i substàncies nocives especificats: institució residencial
X892;Agressió amb altres productes químics i substàncies nocives especificats: escola, altres institucions i àrees administratives públiques
X893;Agressió amb altres productes químics i substàncies nocives especificats: zona esportiva
X894;Agressió amb altres productes químics i substàncies nocives especificats: carrer i via pública
X895;Agressió amb altres productes químics i substàncies nocives especificats: àrea comercial i de serveis
X896;Agressió amb altres productes químics i substàncies nocives especificats: zona industrial i de construcció
X897;Agressió amb altres productes químics i substàncies nocives especificats: granja
X898;Agressió amb altres productes químics i substàncies nocives especificats: altres llocs especificats
X899;Agressió amb altres productes químics i substàncies nocives especificats: lloc no especificat
X900;Agressió amb producte químic o substància nociva no especificats: domicili
X901;Agressió amb producte químic o substància nociva no especificats: institució residencial
X902;Agressió amb producte químic o substància nociva no especificats: escola, altres institucions i àrees administratives públiques
X903;Agressió amb producte químic o substància nociva no especificats: zona esportiva
X904;Agressió amb producte químic o substància nociva no especificats: carrer i via pública
X905;Agressió amb producte químic o substància nociva no especificats: àrea comercial i de serveis
X906;Agressió amb producte químic o substància nociva no especificats: zona industrial i de construcció
X907;Agressió amb producte químic o substància nociva no especificats: granja
X908;Agressió amb producte químic o substància nociva no especificats: altres llocs especificats
X909;Agressió amb producte químic o substància nociva no especificats: lloc no especificat
X910;Agressió per penjament, estrangulació i sufocació: domicili
X911;Agressió per penjament, estrangulació i sufocació: institució residencial
X912;Agressió per penjament, estrangulació i sufocació: escola, altres institucions i àrees administratives públiques
X913;Agressió per penjament, estrangulació i sufocació: zona esportiva
X914;Agressió per penjament, estrangulació i sufocació: carrer i via pública
X915;Agressió per penjament, estrangulació i sufocació: àrea comercial i de serveis
X916;Agressió per penjament, estrangulació i sufocació: zona industrial i de construcció
X917;Agressió per penjament, estrangulació i sufocació: granja
X918;Agressió per penjament, estrangulació i sufocació: altres llocs especificats
X919;Agressió per penjament, estrangulació i sufocació: lloc no especificat
X920;Agressió per ofegament per immersió i submersió: domicili
X921;Agressió per ofegament per immersió i submersió: institució residencial
X922;Agressió per ofegament per immersió i submersió: escola, altres institucions i àrees administratives públiques
X923;Agressió per ofegament per immersió i submersió: zona esportiva
X924;Agressió per ofegament per immersió i submersió: carrer i via pública
X925;Agressió per ofegament per immersió i submersió: àrea comercial i de serveis
X926;Agressió per ofegament per immersió i submersió: zona industrial i de construcció
X927;Agressió per ofegament per immersió i submersió: granja
X928;Agressió per ofegament per immersió i submersió: altres llocs especificats
X929;Agressió per ofegament per immersió i submersió: lloc no especificat
X930;Agressió per tret d'arma curta: domicili
X931;Agressió per tret d'arma curta: institució residencial
X932;Agressió per tret d'arma curta: escola, altres institucions i àrees administratives públiques
X933;Agressió per tret d'arma curta: zona esportiva
X934;Agressió per tret d'arma curta: carrer i via pública
X935;Agressió per tret d'arma curta: àrea comercial i de serveis
X936;Agressió per tret d'arma curta: zona industrial i de construcció
X937;Agressió per tret d'arma curta: granja
X938;Agressió per tret d'arma curta: altres llocs especificats
X939;Agressió per tret d'arma curta: lloc no especificat
X940;Agressió per tret de rifle, escopeta i arma llarga de foc: domicili
X941;Agressió per tret de rifle, escopeta i arma llarga de foc: institució residencial
X942;Agressió per tret de rifle, escopeta i arma llarga de foc: escola, altres institucions i àrees administratives públiques
X943;Agressió per tret de rifle, escopeta i arma llarga de foc: zona esportiva
X944;Agressió per tret de rifle, escopeta i arma llarga de foc: carrer i via pública
X945;Agressió per tret de rifle, escopeta i arma llarga de foc: àrea comercial i de serveis
X946;Agressió per tret de rifle, escopeta i arma llarga de foc: zona industrial i de construcció
X947;Agressió per tret de rifle, escopeta i arma llarga de foc: granja
X948;Agressió per tret de rifle, escopeta i arma llarga de foc: altres llocs especificats
X949;Agressió per tret de rifle, escopeta i arma llarga de foc: lloc no especificat
X950;Agressió per trets d'altres armes de foc i agressió per trets d'armes de foc no especificades: domicili
X951;Agressió per trets d'altres armes de foc i agressió per trets d'armes de foc no especificades: institució residencial
X952;Agressió per trets d'altres armes de foc i agressió per trets d'armes de foc no especificades: escola, altres institucions i àreees administratives públiques
X953;Agressió per trets d'altres armes de foc i agressió per trets d'armes de foc no especificades: zona esportiva
X954;Agressió per trets d'altres armes de foc i agressió per trets d'armes de foc no especificades: carrer i via pública
X955;Agressió per trets d'altres armes de foc i agressió per trets d'armes de foc no especificades: àrea comercial i de serveis
X956;Agressió per trets d'altres armes de foc i agressió per trets d'armes de foc no especificades: zona industrial i de construcció
X957;Agressió per trets d'altres armes de foc i agressió per trets d'armes de foc no especificades: granja
X958;Agressió per trets d'altres armes de foc i agressió per trets d'armes de foc no especificades: altres llocs especificats
X959;Agressió per trets d'altres armes de foc i agressió per trets d'armes de foc no especificades: lloc no especificat
X960;Agressió amb material explosiu: domicili
X961;Agressió amb material explosiu: institució residencial
X962;Agressió amb material explosiu: escola, altres institucions i àrees administratives públiques
X963;Agressió amb material explosiu: zona esportiva
X964;Agressió amb material explosiu: carrer i via pública
X965;Agressió amb material explosiu: àrea comercial i de serveis
X966;Agressió amb material explosiu: zona industrial i de construcció
X967;Agressió amb material explosiu: granja
X968;Agressió amb material explosiu: altres llocs especificats
X969;Agressió amb material explosiu: lloc no especificat
X970;Agressió amb fum, foc i flames: domicili
X971;Agressió amb fum, foc i flames: institució residencial
X972;Agressió amb fum, foc i flames: escola, altres institucions i àrees administratives públiques
X973;Agressió amb fum, foc i flames: zona esportiva
X974;Agressió amb fum, foc i flames: carrer i via pública
X975;Agressió amb fum, foc i flames: àrea comercial i de serveis
X976;Agressió amb fum, foc i flames: zona industrial i de construcció
X977;Agressió amb fum, foc i flames: granja
X978;Agressió amb fum, foc i flames: altres llocs especificats
X979;Agressió amb fum, foc i flames: lloc no especificat
X980;Agressió amb vapor d'aigua, vapors calents i objectes calents: domicili
X981;Agressió amb vapor d'aigua, vapors calents i objectes calents: institució residencial
X982;Agressió amb vapor d'aigua, vapors calents i objectes calents: escola, altres institucions i àrees administratives públiques
X983;Agressió amb vapor d'aigua, vapors calents i objectes calents: zona esportiva
X984;Agressió amb vapor d'aigua, vapors calents i objectes calents: carrer i via pública
X985;Agressió amb vapor d'aigua, vapors calents i objectes calents: àrea comercial i de serveis
X986;Agressió amb vapor d'aigua, vapors calents i objectes calents: zona industrial i de construcció
X987;Agressió amb vapor d'aigua, vapors calents i objectes calents: granja
X988;Agressió amb vapor d'aigua, vapors calents i objectes calents: altres llocs especificats
X989;Agressió amb vapor d'aigua, vapors calents i objectes calents: lloc no especificat
X990;Agressió amb objecte punxegut: domicili
X991;Agressió amb objecte punxegut: institució residencial
X992;Agressió amb objecte punxegut: escola, altres institucions i àrees administratives públiques
X993;Agressió amb objecte punxegut: zona esportiva
X994;Agressió amb objecte punxegut: carrer i via pública
X995;Agressió amb objecte punxegut: àrea comercial i de serveis
X996;Agressió amb objecte punxegut: zona industrial i de construcció
X997;Agressió amb objecte punxegut: granja
X998;Agressió amb objecte punxegut: altres llocs especificats
X999;Agressió amb objecte punxegut: lloc no especificat
Y000;Agressió amb objecte contundent: domicili
Y001;Agressió amb objecte contundent: institució residencial
Y002;Agressió amb objecte contundent: escola, altres institucions i àrees administratives públiques
Y003;Agressió amb objecte contundent: zona esportiva
Y004;Agressió amb objecte contundent: carrer i via pública
Y005;Agressió amb objecte contundent: àrea comercial i de serveis
Y006;Agressió amb objecte contundent: zona industrial i de construcció
Y007;Agressió amb objecte contundent: granja
Y008;Agressió amb objecte contundent: altres llocs especificats
Y009;Agressió amb objecte contundent: lloc no especificat
Y010;Agressió per empenta des d'un lloc elevat: domicili
Y011;Agressió per empenta des d'un lloc elevat: institució residencial
Y012;Agressió per empenta des d'un lloc elevat: escola, altres institucions i àrees administratives públiques
Y013;Agressió per empenta des d'un lloc elevat: zona esportiva
Y014;Agressió per empenta des d'un lloc elevat: carrer i via pública
Y015;Agressió per empenta des d'un lloc elevat: àrea comercial i de serveis
Y016;Agressió per empenta des d'un lloc elevat: zona industrial i de construcció
Y017;Agressió per empenta des d'un lloc elevat: granja
Y018;Agressió per empenta des d'un lloc elevat: altres llocs especificats
Y019;Agressió per empenta des d'un lloc elevat: lloc no especificat
Y020;Agressió per empenta o col·locació de la víctima davant d'un objecte en moviment: domicili
Y021;Agressió per empenta o col·locació de la víctima davant d'un objecte en moviment: institució residencial
Y022;Agressió per empenta o col·locació de la víctima davant d'un objecte en moviment: escola, altres institucions i àrees administratives públiques
Y023;Agressió per empenta o col·locació de la víctima davant d'un objecte en moviment: zona esportiva
Y024;Agressió per empenta o col·locació de la víctima davant d'un objecte en moviment: carrer i via pública
Y025;Agressió per empenta o col·locació de la víctima davant d'un objecte en moviment: àrea comercial i de serveis
Y026;Agressió per empenta o col·locació de la víctima davant d'un objecte en moviment: zona industrial i de construcció
Y027;Agressió per empenta o col·locació de la víctima davant d'un objecte en moviment: granja
Y028;Agressió per empenta o col·locació de la víctima davant d'un objecte en moviment: altres llocs especificats
Y029;Agressió per empenta o col·locació de la víctima davant d'un objecte en moviment: lloc no especificat
Y030;Agressió per xoc de vehicle de motor: domicili
Y031;Agressió per xoc de vehicle de motor: institució residencial
Y032;Agressió per xoc de vehicle de motor: escola, altres institucions i àrees administratives públiques
Y033;Agressió per xoc de vehicle de motor: zona esportiva
Y034;Agressió per xoc de vehicle de motor: carrer i via pública
Y035;Agressió per xoc de vehicle de motor: àrea comercial i de serveis
Y036;Agressió per xoc de vehicle de motor: zona industrial i de construcció
Y037;Agressió per xoc de vehicle de motor: granja
Y038;Agressió per xoc de vehicle de motor: altres llocs especificats
Y039;Agressió per xoc de vehicle de motor: lloc no especificat
Y040;Agressió amb força física: domicili
Y041;Agressió amb força física: institució residencial
Y042;Agressió amb força física: escola, altres institucions i àrees administratives públiques
Y043;Agressió amb força física: zona esportiva
Y044;Agressió amb força física: carrer i via pública
Y045;Agressió amb força física: àrea comercial i de serveis
Y046;Agressió amb força física: zona industrial i de construcció
Y047;Agressió amb força física: granja
Y048;Agressió amb força física: altres llocs especificats
Y049;Agressió amb força física: lloc no especificat
Y050;Agressió sexual amb força física: domicili
Y051;Agressió sexual amb força física: institució residencial
Y052;Agressió sexual amb força física: escola, altres institucions i àrees administratives públiques
Y053;Agressió sexual amb força física: zona esportiva
Y054;Agressió sexual amb força física: carrer i via pública
Y055;Agressió sexual amb força física: àrea comercial i de serveis
Y056;Agressió sexual amb força física: zona industrial i de construcció
Y057;Agressió sexual amb força física: granja
Y058;Agressió sexual amb força física: altres llocs especificats
Y059;Agressió sexual amb força física: lloc no especificat
Y060;Negligència i abandonament: pel cònjuge o la parella
Y061;Negligència i abandonament: pel pare o la mare
Y062;Negligència i abandonament: per conegut o amic
Y068;Negligència i abandonament: per altres persones especificades
Y069;Negligència i abandonament: per persona no especificada
Y070;Altres síndromes de maltractament: el cònjuge o la parella
Y071;Altres síndromes de maltractament: pel pare o la mare
Y072;Altres síndromes de maltractament: per conegut o amic
Y073;Altres síndromes de maltractament: per autoritats oficials
Y078;Altres síndromes de maltractament: per altres persones especificades
Y079;Altres síndromes de maltractament: per persona no especificada
Y080;Agressió per altres mitjans especificats: domicili
Y081;Agressió per altres mitjans especificats: institució residencial
Y082;Agressió per altres mitjans especificats: escola, altres institucions i àrees administratives públiques
Y083;Agressió per altres mitjans especificats: zona esportiva
Y084;Agressió per altres mitjans especificats: carrer i via pública
Y085;Agressió per altres mitjans especificats: àrea comercial i de serveis
Y086;Agressió per altres mitjans especificats: zona industrial i de construcció
Y087;Agressió per altres mitjans especificats: granja
Y088;Agressió per altres mitjans especificats: altres llocs especificats
Y089;Agressió per altres mitjans especificats: lloc no especificat
Y090;Agressió per mitjans no especificats: domicili
Y091;Agressió per mitjans no especificats: institució residencial
Y092;Agressió per mitjans no especificats: escola, altres institucions i àrees administratives públiques
Y093;Agressió per mitjans no especificats: zona esportiva
Y094;Agressió per mitjans no especificats: carrer i via pública
Y095;Agressió per mitjans no especificats: àrea comercial i de serveis
Y096;Agressió per mitjans no especificats: zona industrial i de construcció
Y097;Agressió per mitjans no especificats: granja
Y098;Agressió per mitjans no especificats: altres llocs especificats
Y099;Agressió per mitjans no especificats: lloc no especificat
Y100;Intoxicació i exposició a analgèsics, antipirètics i antireumàtics no opioides amb intenció indeterminada: domicili
Y101;Intoxicació i exposició a analgèsics, antipirètics i antireumàtics no opioides amb intenció indeterminada: institució residencial
Y102;Intoxicació i exposició a analgèsics, antipirètics i antireumàtics no opioides amb intenció indeterminada: escola, altres institucions i àrees administratives públiques
Y103;Intoxicació i exposició a analgèsics, antipirètics i antireumàtics no opioides amb intenció indeterminada: zona esportiva
Y104;Intoxicació i exposició a analgèsics, antipirètics i antireumàtics no opioides amb intenció indeterminada: carrer i via pública
Y105;Intoxicació i exposició a analgèsics, antipirètics i antireumàtics no opioides amb intenció indeterminada: àrea comercial i de serveis
Y106;Intoxicació i exposició a analgèsics, antipirètics i antireumàtics no opioides amb intenció indeterminada: zona industrial i de construccio
Y107;Intoxicació i exposició a analgèsics, antipirètics i antireumàtics no opioides amb intenció indeterminada: granja
Y108;Intoxicació i exposició a analgèsics, antipirètics i antireumàtics no opioides amb intenció indeterminada: altres llocs especificats
Y109;Intoxicació i exposició a analgèsics, antipirètics i antireumàtics no opioides amb intenció indeterminada: lloc no especificat
Y110;Intoxicació i exposició a antiepilèptics, hipnosedants, antiparkinsonians i psicòtrops no classificats a cap altre lloc amb intenció indeterminada: domicili
Y111;Intoxicació i exposició a antiepilèptics, hipnosedants, antiparkinsonians i psicòtrops no classificats a cap altre lloc amb intenció indeterminada: institució residencial
Y112;Intoxicació i exposició a antiepilèptics, hipnosedants, antiparkinsonians i psicòtrops no classificats a cap altre lloc amb intenció indeterminada: escola, altres institucions i àrees administratives públiques
Y113;Intoxicació i exposició a antiepilèptics, hipnosedants, antiparkinsonians i psicòtrops no classificats a cap altre lloc amb intenció indeterminada: zona esportiva
Y114;Intoxicació i exposició a antiepilèptics, hipnosedants, antiparkinsonians i psicòtrops no classificats a cap altre lloc amb intenció indeterminada: carrer i via pública
Y115;Intoxicació i exposició a antiepilèptics, hipnosedants, antiparkinsonians i psicòtrops no classificats a cap altre lloc amb intenció indeterminada: àrea comercial i de serveis
Y116;Intoxicació i exposició a antiepilèptics, hipnosedants, antiparkinsonians i psicòtrops no classificats a cap altre lloc amb intenció indeterminada: zona industrial i de construcció
Y117;Intoxicació i exposició a antiepilèptics, hipnosedants, antiparkinsonians i psicòtrops no classificats a cap altre lloc amb intenció indeterminada: granja
Y118;Intoxicació i exposició a antiepilèptics, hipnosedants, antiparkinsonians i psicòtrops no classificats a cap altre lloc amb intenció indeterminada: altres llocs especificats
Y119;Intoxicació i exposició a antiepilèptics, hipnosedants, antiparkinsonians i psicòtrops no classificats a cap altre lloc amb intenció indeterminada: lloc no especificat
Y120;Intoxicació i exposició a narcòtics i psicodislèptics [al·lucinògens] no classificats a cap altre lloc amb intenció indeterminada: domicili
Y121;Intoxicació i exposició a narcòtics i psicodislèptics [al·lucinògens] no classificats a cap altre lloc amb intenció indeterminada: institució residencial
Y122;Intoxicació i exposició a narcòtics i psicodislèptics [al·lucinògens] no classificats a cap altre lloc amb intenció indeterminada: escola, altres institucions i àrees administratives públiques
Y123;Intoxicació i exposició a narcòtics i psicodislèptics [al·lucinògens] no classificats a cap altre lloc amb intenció indeterminada: zona esportiva
Y124;Intoxicació i exposició a narcòtics i psicodislèptics [al·lucinògens] no classificats a cap altre lloc amb intenció indeterminada: carrer i via pública
Y125;Intoxicació i exposició a narcòtics i psicodislèptics [al·lucinògens] no classificats a cap altre lloc amb intenció indeterminada: àrea comercial i de serveis
Y126;Intoxicació i exposició a narcòtics i psicodislèptics [al·lucinògens] no classificats a cap altre lloc amb intenció indeterminada: zona industrial i de construcció
Y127;Intoxicació i exposició a narcòtics i psicodislèptics [al·lucinògens] no classificats a cap altre lloc amb intenció indeterminada: granja
Y128;Intoxicació i exposició a narcòtics i psicodislèptics [al·lucinògens] no classificats a cap altre lloc amb intenció indeterminada: altres llocs especificats
Y129;Intoxicació i exposició a narcòtics i psicodislèptics [al·lucinògens] no classificats a cap altre lloc amb intenció indeterminada: lloc no especificat
Y130;Intoxicació i exposició a altres fàrmacs que actuen en el sistema nerviós autònom amb intenció indeterminada: domicili
Y131;Intoxicació i exposició a altres fàrmacs que actuen en el sistema nerviós autònom amb intenció indeterminada: institució residencial
Y132;Intoxicació i exposició a altres fàrmacs que actuen en el sistema nerviós autònom amb intenció indeterminada: escola, altres institucions i àrees administratives públiques
Y133;Intoxicació i exposició a altres fàrmacs que actuen en el sistema nerviós autònom amb intenció indeterminada: zona esportiva
Y134;Intoxicació i exposició a altres fàrmacs que actuen en el sistema nerviós autònom amb intenció indeterminada: carrer i via pública
Y135;Intoxicació i exposició a altres fàrmacs que actuen en el sistema nerviós autònom amb intenció indeterminada: àrea comercial i de serveis
Y136;Intoxicació i exposició a altres fàrmacs que actuen en el sistema nerviós autònom amb intenció indeterminada: zona industrial i de construcció
Y137;Intoxicació i exposició a altres fàrmacs que actuen en el sistema nerviós autònom amb intenció indeterminada: granja
Y138;Intoxicació i exposició a altres fàrmacs que actuen en el sistema nerviós autònom amb intenció indeterminada: altres llocs especificats
Y139;Intoxicació i exposició a altres fàrmacs que actuen en el sistema nerviós autònom amb intenció indeterminada: lloc no especificat
Y140;Intoxicació i exposició a altres drogues, fàrmacs i productes biològics, i intoxicació i exposició a drogues, fàrmacs i productes biològics no especificats, amb intenció indeterminada: domicili
Y141;Intoxicació i exposició a altres drogues, fàrmacs i productes biològics, i intoxicació i exposició a drogues, fàrmacs i productes biològics no especificats, amb intenció indeterminada: institució residencial
Y142;Intoxicació i exposició a altres drogues, fàrmacs i productes biològics, i intoxicació i exposició a drogues, fàrmacs i productes biològics no especificats, amb intenció indeterminada: escola, altres institucions i àrees administratives públiques
Y143;Intoxicació i exposició a altres drogues, fàrmacs i productes biològics, i intoxicació i exposició a drogues, fàrmacs i productes biològics no especificats, amb intenció indeterminada: zona esportiva
Y144;Intoxicació i exposició a altres drogues, fàrmacs i productes biològics, i intoxicació i exposició a drogues, fàrmacs i productes biològics no especificats, amb intenció indeterminada: carrer i via pública
Y145;Intoxicació i exposició a altres drogues, fàrmacs i productes biològics, i intoxicació i exposició a drogues, fàrmacs i productes biològics no especificats, amb intenció indeterminada: àrea comercial i de serveis
Y146;Intoxicació i exposició a altres drogues, fàrmacs i productes biològics, i intoxicació i exposició a drogues, fàrmacs i productes biològics no especificats, amb intenció indeterminada: zona industrial i de construcció
Y147;Intoxicació i exposició a altres drogues, fàrmacs i productes biològics, i intoxicació i exposició a drogues, fàrmacs i productes biològics no especificats, amb intenció indeterminada: granja
Y148;Intoxicació i exposició a altres drogues, fàrmacs i productes biològics, i intoxicació i exposició a drogues, fàrmacs i productes biològics no especificats, amb intenció indeterminada: altres llocs especificats
Y149;Intoxicació i exposició a altres drogues, fàrmacs i productes biològics, i intoxicació i exposició a drogues, fàrmacs i productes biològics no especificats, amb intenció indeterminada: lloc no especificat
Y150;Intoxicació i exposició a alcohol amb intenció indeterminada: domicili
Y151;Intoxicació i exposició a alcohol amb intenció indeterminada: institució residencial
Y152;Intoxicació i exposició a alcohol amb intenció indeterminada: escola, altres institucions i àrees administratives públiques
Y153;Intoxicació i exposició a alcohol amb intenció indeterminada: zona esportiva
Y154;Intoxicació i exposició a alcohol amb intenció indeterminada: carrer i via pública
Y155;Intoxicació i exposició a alcohol amb intenció indeterminada: àrea comercial i de serveis
Y156;Intoxicació i exposició a alcohol amb intenció indeterminada: zona industrial i de construcció
Y157;Intoxicació i exposició a alcohol amb intenció indeterminada: granja
Y158;Intoxicació i exposició a alcohol amb intenció indeterminada: altres llocs especificats
Y159;Intoxicació i exposició a alcohol amb intenció indeterminada: lloc no especificat
Y160;Intoxicació i exposició a dissolvents orgànics i hidrocarburs halogenats i els seus vapors amb intenció indeterminada: domicili
Y161;Intoxicació i exposició a dissolvents orgànics i hidrocarburs halogenats i els seus vapors amb intenció indeterminada: institució residencial
Y162;Intoxicació i exposició a dissolvents orgànics i hidrocarburs halogenats i els seus vapors amb intenció indeterminada: escola, altres institucions i àrees administratives públiques
Y163;Intoxicació i exposició a dissolvents orgànics i hidrocarburs halogenats i els seus vapors amb intenció indeterminada: zona esportiva
Y164;Intoxicació i exposició a dissolvents orgànics i hidrocarburs halogenats i els seus vapors amb intenció indeterminada: carrer i via pública
Y165;Intoxicació i exposició a dissolvents orgànics i hidrocarburs halogenats i els seus vapors amb intenció indeterminada: àrea comercial i de serveis
Y166;Intoxicació i exposició a dissolvents orgànics i hidrocarburs halogenats i els seus vapors amb intenció indeterminada: zona industrial i de construcció
Y167;Intoxicació i exposició a dissolvents orgànics i hidrocarburs halogenats i els seus vapors amb intenció indeterminada: granja
Y168;Intoxicació i exposició a dissolvents orgànics i hidrocarburs halogenats i els seus vapors amb intenció indeterminada: altres llocs especificats
Y169;Intoxicació i exposició a dissolvents orgànics i hidrocarburs halogenats i els seus vapors amb intenció indeterminada: lloc no especificat
Y170;Intoxicació i exposició a altres gasos i vapors amb intenció indeterminada: domicili
Y171;Intoxicació i exposició a altres gasos i vapors amb intenció indeterminada: institució residencial
Y172;Intoxicació i exposició a altres gasos i vapors amb intenció indeterminada: escola, altres institucions i àrees administratives públiques
Y173;Intoxicació i exposició a altres gasos i vapors amb intenció indeterminada: zona esportiva
Y174;Intoxicació i exposició a altres gasos i vapors amb intenció indeterminada: carrer i via pública
Y175;Intoxicació i exposició a altres gasos i vapors amb intenció indeterminada: àrea comercial i de serveis
Y176;Intoxicació i exposició a altres gasos i vapors amb intenció indeterminada: zona industrial i de construcció
Y177;Intoxicació i exposició a altres gasos i vapors amb intenció indeterminada: granja
Y178;Intoxicació i exposició a altres gasos i vapors amb intenció indeterminada: altres llocs especificats
Y179;Intoxicació i exposició a altres gasos i vapors amb intenció indeterminada: lloc no especificat
Y180;Intoxicació i exposició a pesticides amb intenció indeterminada: domicili
Y181;Intoxicació i exposició a pesticides amb intenció indeterminada: institució residencial
Y182;Intoxicació i exposició a pesticides amb intenció indeterminada: escola, altres institucions i àrees administratives públiques
Y183;Intoxicació i exposició a pesticides amb intenció indeterminada: zona esportiva
Y184;Intoxicació i exposició a pesticides amb intenció indeterminada: carrer i via pública
Y185;Intoxicació i exposició a pesticides amb intenció indeterminada: àrea comercial i de serveis
Y186;Intoxicació i exposició a pesticides amb intenció indeterminada: zona industrial i de construcció
Y187;Intoxicació i exposició a pesticides amb intenció indeterminada: granja
Y188;Intoxicació i exposició a pesticides amb intenció indeterminada: altres llocs especificats
Y189;Intoxicació i exposició a pesticides amb intenció indeterminada: lloc no especificat
Y190;Intoxicació i exposició a altres productes químics i substàncies nocives, i intoxicació i exposició a productes químics i substàncies nocives no especificats, amb intenció indeterminada: domicili
Y191;Intoxicació i exposició a altres productes químics i substàncies nocives, i intoxicació i exposició a productes químics i substàncies nocives no especificats, amb intenció indeterminada: institució residencial
Y192;Intoxicació i exposició a altres productes químics i substàncies nocives, i intoxicació i exposició a productes químics i substàncies nocives no especificats, amb intenció indeterminada: escola, altres institucions i àrees administratives públiques
Y193;Intoxicació i exposició a altres productes químics i substàncies nocives, i intoxicació i exposició a productes químics i substàncies nocives no especificats, amb intenció indeterminada: zona esportiva
Y194;Intoxicació i exposició a altres productes químics i substàncies nocives, i intoxicació i exposició a productes químics i substàncies nocives no especificats, amb intenció indeterminada: carrer i via pública
Y195;Intoxicació i exposició a altres productes químics i substàncies nocives, i intoxicació i exposició a productes químics i substàncies nocives no especificats, amb intenció indeterminada: àrea comercial i de serveis
Y196;Intoxicació i exposició a altres productes químics i substàncies nocives, i intoxicació i exposició a productes químics i substàncies nocives no especificats, amb intenció indeterminada: zona industrial i de construcció
Y197;Intoxicació i exposició a altres productes químics i substàncies nocives, i intoxicació i exposició a productes químics i substàncies nocives no especificats, amb intenció indeterminada: granja
Y198;Intoxicació i exposició a altres productes químics i substàncies nocives, i intoxicació i exposició a productes químics i substàncies nocives no especificats, amb intenció indeterminada: altres llocs especificats
Y199;Intoxicació i exposició a altres productes químics i substàncies nocives, i intoxicació i exposició a productes químics i substàncies nocives no especificats, amb intenció indeterminada: lloc no especificat
Y200;Penjament, estrangulació i sufocació amb intenció indeterminada: domicili
Y201;Penjament, estrangulació i sufocació amb intenció indeterminada: institució residencial
Y202;Penjament, estrangulació i sufocació amb intenció indeterminada: escola, altres institucions i àrees administratives públiques
Y203;Penjament, estrangulació i sufocació amb intenció indeterminada: zona esportiva
Y204;Penjament, estrangulació i sufocació amb intenció indeterminada: carrer i via pública
Y205;Penjament, estrangulació i sufocació amb intenció indeterminada: àrea comercial i de serveis
Y206;Penjament, estrangulació i sufocació amb intenció indeterminada: zona industrial i de construcció
Y207;Penjament, estrangulació i sufocació amb intenció indeterminada: granja
Y208;Penjament, estrangulació i sufocació amb intenció indeterminada: altres llocs especificats
Y209;Penjament, estrangulació i sufocació amb intenció indeterminada: lloc no especificat
Y210;Ofegament per immersió i submersió amb intenció indeterminada: domicili
Y211;Ofegament per immersió i submersió amb intenció indeterminada: institució residencial
Y212;Ofegament per immersió i submersió amb intenció indeterminada: escola, altres institucions i àrees administratives públiques
Y213;Ofegament per immersió i submersió amb intenció indeterminada: zona esportiva
Y214;Ofegament per immersió i submersió amb intenció indeterminada: carrer i via pública
Y215;Ofegament per immersió i submersió amb intenció indeterminada: àrea comercial i de serveis
Y216;Ofegament per immersió i submersió amb intenció indeterminada: zona industrial i de construcció
Y217;Ofegament per immersió i submersió amb intenció indeterminada: granja
Y218;Ofegament per immersió i submersió amb intenció indeterminada: altres llocs especificats
Y219;Ofegament per immersió i submersió amb intenció indeterminada: lloc no especificat
Y220;Tret d'arma curta amb intenció indeterminada: domicili
Y221;Tret d'arma curta amb intenció indeterminada: institució residencial
Y222;Tret d'arma curta amb intenció indeterminada: escola, altres institucions i àrees administratives públiques
Y223;Tret d'arma curta amb intenció indeterminada: zona esportiva
Y224;Tret d'arma curta amb intenció indeterminada: carrer i via pública
Y225;Tret d'arma curta amb intenció indeterminada: àrea comercial i de serveis
Y226;Tret d'arma curta amb intenció indeterminada: zona industrial i de construcció
Y227;Tret d'arma curta amb intenció indeterminada: granja
Y228;Tret d'arma curta amb intenció indeterminada: altres llocs especificats
Y229;Tret d'arma curta amb intenció indeterminada: lloc no especificat
Y230;Tret de rifle, escopeta i arma llarga de foc amb intenció indeterminada: domicili
Y231;Tret de rifle, escopeta i arma llarga de foc amb intenció indeterminada: institució residencial
Y232;Tret de rifle, escopeta i arma llarga de foc amb intenció indeterminada: escola, altres institucions i àrees administratives públiques
Y233;Tret de rifle, escopeta i arma llarga de foc amb intenció indeterminada: zona esportiva
Y234;Tret de rifle, escopeta i arma llarga de foc amb intenció indeterminada: carrer i via pública
Y235;Tret de rifle, escopeta i arma llarga de foc amb intenció indeterminada: àrea comercial i de serveis
Y236;Tret de rifle, escopeta i arma llarga de foc amb intenció indeterminada: zona industrial i de construcció
Y237;Tret de rifle, escopeta i arma llarga de foc amb intenció indeterminada: granja
Y238;Tret de rifle, escopeta i arma llarga de foc amb intenció indeterminada: altres llocs especificats
Y239;Tret de rifle, escopeta i arma llarga de foc amb intenció indeterminada: lloc no especificat
Y240;Tret d'altres d'armes de foc i tret d'arma de foc no especificada amb intenció indeterminada: domicili
Y241;Tret d'altres d'armes de foc i tret d'arma de foc no especificada amb intenció indeterminada: institució residencial
Y242;Tret d'altres d'armes de foc i tret d'arma de foc no especificada amb intenció indeterminada: escola, altres institucions i àrees administratives públiques
Y243;Tret d'altres d'armes de foc i tret d'arma de foc no especificada amb intenció indeterminada: zona esportiva
Y244;Tret d'altres d'armes de foc i tret d'arma de foc no especificada amb intenció indeterminada: carrer i via pública
Y245;Tret d'altres d'armes de foc i tret d'arma de foc no especificada amb intenció indeterminada: àrea comercial i de serveis
Y246;Tret d'altres d'armes de foc i tret d'arma de foc no especificada amb intenció indeterminada: zona industrial i de construcció
Y247;Tret d'altres d'armes de foc i tret d'arma de foc no especificada amb intenció indeterminada: granja
Y248;Tret d'altres d'armes de foc i tret d'arma de foc no especificada amb intenció indeterminada: altres llocs especificats
Y249;Tret d'altres d'armes de foc i tret d'arma de foc no especificada amb intenció indeterminada: lloc no especificat
Y250;Contacte amb material explosiu amb intenció indeterminada: domicili
Y251;Contacte amb material explosiu amb intenció indeterminada: institució residencial
Y252;Contacte amb material explosiu amb intenció indeterminada: escola, altres institucions i àrees administratives públiques
Y253;Contacte amb material explosiu amb intenció indeterminada: zona esportiva
Y254;Contacte amb material explosiu amb intenció indeterminada: carrer i via pública
Y255;Contacte amb material explosiu amb intenció indeterminada: àrea comercial i de serveis
Y256;Contacte amb material explosiu amb intenció indeterminada: zona industrial i de construcció
Y257;Contacte amb material explosiu amb intenció indeterminada: granja
Y258;Contacte amb material explosiu amb intenció indeterminada: altres llocs especificats
Y259;Contacte amb material explosiu amb intenció indeterminada: lloc no especificat
Y260;Exposició a fum, foc i flames amb intenció indeterminada: domicili
Y261;Exposició a fum, foc i flames amb intenció indeterminada: institució residencial
Y262;Exposició a fum, foc i flames amb intenció indeterminada: escola, altres institucions i àrees administratives públiques
Y263;Exposició a fum, foc i flames amb intenció indeterminada: zona esportiva
Y264;Exposició a fum, foc i flames amb intenció indeterminada: carrer i via pública
Y265;Exposició a fum, foc i flames amb intenció indeterminada: àrea comercial i de serveis
Y266;Exposició a fum, foc i flames amb intenció indeterminada: zona industrial i de construcció
Y267;Exposició a fum, foc i flames amb intenció indeterminada: granja
Y268;Exposició a fum, foc i flames amb intenció indeterminada: altres llocs especificats
Y269;Exposició a fum, foc i flames amb intenció indeterminada: lloc no especificat
Y270;Contacte amb vapor d'aigua, vapors calents i objectes calents amb intenció indeterminada: domicili
Y271;Contacte amb vapor d'aigua, vapors calents i objectes calents amb intenció indeterminada: institució residencial
Y272;Contacte amb vapor d'aigua, vapors calents i objectes calents amb intenció indeterminada: escola, altres institucions i àrees administratives públiques
Y273;Contacte amb vapor d'aigua, vapors calents i objectes calents amb intenció indeterminada: zona esportiva
Y274;Contacte amb vapor d'aigua, vapors calents i objectes calents amb intenció indeterminada: carrer i via pública
Y275;Contacte amb vapor d'aigua, vapors calents i objectes calents amb intenció indeterminada: àrea comercial i de serveis
Y276;Contacte amb vapor d'aigua, vapors calents i objectes calents amb intenció indeterminada: zona industrial i de construció
Y277;Contacte amb vapor d'aigua, vapors calents i objectes calents amb intenció indeterminada: granja
Y278;Contacte amb vapor d'aigua, vapors calents i objectes calents amb intenció indeterminada: altres llocs especificats
Y279;Contacte amb vapor d'aigua, vapors calents i objectes calents amb intenció indeterminada: lloc no especificat
Y280;Contacte amb objecte punxegut amb intenció indeterminada: domicili
Y281;Contacte amb objecte punxegut amb intenció indeterminada: institució residencial
Y282;Contacte amb objecte punxegut amb intenció indeterminada: escola, altres institucions i àrees administratives públiques
Y283;Contacte amb objecte punxegut amb intenció indeterminada: zona esportiva
Y284;Contacte amb objecte punxegut amb intenció indeterminada: carrer i via pública
Y285;Contacte amb objecte punxegut amb intenció indeterminada: àrea comercial i de serveis
Y286;Contacte amb objecte punxegut amb intenció indeterminada: zona industrial i de construcció
Y287;Contacte amb objecte punxegut amb intenció indeterminada: granja
Y288;Contacte amb objecte punxegut amb intenció indeterminada: altres llocs especificats
Y289;Contacte amb objecte punxegut amb intenció indeterminada: lloc no especificat
Y290;Contacte amb objecte contundent amb intenció indeterminada: domicili
Y291;Contacte amb objecte contundent amb intenció indeterminada: institució residencial
Y292;Contacte amb objecte contundent amb intenció indeterminada: escola, altres institucions i àrees administratives públiques
Y293;Contacte amb objecte contundent amb intenció indeterminada: zona esportiva
Y294;Contacte amb objecte contundent amb intenció indeterminada: carrer i via pública
Y295;Contacte amb objecte contundent amb intenció indeterminada: àrea comercial i de serveis
Y296;Contacte amb objecte contundent amb intenció indeterminada: zona industrial i de construcció
Y297;Contacte amb objecte contundent amb intenció indeterminada: granja
Y298;Contacte amb objecte contundent amb intenció indeterminada: altres llocs especificats
Y299;Contacte amb objecte contundent amb intenció indeterminada: lloc no especificat
Y300;Caiguda, salt o empenta des d'un lloc elevat amb intenció indeterminada: domicili
Y301;Caiguda, salt o empenta des d'un lloc elevat amb intenció indeterminada: institució residencial
Y302;Caiguda, salt o empenta des d'un lloc elevat amb intenció indeterminada: escola, altres institucions i àrees administratives públiques
Y303;Caiguda, salt o empenta des d'un lloc elevat amb intenció indeterminada: zona esportiva
Y304;Caiguda, salt o empenta des d'un lloc elevat amb intenció indeterminada: carrer i via pública
Y305;Caiguda, salt o empenta des d'un lloc elevat amb intenció indeterminada: àrea comercial i de serveis
Y306;Caiguda, salt o empenta des d'un lloc elevat amb intenció indeterminada: zona industrial i de construcció
Y307;Caiguda, salt o empenta des d'un lloc elevat amb intenció indeterminada: granja
Y308;Caiguda, salt o empenta des d'un lloc elevat amb intenció indeterminada: altres llocs especificats
Y309;Caiguda, salt o empenta des d'un lloc elevat amb intenció indeterminada: lloc no especificat
Y310;Caiguda, ajaguda o correguda davant o contra objecte en moviment amb intenció indeterminada: domicili
Y311;Caiguda, ajaguda o correguda davant o contra objecte en moviment amb intenció indeterminada: institució residencial
Y312;Caiguda, ajaguda o correguda davant o contra objecte en moviment amb intenció indeterminada: escola, altres institucions i àrees administratives públiques
Y313;Caiguda, ajaguda o correguda davant o contra objecte en moviment amb intenció indeterminada: zona esportiva
Y314;Caiguda, ajaguda o correguda davant o contra objecte en moviment amb intenció indeterminada: carrer i via pública
Y315;Caiguda, ajaguda o correguda davant o contra objecte en moviment amb intenció indeterminada: àrea comercial i de serveis
Y316;Caiguda, ajaguda o correguda davant o contra objecte en moviment amb intenció indeterminada: zona industrial i de construcció
Y317;Caiguda, ajaguda o correguda davant o contra objecte en moviment amb intenció indeterminada: granja
Y318;Caiguda, ajaguda o correguda davant o contra objecte en moviment amb intenció indeterminada: altres llocs especificats
Y319;Caiguda, ajaguda o correguda davant o contra objecte en moviment amb intenció indeterminada: lloc no especificat
Y320;Xoc de vehicle de motor amb intenció indeterminada: domicili
Y321;Xoc de vehicle de motor amb intenció indeterminada: institució residencial
Y322;Xoc de vehicle de motor amb intenció indeterminada: escola, altres institucions i àrees administratives públiques
Y323;Xoc de vehicle de motor amb intenció indeterminada: zona esportiva
Y324;Xoc de vehicle de motor amb intenció indeterminada: carrer i via pública
Y325;Xoc de vehicle de motor amb intenció indeterminada: àrea comercial i de serveis
Y326;Xoc de vehicle de motor amb intenció indeterminada: zona industrial i de construcció
Y327;Xoc de vehicle de motor amb intenció indeterminada: granja
Y328;Xoc de vehicle de motor amb intenció indeterminada: altres llocs especificats
Y329;Xoc de vehicle de motor amb intenció indeterminada: lloc no especificat
Y330;Altres fets especificats amb intenció indeterminada: domicili
Y331;Altres fets especificats amb intenció indeterminada: institució residencial
Y332;Altres fets especificats amb intenció indeterminada: escola, altres institucions i àrees administratives públiques
Y333;Altres fets especificats amb intenció indeterminada: zona esportiva
Y334;Altres fets especificats amb intenció indeterminada: carrer i via pública
Y335;Altres fets especificats amb intenció indeterminada: àrea comercial i de serveis
Y336;Altres fets especificats amb intenció indeterminada: zona industrial i de construcció
Y337;Altres fets especificats amb intenció indeterminada: granja
Y338;Altres fets especificats amb intenció indeterminada: altres llocs especificats
Y339;Altres fets especificats amb intenció indeterminada: lloc no especificat
Y340;Fet no especificat amb intenció indeterminada: domicili
Y341;Fet no especificat amb intenció indeterminada: institució residencial
Y342;Fet no especificat amb intenció indeterminada: escola, altres institucions i àrees administratives públiques
Y343;Fet no especificat amb intenció indeterminada: zona esportiva
Y344;Fet no especificat amb intenció indeterminada: carrer i via pública
Y345;Fet no especificat amb intenció indeterminada: àrea comercial i de serveis
Y346;Fet no especificat amb intenció indeterminada: zona industrial i de construcció
Y347;Fet no especificat amb intenció indeterminada: granja
Y348;Fet no especificat amb intenció indeterminada: altres llocs especificats
Y349;Fet no especificat amb intenció indeterminada: lloc no especificat
Y350;Intervenció legal amb tret d'arma de foc
Y351;Intervenció legal amb explosius
Y352;Intervenció legal amb gas
Y353;Intervenció legal amb objectes contundents
Y354;Intervenció legal amb objectes punxeguts
Y355;Execució legal
Y356;Intervenció legal amb altres mitjans especificats
Y357;Intervenció legal amb mitjans no especificats
Y360;Maniobres de guerra que impliquen explosió d'armes marines
Y361;Maniobres de guerra que impliquen destrucció d'aeronau
Y362;Maniobres de guerra que impliquen altres explosions i fragments
Y363;Maniobres de guerra que impliquen focs, incendis i substàncies roents
Y364;Maniobres de guerra que impliquen tret d'arma de foc i altres formes de guerra convencional
Y365;Maniobres de guerra que impliquen armes nuclears
Y366;Maniobres de guerra que impliquen armes biològiques
Y367;Maniobres de guerra que impliquen armes químiques i altres formes de guerra no convencional
Y368;Maniobres de guerra ocorregudes després d'haver cessat les hostilitats
Y369;Maniobres de guerra no especificades
Y400;Penicil·lines
Y401;Cefalosporines i altres antibiòtics ß-lactàmics
Y402;Grup del cloramfenicol
Y403;Macròlids
Y404;Tetraciclines
Y405;Aminoglicòsids
Y406;Rifamicines
Y407;Antibiòtics antifúngics utilitzats sistèmicament
Y408;Altres antibiòtics sistèmics
Y409;Antibiòtic sistèmic no especificat
Y410;Sulfonamides
Y411;Antimicobacterians
Y412;Antipalúdics i fàrmacs que actuen en altres protozous de la sang
Y413;Altres antiprotozoaris
Y414;Antihelmíntics
Y415;Antivírics
Y418;Altres antiparasitaris i antiinfecciosos sistèmics especificats
Y419;Antiparasitari i antiinfecciós sistèmics no especificats
Y420;Glucocorticoides i anàlegs sintètics
Y421;Hormones tiroïdals i substituts
Y422;Fàrmacs antitiroïdals
Y423;Insulina i fàrmacs hipoglucèmics orals [antidiabètics]
Y424;Contraceptius orals
Y425;Altres estrògens i progestàgens
Y426;Antigonadotròpics, antiestrògens i antiandrògens no classificats a cap altre lloc
Y427;Andrògens i congèneres anabòlics
Y428;Altres hormones i substituts sintètics, i hormones i substituts sintètics no especificats
Y429;Altres antagonistes hormonals i antagonistes hormonals no especificats
Y430;Antial·lèrgics i antiemètics
Y431;Antimetabòlits antineoplàstics
Y432;Productes naturals antineoplàstics
Y433;Altres antineoplàstics
Y434;Immunosupressors
Y435;Acidificants i alcalinitzants
Y436;Enzims no classificats a cap altre lloc
Y438;Altres agents d'acció principalment sistèmica no classificats a cap altre lloc
Y439;Agent d'acció principalment sistèmica no especificat
Y440;Preparats de ferro i altres preparats per a l'anèmia hipocròmica
Y441;Vitamina B12, àcid fòlic i altres preparats per a l'anèmia megaloblàstica
Y442;Anticoagulants
Y443;Antagonistes dels anticoagulants, la vitamina K i altres coagulants
Y444;Antitrombòtics [inhibidors de l'agregació plaquetària]
Y445;Trombolítics
Y446;Sang natural i hemoderivats
Y447;Substitutius del plasma
Y449;Altres agents que afecten els components sanguinis i agents no especificats que afecten els components sanguinis
Y450;Opioides i analgèsics relacionats
Y451;Salicilats
Y452;Derivats de l'àcid propiònic
Y453;Altres antiinflamatoris no esteroïdals [AINE]
Y454;Antireumàtics
Y455;Derivats del 4-aminofenol
Y458;Altres analgèsics i antipirètics
Y459;Analgèsic, antipirètic i antiinflamatori no especificats
Y460;Succinimides
Y461;Oxazolidinadiones
Y462;Derivats de la hidantoïna
Y463;Desoxibarbitúrics
Y464;Iminoestilbens
Y465;Àcid valproic
Y466;Altres antiepilèptics i antiepilèptics no especificats
Y467;Antiparkinsonians
Y468;Antiespàstics
Y470;Barbitúrics no classificats a cap altre lloc
Y471;Benzodiazepines
Y472;Derivats del cloral
Y473;Paraldehid
Y474;Compostos del brom
Y475;Mescla de sedants i hipnòtics no classificada a cap altre lloc
Y478;Altres sedants, hipnòtics i ansiolítics
Y479;Sedant, hipnòtic i ansiolític no especificats
Y480;Anestèsics inhalats
Y481;Anestèsics parenterals
Y482;Altres anestèsics generals i anestèsics generals no especificats
Y483;Anestèsics locals
Y484;Anestèsic no especificat
Y485;Gasos terapèutics
Y490;Antidepressius tricíclics i tetracíclics
Y491;Antidepressius inhibidors de la monoaminooxidasa
Y492;Altres antidepressius i antidepressius no especificats
Y493;Antipsicòtics i neurolèptics derivats de la fenotiazina
Y494;Butirofenona i neurolèptics derivats del tioxantè
Y495;Altres antipsicòtics i neurolèptics
Y496;Psicodislèptics [al·lucinògens]
Y497;Psicoestimulants amb abús potencial
Y498;Altres psicòtrops no classificats a cap altre lloc
Y499;Psicòtrop no especificat
Y500;Analèptics
Y501;Antagonistes dels receptors opiacis
Y502;Metilxantines no classificades a cap altre lloc
Y508;Altres estimulants del sistema nerviós central
Y509;Estimulant del sistema nerviós central no especificat
Y510;Agents anticolinesterasa
Y511;Altres parasimpaticomimètics [colinèrgics]
Y512;Medicaments blocadors ganglionars no classificats a cap altre lloc
Y513;Altres parasimpaticolítics [anticolinèrgics i antimuscarínics] i espasmolítics no classificats a cap altre lloc
Y514;Agonistes, sobretot alfa-adrenèrgics , no classificats a cap altre lloc
Y515;Agonistes, sobretot ß-adrenèrgics , no classificats a cap altre lloc
Y516;Antagonistes dels receptors alfa-adrenèrgics  no classificats a cap
Y517;Antagonistes dels receptors ß-adrenèrgics  no classificats a cap
Y518;Agents d'acció central i antiadrenèrgics no classificats a cap altre
Y519;Altres fàrmacs que actuen principalment en el sistema nerviós autònom i fàrmacs no especificats que actuen principalment en el sistema nerviós autònom
Y520;Glicòsids cardiotònics i fàrmacs d'acció similar
Y521;Blocadors dels canals del calci
Y522;Altres antiarítmics no classificats a cap altre lloc
Y523;Vasodilatadors coronaris no classificats a cap altre lloc
Y524;Inhibidors de l'enzim conversiu de l'angiotensina
Y525;Altres antihipertensius no classificats a cap altre lloc
Y526;Antilipèmics i antiarterioscleròtics
Y527;Vasodilatadors perifèrics
Y528;Antivaricosos, incloent els esclerosants
Y529;Altres agents que actuen principalment en l'aparell cardiovascular i agents no especificats que actuen principalment en l'aparell cardiovascular
Y530;Antagonistes dels receptors histaminèrgics H2
Y531;Altres antiàcids i antisecretors gàstrics
Y532;Laxants estimulants
Y533;Laxants salins i osmòtics
Y534;Altres laxants
Y535;Digestius
Y536;Antidiarreics
Y537;Emètics
Y538;Altres agents que actuen principalment en l'aparell gastrointestinal
Y539;Agent no especificat que actua principalment en l'aparell gastrointestinal
Y540;Mineralcorticoides
Y541;Antagonistes dels mineralcortioides [antagonistes de l'aldosterona]
Y542;Inhibidors de l'anhidrasa carbònica
Y543;Derivats de la benzotiadiazina
Y544;Diürètics de nansa [diürètics de sostre alt]
Y545;Altres diürètics
Y546;Agents de l'equilibri hidroelectrolític i calòric
Y547;Agents que actuen en la calcificació
Y548;Agents que actuen en el metabolisme de l'àcid úric
Y549;Sals minerals no classificades a cap altre lloc
Y550;Oxitòcics
Y551;Relaxants de la musculatura estriada [blocadors neuromusculars]
Y552;Altres agents que actuen principalment en els músculs i agents no especificats que actuen principalment en els músculs
Y553;Antitussígens
Y554;Expectorants
Y555;Fàrmacs contra el refredat comú
Y556;Antiasmàtics no classificats a cap altre lloc
Y557;Altres agents que actuen principalment en l'aparell respiratori i agents no especificats que actuen principalment en l'aparell respiratori
Y560;Antifúngics, antiinfecciosos i antiinflamatoris locals no classificats a cap altre lloc
Y561;Antipruents
Y562;Astringents i detergents locals
Y563;Emol·lients, demulcents i protectors
Y564;Queratolítics, queratoplàstics i altres fàrmacs i preparats per al tractament dels cabells
Y565;Fàrmacs i preparats oftalmològics
Y566;Fàrmacs i preparats otorinolaringològics
Y567;Fàrmacs dentals d'aplicació tòpica
Y568;Altres agents tòpics
Y569;Agent tòpic no especificat
Y570;Anorexígens [anorèctics]
Y571;Lipòtrops
Y572;Antídots i quelants no classificats a cap altre lloc
Y573;Dissuasius de la ingestió d'alcohol
Y574;Excipients farmacèutics
Y575;Medis de contrast en radiografia
Y576;Altres agents diagnòstics
Y577;Vitamines no classificades a cap altre lloc
Y578;Altres fàrmacs i medicaments
Y579;Fàrmac o medicament no especificat
Y580;Vacuna BCG
Y581;Vacuna contra la febre tifoide i paratifoide
Y582;Vacuna contra el còlera
Y583;Vacuna contra la pesta
Y584;Vacuna contra el tètanus
Y585;Vacuna contra la diftèria
Y586;Vacuna contra la tos ferina, incloses combinacions amb un component antipertússic
Y588;Vacunes bacterianes mixtes, excepte combinacions amb un component antipertússic
Y589;Altres vacunes bacterianes i vacunes bacterianes no especificades
Y590;Vacunes víriques
Y591;Vacunes rickettsianes
Y592;Vacunes protozoàries
Y593;Immunoglobulina
Y598;Altres vacunes i productes biològics especificats
Y599;Vacuna o producte biològic no especificats
Y600;Durant intervenció quirúrgica
Y601;Durant infusió o transfusió
Y602;Durant diàlisi renal o una altra perfusió
Y603;Durant injecció o immunització
Y604;Durant exploració endoscòpica
Y605;Durant cateterisme cardíac
Y606;Durant aspiració, punció i altres cateterismes
Y607;Durant administració d'ènema
Y608;Durant una altra assistència mèdica i quirúrgica
Y609;Durant assistència mèdica i quirúrgica no especificades
Y610;Durant intervenció quirúrgica
Y611;Durant infusió o transfusió
Y612;Durant diàlisi renal o una altra perfusió
Y613;Durant injecció o immunització
Y614;Durant exploració endoscòpica
Y615;Durant cateterisme cardíac
Y616;Durant aspiració, punció i altres cateterismes
Y617;Durant retirada de catèter o tamponament
Y618;Durant una altra assistència mèdica i quirúrgica
Y619;Durant assistència mèdica i quirúrgica no especificades
Y620;Durant intervenció quirúrgica
Y621;Durant infusió o transfusió
Y622;Durant diàlisi renal o una altra perfusió
Y623;Durant injecció o immunització
Y624;Durant exploració endoscòpica
Y625;Durant cateterisme cardíac
Y626;Durant aspiració, punció i altres cateterismes
Y628;Durant una altra assistència mèdica i quirúrgica
Y629;Durant assistència mèdica i quirúrgica no especificades
Y630;Quantitat excessiva de sang o d'altres líquids durant transfusió o infusió
Y631;Dilució incorrecta de líquids durant una infusió
Y632;Sobredosi de radiació durant teràpia
Y633;Exposició inadvertida del pacient a radiació durant assistència mèdica
Y634;Error de dosificació en teràpia electroconvulsiva o per xoc insulínic
Y635;Temperatura inadequada en aplicació local i apòsits
Y636;No administració de droga, fàrmac o producte biològic necessaris
Y638;Error de dosificació durant una altra assistència mèdica i quirúrgica
Y639;Error de dosificació durant assistència mèdica i quirúrgica no especificades
Y640;Producte mèdic o biològic contaminats administrats per transfusió o infusió
Y641;Producte mèdic o biològic contaminats injectats o emprats per a immunització
Y648;Producte mèdic o biològic contaminats administrats per altres mitjans
Y649;Producte mèdic o biològic contaminats administrats per mitjans no especificats
Y650;Incompatibilitat de sang en transfusió
Y651;Error de líquid en infusió
Y652;Fallada de sutura o de lligadura durant intervenció quirúrgica
Y653;Col·locació incorrecta de tub endotraqueal durant el procediment anestèsic
Y654;Fallada en introduir o en retirar altres tubs o instruments
Y655;Realització d'operació inadequada
Y658;Altres accidents iatrogènics especificats durant assistència mèdica i quirúrgica
Y700;Dispositius anestesiològics associats a incidents adversos: Dispositius de diagnòstic i monitoratge
Y701;Dispositius anestesiològics associats a incidents adversos: Dispositius terapèutics (no quirúrgics) i de rehabilitació
Y702;Dispositius anestesiològics associats a incidents adversos: Dispositius protètics i altres implants, materials i dispositius quirúrgics
Y703;Dispositius anestesiològics associats a incidents adversos: Instruments, materials i dispositius auxiliars (incloent sutures)
Y708;Dispositius anestesiològics associats a incidents adversos: Miscel·lània de dispositius no classificats a cap altre lloc
Y710;Dispositius cardiovasculars associats a incidents adversos: Dispositius de diagnòstic i monitoratge
Y711;Dispositius cardiovasculars associats a incidents adversos: Dispositius terapèutics (no quirúrgics) i de rehabilitació
Y712;Dispositius cardiovasculars associats a incidents adversos: Dispositius protètics i altres implants, materials i dispositius quirúrgics
Y713;Dispositius cardiovasculars associats a incidents adversos: Instruments, materials i dispositius quirúrgics (incloent sutures)
Y718;Dispositius cardiovasculars associats a incidents adversos: Miscel·lània de dispositius no classificats a cap altre lloc
Y720;Dispositius otorinolaringològics associats a incidents adversos: Dispositius de diagnòstic i monitoratge
Y721;Dispositius otorinolaringològics associats a incidents adversos: Dispositius terapèutics (no quirúrgics) i de rehabilitació
Y722;Dispositius otorinolaringològics associats a incidents adversos: Dispositius protètics i altres implants, materials i dispositius quirúrgics
Y723;Dispositius otorinolaringològics associats a incidents adversos: Instruments, materials i dispositius quirúrgics
Y728;Dispositius otorinolaringològics associats a incidents adversos: Miscel·lània de dispositius no classificats a cap altre lloc
Y730;Dispositius digestològics i urològics associats a incidents adversos: Dispositius de diagnòstic i monitoratge
Y731;Dispositius digestològics i urològics associats a incidents adversos: Dispositius terapèutics (no quirúrgics) i de rehabilitació
Y732;Dispositius digestològics i urològics associats a incidents adversos: Dispositius protètics i altres implants, materials i dispositius quirúrgics
Y733;Dispositius digestològics i urològics associats a incidents adversos: Instruments, materials i dispositius quirúrgics (incloent sutures)
Y738;Dispositius digestològics i urològics associats a incidents adversos: Miscel·lània de dispositius no classificats a cap altre lloc
Y740;Dispositius hospitalaris d'ús general i d'ús personal associats a incidents adversos: Dispositius de diagnòstic i monitoratge
Y741;Dispositius hospitalaris d'ús general i d'ús personal associats a incidents adversos: Dispositius terapèutics (no quirúrgics) i de rehabilitació
Y742;Dispositius hospitalaris d'ús general i d'ús personal associats a incidents adversos: Dispositius protètics i altres implants, materials i dispositius quirúrgics
Y743;Dispositius hospitalaris d'ús general i d'ús personal associats a incidents adversos: Instruments, materials i dispositius quirúrgics (incloent sutures)
Y748;Dispositius hospitalaris d'ús general i d'ús personal associats a incidents adversos: Miscel·lània de dispositius no classificats a cap altre lloc
Y750;Dispositius neurològics associats a incidents adversos: Dispositius de diagnòstic i monitoratge
Y751;Dispositius neurològics associats a incidents adversos: Dispositius terapèutics (no quirúrgics) i de rehabilitació
Y752;Dispositius neurològics associats a incidents adversos: Dispositius protètics i altres implants, materials i dispositius quirúrgics
Y753;Dispositius neurològics associats a incidents adversos: Instruments, materials i dispositius quirúrgics (incloent sutures)
Y758;Dispositius neurològics associats a incidents adversos: Miscel·lània de dispositius no classificats a cap altre lloc
Y760;Dispositius obstètrics i ginecològics associats a incidents adversos: Dispositius de diagnòstic i monitoratge
Y761;Dispositius obstètrics i ginecològics associats a incidents adversos: Dispositius terapèutics (no quirúrgics) i de rehabilitació
Y762;Dispositius obstètrics i ginecològics associats a incidents adversos: Dispositius protètics i altres implants, materials i dispositius quirúrgics
Y763;Dispositius obstètrics i ginecològics associats a incidents adversos: Instruments, materials i dispositius quirúrgics (incloent sutures)
Y768;Dispositius obstètrics i ginecològics associats a incidents adversos: Miscel·lània de dispositius no classificats a cap altre lloc
Y770;Dispositius oftàlmics associats a incidents adversos: Dispositius de diagnòstic i monitoratge
Y771;Dispositius oftàlmics associats a incidents adversos: Dispositius terapèutics (no quirúrgics) i de rehabilitació
Y772;Dispositius oftàlmics associats a incidents adversos: Dispositius protètics i altres implants, materials i dispositius quirúrgics
Y773;Dispositius oftàlmics associats a incidents adversos: Instruments, materials i dispositius quirúrgics (incloent sutures)
Y778;Dispositius oftàlmics associats a incidents adversos: Miscel·lània de dispositius no classificats a cap altre lloc
Y780;Dispositius radiològics associats a incidents adversos: Dispositius de diagnòstic i monitoratge
Y781;Dispositius radiològics associats a incidents adversos: Dispositius terapèutics (no quirúrgics) i de rehabilitació
Y782;Dispositius radiològics associats a incidents adversos: Dispositius protètics i altres implants, materials i dispositius quirúrgics
Y783;Dispositius radiològics associats a incidents adversos: Instruments, materials i dispositius quirúrgics (incloent sutures)
Y788;Dispositius radiològics associats a incidents adversos: Miscel·lània de dispositius no classificats a cap altre lloc
Y790;Dispositius ortopèdics associats a incidents adversos: Dispositius de diagnòstic i monitoratge
Y791;Dispositius ortopèdics associats a incidents adversos: Dispositius terapèutics (no quirúrgics) i de rehabilitació
Y792;Dispositius ortopèdics associats a incidents adversos: Dispositius protètics i altres implants, materials i dispositius quirúrgics
Y793;Dispositius ortopèdics associats a incidents adversos: Instruments, materials i dispositius quirúrgics (incloent sutures)
Y798;Dispositius ortopèdics associats a incidents adversos: Miscel·lània de dispositius no classificats a cap altre lloc
Y800;Dispositius de medicina física associats a incidents adversos: Dispositius de diagnòstic i monitoratge
Y801;Dispositius de medicina física associats a incidents adversos: Dispositius terapèutics (no quirúrgics) i de rehabilitació
Y802;Dispositius de medicina física associats a incidents adversos: Dispositius protètics i altres implants, materials i dispositius quirúrgics
Y803;Dispositius de medicina física associats a incidents adversos: Instruments, materials i dispositius quirúrgics (incloent sutures)
Y808;Dispositius de medicina física associats a incidents adversos: Miscel·lània de dispositius no classificats a cap altre lloc
Y810;Dispositius de cirurgia general i plàstica associats a incidents adversos: Dispositius de diagnòstic i monitoratge
Y811;Dispositius de cirurgia general i plàstica associats a incidents adversos: Dispositius terapèutics (no quirúrgics) i de rehabilitació
Y812;Dispositius de cirurgia general i plàstica associats a incidents adversos: Dispositius protètics i altres implants, materials i dispositius quirúrgics
Y813;Dispositius de cirurgia general i plàstica associats a incidents adversos: Instruments, materials i dispositius quirúrgics (incloent sutures)
Y818;Dispositius de cirurgia general i plàstica associats a incidents adversos: Miscel·lània de dispositius no classificats a cap altre lloc
Y820;Altres dispositius mèdics associats a incidents adversos i dispositius mèdics no especificats associats a incidents adversos: Dispositius de diagnòstic i monitoratge
Y821;Altres dispositius mèdics associats a incidents adversos i dispositius mèdics no especificats associats a incidents adversos: Dispositius terapèutics (no quirúrgics) i de rehabilitació
Y822;Altres dispositius mèdics associats a incidents adversos i dispositius mèdics no especificats associats a incidents adversos: Dispositius protètics i altres implants, materials i dispositius auxiliars
Y823;Altres dispositius mèdics associats a incidents adversos i dispositius mèdics no especificats associats a incidents adversos: Instruments, materials i dispositius quirúrgics (incloent sutures)
Y828;Altres dispositius mèdics associats a incidents adversos i dispositius mèdics no especificats associats a incidents adversos: Miscel·lània de dispositius no classificats a cap altre lloc
Y830;Intervenció quirúrgica amb trasplantament total d'òrgan
Y831;Intervenció quirúrgica amb implantació de dispositiu artificial intern
Y832;Intervenció quirúrgica amb anastomosi, derivació o empelt
Y833;Intervenció quirúrgica amb formació d'estoma extern
Y834;Altres tipus de cirurgia reconstructiva
Y835;Amputació d'extremitat -s
Y836;Extirpació d'un altre òrgan (parcial) (total)
Y838;Altres procediments quirúrgics
Y839;Procediment quirúrgic no especificat
Y840;Cateterisme cardíac
Y841;Diàlisi renal
Y842;Procediment radiològic i radioteràpia
Y843;Teràpia electroconvulsiva
Y844;Aspiració de líquid
Y845;Inserció de sonda gàstrica o duodenal
Y846;Cateterisme urinari
Y847;Extracció de sang
Y848;Altres procediments mèdics
Y849;Procediment mèdic no especificat
Y850;Seqüeles d'accident de vehicle de motor
Y859;Seqüeles d'altres accidents de mitjans de transport i seqüeles d'accidents de mitjans de transport no especificats
Y870;Seqüeles d'autolesió intencionada
Y871;Seqüeles d'agressió
Y872;Seqüeles de fets d'intenció indeterminada
Y880;Seqüeles de reaccions adverses a drogues, fàrmacs i productes biològics en procediments terapèutics
Y881;Seqüeles d'accidents iatrogènics en pacients durant procediments mèdics i quirúrgics
Y882;Seqüeles d'incidents adversos associats a dispositius mèdics en procediments diagnòstics i terapèutics
Y883;Seqüeles de procediments mèdics i quirúrgics com a causa de reacció anòmala del pacient o de complicació posterior, sense menció d'accident iatrogènic durant el procediment
Y890;Seqüeles d'intervenció legal
Y891;Seqüeles de maniobres de guerra
Y899;Seqüeles de causa externa no especificada
Y900;Nivell d'alcohol en sang inferior a 20 mg/100 ml
Y901;Nivell d'alcohol en sang de 20-39 mg/100 ml
Y902;Nivell d'alcohol en sang de 40-59 mg/100 ml
Y903;Nivell d'alcohol en sang de 60-79 mg/100 ml
Y904;Nivell d'alcohol en sang de 80-99 mg/100 ml
Y905;Nivell d'alcohol en sang de 100-119 mg/100 ml
Y906;Nivell d'alcohol en sang de 120-199 mg/100 ml
Y907;Nivell d'alcohol en sang de 200-239 mg/100 ml
Y908;Nivell d'alcohol en sang de 240 mg/100 ml o més
Y909;Presència d'alcohol en sang, nivell no especificat
Y910;Intoxicació alcohòlica lleu
Y911;Intoxicació alcohòlica moderada
Y912;Intoxicació alcohòlica greu
Y913;Intoxicació alcohòlica molt greu
Y919;Implicació d'alcohol no especificada
Z000;Revisió mèdica general
Z001;Revisió mèdica rutinària de l'infant
Z002;Revisió per període de creixement ràpid en la infància
Z003;Revisió mèdica per l'estat de desenvolupament de l'adolescent
Z004;Exploració psiquiàtrica general no classificada a cap altre lloc
Z005;Exploració de donant potencial d'òrgan i teixit
Z006;Revisió per a comparació i per a control en programa de recerca clínica
Z008;Altres revisions generals
Z010;Revisió ocular i visual
Z011;Revisió d'orella i d'audició
Z012;Revisió dental
Z013;Presa de la tensió arterial
Z014;Revisió ginecològica (general) (rutinària)
Z015;Proves diagnòstiques cutànies i de sensibilització
Z016;Exploració radiològica no classificada a cap altre lloc
Z017;Anàlisi
Z018;Altres exploracions especials especificades
Z019;Exploració especial no especificada
Z020;Revisió per a admissió a institució educativa
Z021;Revisió prèvia a ocupació de lloc de treball
Z022;Revisió per a admissió en institucions residencials
Z023;Revisió per a reclutament a les forces armades
Z024;Revisió per al carnet de conduir
Z025;Revisió per a participar en esports
Z026;Revisió per a l'assegurança
Z027;Lliurament de certificat mèdic
Z028;Altres revisions amb finalitats administratives
Z029;Revisió no especificada per a finalitats administratives
Z030;Observació per tuberculosi sospitada
Z031;Observació per neoplàsia maligna sospitada
Z032;Observació per trastorns mentals i trastorns del comportament sospitats
Z033;Observació per trastorn del sistema nerviós sospitat
Z034;Observació per infart de miocardi sospitat
Z035;Observació per altres malalties cardiovasculars sospitades
Z036;Observació per efectes tòxics sospitats a causa de substància ingerida
Z038;Observació per altres malalties i afeccions sospitades
Z039;Observació per malaltia o afecció sospitades no especificades
Z040;Anàlisis de sang per a detectar alcohol i drogues a l'organisme
Z041;Exploració i observació consecutives a accident de transport
Z042;Exploració i observació consecutives a accident de treball
Z043;Exploració i observació consecutives a altres accidents
Z044;Exploració i observació consecutives a presumpta violació i seducció
Z045;Exploració i observació consecutives a altres lesions infligides
Z046;Exploració psiquiàtrica general sol·licitada per les autoritats
Z048;Exploració i observació per altres motius especificats
Z049;Exploració i observació per motiu no especificat
Z080;Exploracions de seguiment després de cirurgia per neoplàsia maligna
Z081;Exploracions de seguiment després de radioteràpia per neoplàsia maligna
Z082;Exploracions de seguiment després de quimioteràpia per neoplàsia maligna
Z087;Exploracions de seguiment després de tractament combinat per neoplàsia maligna
Z088;Exploracions de seguiment després d'altres tractaments per neoplàsia maligna
Z089;Exploracions de seguiment després de tractament no especificat per neoplàsia maligna
Z090;Exploracions de seguiment després de cirurgia per altres afeccions
Z091;Exploracions de seguiment després de radioteràpia per altres afeccions
Z092;Exploracions de seguiment després de quimioteràpia per altres afeccions
Z093;Exploracions de seguiment després de psicoteràpia
Z094;Exploracions de seguiment després de tractament de fractura
Z097;Exploracions de seguiment després de tractament combinat per altres afeccions
Z098;Exploracions de seguiment després d'altres tractaments per altres afeccions
Z099;Exploracions de seguiment després de tractament no especificat per altres afeccions
Z100;Exploració professional
Z101;Reconeixement sistemàtic general rutinari de residents en institucions
Z102;Reconeixement sistemàtic general rutinari de les forces armades
Z103;Reconeixement sistemàtic general rutinari d'equips esportius
Z108;Reconeixement sistemàtic general rutinari d'altres subpoblacions definides
Z110;Estudi de cribratge especial de malalties infeccioses intestinals
Z111;Estudi de cribratge especial de tuberculosi respiratòria
Z112;Estudi de cribratge especial d'altres malalties bacterianes
Z113;Estudi de cribratge especial d'infeccions que es transmeten sobretot sexualment
Z114;Estudi de cribratge especial del virus de la immunodeficiència humana [VIH]
Z115;Estudi de cribratge especial d'altres malalties víriques
Z116;Estudi de cribratge especial d'altres protozoosis i helmintosis
Z118;Estudi de cribratge especial d'altres malalties infeccioses i parasitàries
Z119;Estudi de cribratge especial de malalties infeccioses i parasitàries no especificades
Z120;Estudi de cribratge especial de neoplàsia d'estómac
Z121;Estudi de cribratge especial de neoplàsia de tracte intestinal
Z122;Estudi de cribratge especial de neoplàsia d'òrgans respiratoris
Z123;Estudi de cribratge especial de neoplàsia de mama
Z124;Estudi de cribratge especial de neoplàsia de coll uterí
Z125;Estudi de cribratge especial de neoplàsia de pròstata
Z126;Estudi de cribratge especial de neoplàsia de bufeta urinària
Z128;Estudi de cribratge especial de neoplàsies d'altres localitzacions
Z129;Estudi de cribratge especial de neoplàsia no especificada
Z130;Estudi de cribratge especial de malalties de la sang i els òrgans hematopoètics i determinats trastorns que afecten el mecanisme immunitari
Z131;Estudi de cribratge especial de diabetis mellitus
Z132;Estudi de cribratge especial de trastorns nutricionals
Z133;Estudi de cribratge especial de trastorns mentals i trastorns del comportament
Z134;Estudi de cribratge especial de determinats trastorns del desenvolupament en la infància
Z135;Estudi de cribratge especial de trastorns de l'ull i l'orella
Z136;Estudi de cribratge especial de trastorns cardiovasculars
Z137;Estudi de cribratge especial de malformacions congènites, deformitats congènites i anomalies cromosòmiques congènites
Z138;Estudi de cribratge especial d'altres malalties i trastorns especificats
Z139;Estudi de cribratge especial no especificat
Z200;Contacte i exposició a malalties infeccioses intestinals
Z201;Contacte i exposició a tuberculosi
Z202;Contacte i exposició a infeccions que es transmeten sobretot sexualment
Z203;Contacte i exposició a la ràbia
Z204;Contacte i exposició a la rubèola
Z205;Contacte i exposició a hepatitis vírica
Z206;Contacte i exposició al virus de la immunodeficiència humana [VIH]
Z207;Contacte i exposició a pediculosi, acarosi i altres infestacions
Z208;Contacte i exposició a altres malalties contagioses
Z209;Contacte i exposició a malalties contagioses no especificades
Z220;Portador de febre tifoide
Z221;Portador d'altres malalties infeccioses intestinals
Z222;Portador de diftèria
Z223;Portador d'altres malalties bacterianes especificades
Z224;Portador d'infeccions que es transmeten sobretot sexualment
Z225;Portador d'hepatitis vírica
Z226;Portador de la infecció del virus limfotròfic de limfòcits T humans de tipus 1 VLTH-1/HTLV-1
Z228;Portador d'altres malalties infeccioses
Z229;Portador de malaltia infecciosa no especificada
Z230;Necessitat d'immunització únicament contra còlera
Z231;Necessitat d'immunització únicament contra febre tifoide-paratifoide [TAB]
Z232;Necessitat d'immunització contra tuberculosi [BCG]
Z233;Necessitat d'immunització contra la pesta
Z234;Necessitat d'immunització contra tularèmia
Z235;Necessitat d'immunització únicament contra tètanus
Z236;Necessitat d'immunització únicament contra diftèria
Z237;Necessitat d'immunització únicament contra tos ferina
Z238;Necessitat d'immunització contra alguna altra única malaltia bacteriana
Z240;Necessitat d'immunització contra poliomelitis
Z241;Necessitat d'immunització contra encefalitis vírica transmesa per artròpodes
Z242;Necessitat d'immunització contra la ràbia
Z243;Necessitat d'immunització contra la febre groga
Z244;Necessitat d'immunització únicament contra el xarampió
Z245;Necessitat d'immunització únicament contra la rubèola
Z246;Necessitat d'immunització contra hepatitis vírica
Z250;Necessitat d'immunització únicament contra parotiditis
Z251;Necessitat d'immunització contra la grip
Z258;Necessitat d'immunització contra altres malalties víriques soles especificades
Z260;Necessitat d'immunització contra leishmaniosi
Z268;Necessitat d'immunització contra altres malalties infeccioses soles especificades
Z269;Necessitat d'immunització contra malaltia infecciosa no especificada
Z270;Necessitat d'immunització contra còlera amb febre tifoide-paratifoide [còlera + TAB]
Z271;Necessitat d'immunització contra diftèria, tètanus i tos ferina [DTPa] combinades
Z272;Necessitat d'immunització contra diftèria, tètanus i tos ferina amb febre tifoide-paratifoide [DTPa + TAB]
Z273;Necessitat d'immunització contra diftèria, tètanus i tos ferina amb poliomelitis [DTPa + pòlio]
Z274;Necessitat d'immunització contra xarampió, rubèola i parotiditis [TV] [XRP]
Z278;Necessitat d'immunització contra altres combinacions de malalties infeccioses
Z279;Necessitat d'immunització contra combinacions no especificades de malalties infeccioses
Z280;Immunització no realitzada per contraindicació
Z281;Immunització no realitzada per decisió del pacient per raons religioses o de pressió de grup
Z282;Immunització no realitzada per decisió del pacient per altres raons i per raons no especificades
Z288;Immunització no realitzada per altres raons
Z289;Immunització no realitzada per raó no especificada
Z290;Aïllament
Z291;Immunoteràpia profilàctica
Z292;Altres quimioteràpies profilàctiques
Z298;Altres mesures profilàctiques especificades
Z299;Mesura profilàctica no especificada
Z300;Aconsellament i orientació generals sobre la contracepció
Z301;Inserció de dispositiu contraceptiu (intrauterí)
Z302;Esterilització
Z303;Extracció menstrual
Z304;Control de fàrmacs contraceptius
Z305;Control de dispositiu contraceptiu (intrauterí)
Z308;Altres tractaments contraceptius
Z309;Tractament contraceptiu no especificat
Z310;Salpingoplàstia o vasoplàstia després d'esterilització prèvia
Z311;Inseminació artificial
Z312;Fecundació in vitro
Z313;Altres mètodes de fecundació assistida
Z314;Estudis i proves de la reproducció
Z315;Aconsellament genètic
Z316;Aconsellament i orientació generals sobre la reproducció
Z318;Altres tractaments de la reproducció
Z319;Tractament de la reproducció no especificat
Z320;Embaràs no confirmat (encara)
Z321;Embaràs confirmat
Z340;Supervisió de primer embaràs normal
Z348;Supervisió d'altres embarassos normals
Z349;Supervisió d'embaràs normal no especificat
Z350;Supervisió d'embaràs amb antecedents d'infertilitat
Z351;Supervisió d'embaràs amb antecedents de resultats abortius
Z352;Supervisió d'embaràs amb altres antecedents reproductius o obstètrics patològics
Z353;Supervisió d'embaràs amb antecedents d'assistència prenatal insuficient
Z354;Supervisió d'embaràs amb gran multiparitat
Z355;Supervisió de primigràvida gran
Z356;Supervisió de primigràvida molt jove
Z357;Supervisió d'embaràs de risc elevat a causa de problemes socials
Z358;Supervisió d'altres embarassos de risc elevat
Z359;Supervisió d'embaràs de risc elevat no especificat
Z360;Cribratge prenatal per a detectar anomalies cromosòmiques
Z361;Cribratge prenatal per a detectar un augment del nivell d'alfafetoproteïnes
Z362;Altres cribratges prenatals basats en l'amniocentesi
Z363;Cribratge prenatal per a detectar malformacions mitjançant ecografies i altres mètodes físics
Z364;Cribratge prenatal per a detectar retard en el creixement fetal mitjançant ecografies i altres mètodes físics
Z365;Cribratge prenatal per a detectar isoimmunització
Z368;Altres cribratges prenatals
Z369;Cribratge prenatal no especificat
Z370;Nadó únic nascut viu
Z371;Nadó únic nascut mort
Z372;Bessons, ambdós nascuts vius
Z373;Bessons, un nascut viu i l'altre nascut mort
Z374;Bessons, ambdós nascuts morts
Z375;Altres parts múltiples, tots els nadons nascuts vius
Z376;Altres parts múltiples, algun nadó nascut viu
Z377;Altres parts múltiples, tots els nadons nascuts morts
Z379;Resultat del part no especificat
Z380;Nadó únic nascut a l'hospital
Z381;Nadó únic nascut fora de l'hospital
Z382;Nadó únic amb lloc de naixement no especificat
Z383;Bessons nascuts a l'hospital
Z384;Bessons nascuts fora de l'hospital
Z385;Bessons amb lloc de naixement no especificat
Z386;Altres nadons d'embaràs múltiple nascuts a l'hospital
Z387;Altres nadons d'embaràs múltiple nascuts fora de l'hospital
Z388;Altres nadons d'embaràs múltiple amb lloc de naixement no especificat
Z390;Assistència i exploració immediatament després del part
Z391;Assistència i exploració de la mare en període de lactància
Z392;Seguiment rutinari postpart
Z400;Cirurgia profilàctica per factors de risc relacionats amb neoplàsies malignes
Z408;Altres cirurgies profilàctiques
Z409;Cirurgia profilàctica no especificada
Z410;Trasplantament de cabells
Z411;Altres tipus de cirurgia plàstica per raons estètiques
Z412;Circumsició rutinària i ritual
Z413;Perforació del lòbul de l'orella
Z418;Altres procediments amb finalitats diferents de la de proporcionar salut
Z419;Procediment amb finalitats diferents de la de proporcionar salut no
Z420;Assistència de seguiment que implica cirurgia plàstica de cap i el coll
Z421;Assistència de seguiment que implica cirurgia plàstica de mama
Z422;Assistència de seguiment que implica cirurgia plàstica d'altres parts del tronc
Z423;Assistència de seguiment que implica cirurgia plàstica d'extremitat superior
Z424;Assistència de seguiment que implica cirurgia plàstica d'extremitat inferior
Z428;Assistència de seguiment que implica cirurgia plàstica d'altres parts del cos
Z429;Assistència de seguiment no especificada que implica cirurgia plàstica
Z430;Cura de traqueostomia
Z431;Cura de gastrostomia
Z432;Cura d'ileostomia
Z433;Cura de colostomia
Z434;Cura d'altres obertures artificials del tub digestiu
Z435;Cura de cistostomia
Z436;Cura d'altres obertures artificials del tracte urinari
Z437;Cura de vagina artificial
Z438;Cura d'altres obertures artificials
Z439;Cura d'obertura artificial no especificada
Z440;Col·locació i ajustament de braç artificial (complet) (parcial)
Z441;Col·locació i ajustament de cama artificial (completa) (parcial)
Z442;Col·locació i ajustament d'ull artificial
Z443;Col·locació i ajustament de pròtesi mamària externa
Z448;Col·locació i ajustament d'altres dispositius protètics externs
Z449;Col·locació i ajustament de dispositiu protètic extern no especificat
Z450;Ajustament i control de marcapassos cardíac
Z451;Ajustament i control de bomba d'infusió
Z452;Ajustament i control de dispositiu d'accés vascular
Z453;Ajustament i control d'audiòfon implantat
Z458;Ajustament i control d'altres dispositius implantats
Z459;Ajustament i control de dispositiu implantat no especificat
Z460;Col·locació i ajustament d'ulleres i lents de contacte
Z461;Col·locació i ajustament d'audiòfon
Z462;Col·locació i ajustament d'altres dispositius relacionats amb el sistema nerviós i els sentits especials
Z463;Col·locació i ajustament de dispositiu protètic dental
Z464;Col·locació i ajustament de dispositiu ortodòntic
Z465;Col·locació i ajustament d'ileostomia i altres dispositius intestinals
Z466;Col·locació i ajustament de dispositiu urinari
Z467;Col·locació i ajustament de dispositiu ortopèdic
Z468;Col·locació i ajustament d'altres dispositius especificats
Z469;Col·locació i ajustament de dispositiu no especificat
Z470;Assistència de seguiment que implica extracció de placa de fractura i altres dispositius de fixació interna
Z478;Altres assistències de seguiment de dispositius ortopèdics
Z479;Assistència de seguiment de dispositius ortopèdics no especificada
Z480;Cura d'apòsits i sutures quirúrgics
Z488;Altres assistències de seguiment quirúrgic especificades
Z489;Assistència de seguiment quirúrgic no especificada
Z490;Assistència preparatòria per a diàlisi
Z491;Diàlisi extracorpòria
Z492;Altres diàlisis
Z500;Rehabilitació cardíaca
Z501;Altres fisioteràpies
Z502;Rehabilitació de l'alcohol
Z503;Rehabilitació de les drogues
Z504;Psicoteràpia no classificada a cap altre lloc
Z505;Ortofonia [teràpia de la parla]
Z506;Entrenament ortòptic
Z507;Teràpia ocupacional i rehabilitació professional no classificades a cap altre lloc
Z508;Assistència que implica l'ús d'altres procediments de rehabilitació
Z509;Assistència que implica l'ús de procediment de rehabilitació no especificat
Z510;Sessió de radioteràpia
Z511;Sessió de quimioteràpia per a neoplàsia
Z512;Altres quimioteràpies
Z513;Transfusió de sang sense diagnòstic enregistrat
Z514;Assistència preparatòria per a tractament subsegüent no classificada a cap altre lloc
Z515;Cures pal·liatives
Z516;Dessensibilització contra al·lergògens
Z518;Altres assistències mèdiques especificades
Z519;Assistència mèdica no especificada
Z520;Donant de sang
Z521;Donant de pell
Z522;Donant d'os
Z523;Donant de medul·la òssia
Z524;Donant de ronyó
Z525;Donant de còrnia
Z526;Donant de fetge
Z527;Donant de cor
Z528;Donant d'altres òrgans i teixits
Z529;Donant d'òrgan o teixit no especificats
Z530;Procediment no realitzat per contraindicació
Z531;Procediment no realitzat per decisió del pacient per raons religioses o de pressió de grup
Z532;Procediment no realitzat per decisió del pacient per altres raons i per raons no especificades
Z538;Procediment no realitzat per altres raons
Z539;Procediment no realitzat per raó no especificada
Z540;Convalescència consecutiva a cirurgia
Z541;Convalescència consecutiva a radioteràpia
Z542;Convalescència consecutiva a quimioteràpia
Z543;Convalescència consecutiva a psicoteràpia
Z544;Convalescència consecutiva a tractament de fractura
Z547;Convalescència consecutiva a tractament combinat
Z548;Convalescència consecutiva a altres tractaments
Z549;Convalescència consecutiva a tractament no especificat
Z550;Analfabetisme i nivell baix d'alfabetització
Z551;Escolarització no disponible i inabastable
Z552;Exàmens suspesos
Z553;Fracàs escolar
Z554;Inadaptació escolar i desavinença amb mestres i companys de classe
Z558;Altres problemes relacionats amb l'educació i l'alfabetització
Z559;Problema relacionat amb l'educació i l'alfabetització no especificat
Z560;Atur no especificat
Z561;Canvi de feina
Z562;Amenaça de perdre la feina
Z563;Horari laboral estressant
Z564;Desavinença amb el cap i els companys de feina
Z565;Insatisfacció amb la feina
Z566;Altres tensions físiques i mentals relacionades amb la feina
Z567;Altres problemes relacionats amb la feina i problemes relacionats amb la feina no especificats
Z570;Exposició per causa professional al soroll
Z571;Exposició per causa professional a radiació
Z572;Exposició per causa professional a la pols
Z573;Exposició per causa professional a altres contaminants de l'aire
Z574;Exposició per causa professional a agents tòxics en agricultura
Z575;Exposició per causa professional a agents tòxics en altres sectors
Z576;Exposició per causa professional a temperatura extrema
Z577;Exposició per causa professional a vibració
Z578;Exposició per causa professional a altres factors de risc
Z579;Exposició per causa professional a factor de risc no especificat
Z580;Exposició al soroll
Z581;Exposició a contaminació atmosfèrica
Z582;Exposició a contaminació de l'aigua
Z583;Exposició a contaminació del sòl
Z584;Exposició a radiació
Z585;Exposició a altres contaminacions
Z586;Subministrament inadequat d'aigua potable
Z587;Exposició al fum del tabac
Z588;Altres problemes relacionats amb l'entorn físic
Z589;Problema relacionat amb l'entorn físic no especificat
Z590;Absència de llar
Z591;Habitatge inadequat
Z592;Desavinença amb veïns, arrendataris i arrendador
Z593;Problemes relacionats amb la vida en una institució residencial
Z594;Falta de menjar adequat
Z595;Pobresa extrema
Z596;Ingressos baixos
Z597;Assegurança social i benestar social insuficients
Z598;Altres problemes relacionats amb circumstàncies econòmiques i d'habitatge
Z599;Problema no especificat relacionat amb circumstàncies econòmiques i d'habitatge
Z600;Problemes d'adaptació als canvis de cicle de la vida
Z601;Situació parental atípica
Z602;Viure sol
Z603;Dificultat d'aculturació
Z604;Exclusió i rebuig socials
Z605;Objectiu de discriminació i persecució hostils
Z608;Altres problemes relacionats amb l'entorn social
Z609;Problema relacionat amb l'entorn social no especificat
Z610;Pèrdua d'un ésser estimat en la infància
Z611;Marxa de casa en la infància
Z612;Patró alterat de relacions familiars en la infància
Z613;Esdeveniments que comporten pèrdua d'autoestima en la infància
Z614;Problemes relacionats amb presumpte abús sexual de l'infant per part d'una persona del seu entorn més proper
Z615;Problemes relacionats amb presumpte abús sexual de l'infant per part d'una persona de fora del seu entorn més proper
Z616;Problemes relacionats amb presumpte maltractament físic de l'infant
Z617;Experiència personal aterridora en la infància
Z618;Altres esdeveniments de la vida negatius en la infància
Z619;Esdeveniment de la vida negatiu en la infància no especificat
Z620;Supervisió i control inadequats per part dels pares
Z621;Sobreprotecció dels pares
Z622;Educació institucional
Z623;Hostilitat i derivació injusta de culpes cap a l'infant
Z624;Maltractament emocional de l'infant
Z625;Altres problemes relacionats amb la desatenció en l'educació
Z626;Pressió parental inadequada i altres qualitats anòmales de l'educació
Z628;Altres problemes especificats relacionats amb l'educació
Z629;Problema relacionat amb l'educació no especificat
Z630;Problemes en la relació amb el cònjuge o la parella
Z631;Problemes en la relació amb els pares i la família política
Z632;Suport familiar inadequat
Z633;Absència de membre familiar
Z634;Desaparició i mort de membre familiar
Z635;Ruptura familiar per separació i divorci
Z636;Familiar dependent que necessita assistència a casa
Z637;Altres esdeveniments de la vida estressants que afecten la família i l'entorn proper
Z638;Altres problemes especificats relacionats amb l'entorn més proper
Z639;Problema no especificat relacionat amb l'entorn més proper
Z640;Problemes relacionats amb embaràs no desitjat
Z641;Problemes relacionats amb multiparitat
Z642;Cerca i acceptació d'intervencions físiques, nutricionals i químiques sabent que són perilloses i nocives
Z643;Sol·licitud i acceptació d'intervencions psicològiques i de comportament sabent que són perilloses i nocives
Z644;Desavinença amb orientadors
Z650;Condemna en causes civils o penals sense empresonament
Z651;Empresonament i altres internaments
Z652;Problemes relacionats amb l'excarceració
Z653;Problemes relacionats amb altres circumstàncies legals
Z654;Víctima de delicte i terrorisme
Z655;Exposició a catàstrofe, guerra i altres hostilitats
Z658;Altres problemes especificats relacionats amb circumstàncies psicosocials
Z659;Problema relacionat amb circumstàncies psicosocials no especificades
Z700;Aconsellament relacionat amb l'actitud sexual
Z701;Aconsellament relacionat amb el comportament i l'orientació sexuals del pacient
Z702;Aconsellament relacionat amb el comportament i l'orientació sexuals d'una tercera persona
Z703;Aconsellament relacionat amb la combinació de preocupacions per l'actitud, el comportament i l'orientació sexuals
Z708;Altres aconsellaments sexuals
Z709;Aconsellament sexual no especificat
Z710;Persona que consulta en nom d'una altra
Z711;Persona temorosa de patir alguna afecció o malaltia i a la qual no s'ha realitzat cap diagnòstic
Z712;Persona que consulta perquè li expliquin els resultats de proves
Z713;Control i aconsellament dietètics
Z714;Control i aconsellament sobre l'abús d'alcohol
Z715;Control i aconsellament sobre l'abús de drogues
Z716;Aconsellament sobre abús de tabac
Z717;Aconsellament sobre el virus de la immunodeficiència humana [VIH]
Z718;Altres aconsellaments especificats
Z719;Aconsellament no especificat
Z720;Consum de tabac
Z721;Consum d'alcohol
Z722;Consum de drogues
Z723;Falta d'exercici físic
Z724;Hàbits alimentaris i dieta inadequats
Z725;Conducta sexual d'alt risc
Z726;Jocs i apostes
Z728;Altres problemes relacionats amb l'estil de vida
Z729;Problema no especificat relacionat amb l'estil de vida
Z730;Esgotament
Z731;Accentuació dels trets de la personalitat
Z732;Falta de relaxació i oci
Z733;Estrès no classificat a cap altre lloc
Z734;Habilitats socials inadequades no classificades a cap altre lloc
Z735;Conflicte de rol social no classificat a cap altre lloc
Z736;Limitació d'activitats a causa de discapacitat
Z738;Altres problemes relacionats amb la dificultat de gestionar la vida
Z739;Problema no especificat relacionat amb la dificultat de gestionar la vida
Z740;Mobilitat reduïda
Z741;Necessitat d'assistència en atenció personal
Z742;Necessitat d'assistència domiciliària quan no hi ha cap persona de l'entorn proper que pugui cuidar la persona que ho necessita
Z743;Necessitat de supervisió continuada
Z748;Altres problemes relacionats amb dependència del cuidador
Z749;Problema no especificat relacionat amb dependència del cuidador
Z750;Falta de disponibilitat de serveis sanitaris a casa
Z751;Persona que espera l'ingrés en centre adequat en un altre lloc
Z752;Altres períodes d'espera per a proves i tractament
Z753;Inaccessibilitat i falta de disponibilitat dels serveis sanitaris
Z754;Inaccessibilitat i falta de disponibilitat d'altres institucions de suport
Z755;Servei de suport al cuidador
Z758;Altres problemes relacionats amb els serveis sanitaris i altres tipus d'assistència mèdica
Z759;Problema no especificat relacionat amb els serveis sanitaris i altres tipus d'assistència mèdica
Z760;Lliurament de recepta repetida
Z761;Revisió mèdica i assistència d'expòsit
Z762;Revisió mèdica i assistència d'altres nadons i infants sans
Z763;Persona sana que acompanya persona malalta
Z764;Altres interns en serveis sanitaris
Z765;Simulador [simulació conscient]
Z768;Persones que entren en contacte amb els serveis sanitaris en altres circumstàncies especificades
Z769;Persones que entren en contacte amb els serveis sanitaris en circumstàncies no especificades
Z800;Antecedents familiars de neoplàsia maligna d'òrgans digestius
Z801;Antecedents familiars de neoplàsia maligna de tràquea, bronqui i pulmó
Z802;Antecedents familiars de neoplàsia maligna d'altres òrgans respiratoris i intratoràcics
Z803;Antecedents familiars de neoplàsia maligna de mama
Z804;Antecedents familiars de neoplàsia maligna d'òrgans genitals
Z805;Antecedents familiars de neoplàsia maligna de tracte urinari
Z806;Antecedents familiars de leucèmia
Z807;Antecedents familiars d'altres neoplàsies malignes de teixit limfàtic i hematopoètic i teixits relacionats
Z808;Antecedents familiars de neoplàsia maligna d'altres òrgans, sistemes o aparells
Z809;Antecedents familiars de neoplàsia maligna no especificada
Z810;Antecedents familiars de retard mental
Z811;Antecedents familiars d'abús d'alcohol
Z812;Antecedents familiars d'abús de tabac
Z813;Antecedents familiars d'abús d'altres substàncies psicoactives
Z814;Antecedents familiars d'abús d'altres substàncies
Z818;Antecedents familiars d'altres trastorns mentals i trastorns del comportament
Z820;Antecedents familiars d'epilèpsia i altres malalties del sistema nerviós
Z821;Antecedents familiars de ceguesa i pèrdua de visió
Z822;Antecedents familiars de sordesa i pèrdua d'audició
Z823;Antecedents familiars d'accident vascular cerebral
Z824;Antecedents familiars de cardiopatia isquèmica i altres malalties de l'aparell circulatori
Z825;Antecedents familiars d'asma i altres malalties cròniques de les vies respiratòries baixes
Z826;Antecedents familiars d'artritis i altres malalties del sistema musculoesquelètic i el teixit connectiu
Z827;Antecedents familiars de malformacions congènites, deformitats congènites i anomalies cromosòmiques congènites
Z828;Antecedents familiars d'altres discapacitats i malalties cròniques que porten a incapacitat no classificades a cap altre lloc
Z830;Antecedents familiars de malaltia pel virus de la immunodeficiència humana [VIH]
Z831;Antecedents familiars d'altres malalties infeccioses i parasitàries
Z832;Antecedents familiars de malalties de la sang i els òrgans hematopoètics i de determinats trastorns que afecten el mecanisme immunitari
Z833;Antecedents familiars de diabetis mellitus
Z834;Antecedents familiars d'altres malalties endocrines, nutricionals i metabòliques
Z835;Antecedents familiars de trastorns de l'ull i l'orella
Z836;Antecedents familiars de malalties de l'aparell respiratori
Z837;Antecedents familiars de malalties de l'aparell digestiu
Z840;Antecedents familiars de malalties de la pell i el teixit subcutani
Z841;Antecedents familiars de trastorns del ronyó i l'urèter
Z842;Antecedents familiars d'altres malalties de l'aparell genitourinari
Z843;Antecedents familiars de consanguinitat
Z848;Antecedents familiars d'altres afeccions especificades
Z850;Antecedents personals de neoplàsia maligna d'òrgans digestius
Z851;Antecedents personals de neoplàsia maligna de tràquea, bronqui i pulmó
Z852;Antecedents personals de neoplàsia maligna d'altres òrgans respiratoris i intratoràcics
Z853;Antecedents personals de neoplàsia maligna de mama
Z854;Antecedents personals de neoplàsia maligna d'òrgans genitals
Z855;Antecedents personals de neoplàsia maligna de tracte urinari
Z856;Antecedents personals de leucèmia
Z857;Antecedents personals d'altres neoplàsies malignes de teixit limfàtic i hematopoètic i teixits relacionats
Z858;Antecedents personals de neoplàsies malignes d'altres òrgans, sistemes o aparells
Z859;Antecedents personals de neoplàsia maligna no especificada
Z860;Antecedents personals d'altres neoplàsies
Z861;Antecedents personals de malalties infeccioses i parasitàries
Z862;Antecedents personals de malalties de la sang i els òrgans hematopoètics i de determinats trastorns que afecten el mecanisme immunitari
Z863;Antecedents personals de malalties endocrines, nutricionals i metabòliques
Z864;Antecedents personals d'abús de substàncies psicoactives
Z865;Antecedents personals d'altres trastorns mentals i trastorns del comportament
Z866;Antecedents personals de malalties del sistema nerviós i dels òrgans dels sentits
Z867;Antecedents personals de malalties de l'aparell circulatori
Z870;Antecedents personals de malalties de l'aparell respiratori
Z871;Antecedents personals de malalties de l'aparell digestiu
Z872;Antecedents personals de malalties de la pell i el teixit subcutani
Z873;Antecedents personals de malalties del sistema musculoesquelètic i el teixit connectiu
Z874;Antecedents personals de malalties de l'aparell genitourinari
Z875;Antecedents personals de complicacions de l'embaràs, el part i el puerperi
Z876;Antecedents personals de determinades afeccions originades en el període perinatal
Z877;Antecedents personals de malformacions congènites, deformitats congènites i anomalies cromosòmiques congènites
Z878;Antecedents personals d'altres afeccions especificades
Z880;Antecedents personals d'al·lèrgia a la penicil·lina
Z881;Antecedents personals d'al·lèrgia a altres antibiòtics
Z882;Antecedents personals d'al·lèrgia a les sulfonamides
Z883;Antecedents personals d'al·lèrgia a altres antiinfecciosos
Z884;Antecedents personals d'al·lèrgia a anestèsic
Z885;Antecedents personals d'al·lèrgia a narcòtic
Z886;Antecedents personals d'al·lèrgia a analgèsic
Z887;Antecedents personals d'al·lèrgia a sèrum i vacuna
Z888;Antecedents personals d'al·lèrgia a altres fàrmacs, medicaments i productes biològics
Z889;Antecedents personals d'al·lèrgia a fàrmacs, medicaments i productes biològics no especificats
Z890;Absència adquirida unilateral de dit -s de la mà [inclòs el polze]
Z891;Absència adquirida de mà i canell
Z892;Absència adquirida d'extremitat superior per sobre el canell
Z893;Absència adquirida d'ambdues extremitats superiors [qualsevol nivell]
Z894;Absència adquirida de peu i turmell
Z895;Absència adquirida de cama a l'alçada del genoll o per sota
Z896;Absència adquirida de cama per sobre el genoll
Z897;Absència adquirida d'ambdues extremitats inferiors [qualsevol nivell, excepte dits del peu únicament]
Z898;Absència adquirida d'extremitats superiors i inferiors [qualsevol nivell]
Z899;Absència adquirida d'extremitat no especificada
Z900;Absència adquirida de part del cap i el coll
Z901;Absència adquirida de mama -es
Z902;Absència adquirida de [part de] pulmó
Z903;Absència adquirida de part de l'estómac
Z904;Absència adquirida d'altres parts del tub digestiu
Z905;Absència adquirida de ronyó
Z906;Absència adquirida d'altres òrgans del tracte urinari
Z907;Absència adquirida d'òrgan -s genital -s
Z908;Absència adquirida d'altres òrgans
Z910;Antecedents personals d'al·lèrgia, excepte al·lèrgia a fàrmacs i productes biològics
Z911;Antecedents personals d'incompliment de pauta i tractament mèdics
Z912;Antecedents personals d'higiene personal deficient
Z913;Antecedents personals d'horari de son i vigília poc saludable
Z914;Antecedents personals de trauma psicològic no classificats a cap altre lloc
Z915;Antecedents personals d'autolesió
Z916;Antecedents personals d'altres traumatismes físics
Z918;Antecedents personals d'altres factors de risc especificats no classificats a cap altre lloc
Z920;Antecedents personals de contracepció
Z921;Antecedents personals d'ús d'anticoagulants a llarg termini (actual)
Z922;Antecedents personals d'ús d'altres medicaments a llarg termini (actual)
Z923;Antecedents personals d'irradiació
Z924;Antecedents personals de cirurgia major no classificats a cap altre
Z925;Antecedents personals de mesures de rehabilitació
Z926;Antecedents personals de quimioteràpia per malaltia neoplàstica
Z928;Antecedents personals d'altres tractaments mèdics
Z929;Antecedents personals de tractament mèdic no especificats
Z930;Estat de traqueostomia
Z931;Estat de gastrostomia
Z932;Estat d'ileostomia
Z933;Estat de colostomia
Z934;Altres estats d'obertures artificials del tub digestiu
Z935;Estat de cistostomia
Z936;Altres estats d'obertures artificials del tracte urinari
Z938;Altres estats d'obertura artificial
Z939;Estat d'obertura artificial no especificada
Z940;Estat de trasplantament de ronyó
Z941;Estat de trasplantament de cor
Z942;Estat de trasplantament de pulmó
Z943;Estat de trasplantament de cor i pulmons
Z944;Estat de trasplantament de fetge
Z945;Estat de trasplantament de pell
Z946;Estat de trasplantament ossi
Z947;Estat de trasplantament corneal
Z948;Estat d'altres òrgans i teixits trasplantats
Z949;Estat d'òrgan i teixit trasplantats no especificats
Z950;Presència de marcapassos cardíac
Z951;Presència d'empelt per a derivació aortocoronària
Z952;Presència de vàlvula cardíaca protètica
Z953;Presència de vàlvula cardíaca xenogènica
Z954;Presència de substitució d'altres vàlvules cardíaques
Z955;Presència d'implant i empelt per a angioplàstia coronària
Z958;Presència d'altres implants i empelts cardiovasculars
Z959;Presència d'implant i empelt cardiovasculars no especificats
Z960;Presència d'implants urogenitals
Z961;Presència de lent intraocular
Z962;Presència d'implants otològics i audiològics
Z963;Presència de laringe artificial
Z964;Presència d'implants endocrins
Z965;Presència d'implants mandibulars i de les arrels dentals
Z966;Presència d'implants articulars ortopèdics
Z967;Presència d'implants d'altres ossos i tendons
Z968;Presència d'altres implants funcionals especificats
Z969;Presència d'implant funcional no especificat
Z970;Presència d'ull artificial
Z971;Presència d'extremitat artificial (completa) (parcial)
Z972;Presència de dispositiu protètic dental (complet) (parcial)
Z973;Presència d'ulleres i lents de contacte
Z974;Presència d'audiòfon extern
Z975;Presència de dispositiu contraceptiu (intrauterí)
Z978;Presència d'altres dispositius especificats
Z980;Estat de derivació i anastomosi intestinals
Z981;Estat d'artròdesi
Z982;Presència de dispositiu de drenatge del líquid cefaloraquidi
Z988;Altres estats postoperatoris especificats
Z990;Dependència d'aspirador
Z991;Dependència de respirador
Z992;Dependència de diàlisi renal
Z993;Dependència de cadira de rodes
Z998;Dependència d'altres màquines i dispositius facilitadors
Z999;Dependència de màquina i dispositiu facilitador no especificats
